# Times (days),True fluxes,Noisy fluxes A (sigma=0.01),Noisy fluxes B (sigma=0.03),Noisy fluxes C (sigma=0.05),Noisy fluxes D (sigma=0.07),Noisy fluxes A (sigma=0.01) with outliers (sigma=0.1),Noisy fluxes B (sigma=0.03) with outliers (sigma=0.1),Noisy fluxes C (sigma=0.05) with outliers (sigma=0.1),Noisy fluxes D (sigma=0.07) with outliers (sigma=0.1),Noisy fluxes A (sigma=0.01) with outliers (sigma=0.3),Noisy fluxes B (sigma=0.03) with outliers (sigma=0.3),Noisy fluxes C (sigma=0.05) with outliers (sigma=0.3),Noisy fluxes D (sigma=0.07) with outliers (sigma=0.3)
0,0.752295664135967,0.7452555010237317,0.7927229444420242,0.7780701199983306,0.7893957058820235,0.7452555010237317,0.7927229444420242,0.7780701199983306,0.7893957058820235,0.7452555010237317,0.7927229444420242,0.7780701199983306,0.7893957058820235
0.00348230912476722,0.7528086188735292,0.7507928906117977,0.7656396687333599,0.7109016724332894,0.8557247443830679,0.7152149495445955,0.7656396687333599,0.7109016724332894,0.8557247443830679,0.6440590674101913,0.7656396687333599,0.7109016724332894,0.8557247443830679
0.00696461824953445,0.7541374019603497,0.7549063228961626,0.7681038559907406,0.6526539149107935,0.7679499164312337,0.7549063228961626,0.7681038559907406,0.6275602270681514,0.7679499164312337,0.7549063228961626,0.7681038559907406,0.5773728513828673,0.7679499164312337
0.01044692737430168,0.7565925270514527,0.7518539506636011,0.7214961373932165,0.7480792671471607,0.6319435488231306,0.7518539506636011,0.7214961373932165,0.7480792671471607,0.6319435488231306,0.7518539506636011,0.7214961373932165,0.7480792671471607,0.6319435488231306
0.0139292364990689,0.7596207247101704,0.758580489570272,0.7722407671235088,0.7704327457183139,0.7384233358362434,0.758580489570272,0.7722407671235088,0.7704327457183139,0.5772297001458805,0.758580489570272,0.7722407671235088,0.7704327457183139,0.25484242876515456
0.01741154562383613,0.76367279975467806,0.768938553060949,0.7336673706795084,0.7005618354846364,0.7403219029023715,0.768938553060949,0.7336673706795084,0.7005618354846364,0.803794766308416,0.768938553060949,0.7336673706795084,0.7005618354846364,0.9307404931205048
0.02089385474860335,0.7684524267037024,0.7658527824333128,0.7473672232226967,0.7356939193985438,0.7211370218089361,0.7658527824333128,0.7473672232226967,0.7356939193985438,0.7211370218089361,0.7658527824333128,0.7473672232226967,0.7356939193985438,0.7211370218089361
0.02437616387337058,0.7740573155307228,0.7718971209350661,0.8002700808370493,0.7421437261369964,0.7211415263014647,0.7718971209350661,0.8002700808370493,0.7299273662183018,0.9156752340673474,0.7718971209350661,0.8002700808370493,0.7054946463809124,1.3047426495991128
0.0278584729981378,0.7802933840481733,0.7794603347907685,0.7174010048214343,0.7920848890304031,0.7677890174685822,0.7794603347907685,0.7174010048214343,0.7920848890304031,0.7677890174685822,0.7794603347907685,0.7174010048214343,0.7920848890304031,0.7677890174685822
0.03134078212290503,0.7871479434211759,0.7808075082992098,0.8064111984949505,0.809429588012731,0.7438496736212072,0.7808075082992098,0.8064111984949505,0.809429588012731,0.7438496736212072,0.7808075082992098,0.8064111984949505,0.809429588012731,0.7438496736212072
0.03482309124767226,0.7945912401210189,0.7794867828242936,0.8218714697369067,0.7913597331806737,0.7336907595057268,0.7794867828242936,0.8218714697369067,0.7913597331806737,0.7336907595057268,0.7794867828242936,0.8218714697369067,0.7913597331806737,0.7336907595057268
0.03830540037243948,0.8027804545845115,0.8114361300629033,0.8130292166701265,0.8174506343621578,0.8738976539388035,0.8114361300629033,0.8130292166701265,0.8174506343621578,0.8738976539388035,0.8114361300629033,0.8130292166701265,0.8174506343621578,0.8738976539388035
0.04178770949720671,0.8113327980549707,0.7908685005134675,0.8306517806613221,0.7853952157704556,0.9292903148023552,0.7908685005134675,0.8306517806613221,0.7853952157704556,0.9292903148023552,0.7908685005134675,0.8306517806613221,0.7853952157704556,0.9292903148023552
0.04527001862197393,0.8203010242450826,0.8117493480754049,0.8262290077731997,0.8012174616783665,0.7327154007073791,0.8117493480754049,0.8262290077731997,0.8012174616783665,0.7327154007073791,0.8117493480754049,0.8262290077731997,0.8012174616783665,0.7327154007073791
0.04875232774674115,0.8297648551273739,0.8190882493379107,0.784334510880071,0.8519501474287567,0.852983407369818,0.8190882493379107,0.784334510880071,0.8519501474287567,0.852983407369818,0.8190882493379107,0.784334510880071,0.8519501474287567,0.852983407369818
0.05223463687150838,0.839417021772115,0.8381942834723677,0.8703523398271485,0.833243282230336,0.8492203372704441,0.8381942834723677,0.8703523398271485,0.833243282230336,0.8492203372704441,0.8381942834723677,0.8703523398271485,0.833243282230336,0.8492203372704441
0.05571694599627561,0.849387153470327,0.8471938685406982,0.8147058859302353,0.7467958777456564,0.7763605201102702,0.8471938685406982,0.8147058859302353,0.7467958777456564,0.7763605201102702,0.8471938685406982,0.8147058859302353,0.7467958777456564,0.7763605201102702
0.05919925512104283,0.8595964947307069,0.8766607764050606,0.8635719320141073,0.9019220399834637,0.7904424715943754,0.8766607764050606,0.8635719320141073,0.9019220399834637,0.7904424715943754,0.8766607764050606,0.8635719320141073,0.9019220399834637,0.7904424715943754
0.06268156424581006,0.8699164847031327,0.8782433675702441,0.8744297378633024,0.7898607927032222,0.8648680198369891,0.8782433675702441,0.8744297378633024,0.7898607927032222,0.8648680198369891,0.8782433675702441,0.8744297378633024,0.7898607927032222,0.8648680198369891
0.06616387337057729,0.8802809170033372,0.8696605179805295,0.8783615072031715,0.9338491972788,0.7829410619727575,0.8696605179805295,0.8783615072031715,0.9338491972788,0.7829410619727575,0.8696605179805295,0.8783615072031715,0.9338491972788,0.7829410619727575
0.06964618249534452,0.8906887466851114,0.8773893001094549,0.8953802492160879,0.8809807662067276,0.8554282171980678,0.8773893001094549,0.8953802492160879,0.8809807662067276,0.8554282171980678,0.8773893001094549,0.8953802492160879,0.8809807662067276,0.8554282171980678
0.07312849162011173,0.9010575707980018,0.8946871958973599,0.9088207914132196,0.9131950409966408,0.914420367300134,0.8946871958973599,0.9088207914132196,0.8962940422751584,0.914420367300134,0.8946871958973599,0.9088207914132196,0.8624920448321935,0.914420367300134
0.07661080074487896,0.9114352193129628,0.9126923679739142,0.9230773300230932,0.9256909865817644,0.7883117238798959,0.9126923679739142,0.9230773300230932,0.9256909865817644,0.7883117238798959,0.9126923679739142,0.9230773300230932,0.9256909865817644,0.7883117238798959
0.08009310986964618,0.9216988791617212,0.9272213195503696,0.9151239499652064,0.8481684094351779,0.945812054756492,0.9272213195503696,0.9151239499652064,0.8481684094351779,0.945812054756492,0.9272213195503696,0.9151239499652064,0.8481684094351779,0.945812054756492
0.08357541899441341,0.9318718572139564,0.9188483137480344,0.9476030601748524,0.9970032357862716,0.9078830150368044,0.9188483137480344,0.9476030601748524,0.9970032357862716,0.9078830150368044,0.9188483137480344,0.9476030601748524,0.9970032357862716,0.9078830150368044
0.08705772811918064,0.9417885033275528,0.9354130514457883,0.9430207996197736,0.969910704757916,0.9842789100985252,0.9354130514457883,0.9430207996197736,0.969910704757916,0.9346870055057923,0.9354130514457883,0.9430207996197736,0.969910704757916,0.8355031963203265
0.09054003724394788,0.9513667123927376,0.950575281710663,0.9986904649053194,0.9169603330987038,1.078358969818079,0.950575281710663,0.9986904649053194,0.9538207966698696,1.078358969818079,0.950575281710663,0.9986904649053194,1.027541723812201,1.078358969818079
0.09402234636871508,0.9607610371813472,0.955473736255144,0.9845327993357318,1.016891357655108,1.081535459589545,0.955473736255144,0.9845327993357318,1.1965625432172187,1.081535459589545,0.955473736255144,0.9845327993357318,1.5559049143414398,1.081535459589545
0.09750465549348232,0.9699423963063196,0.9782294506022198,1.006847102716808,0.987938624317791,0.997913160713619,0.9782294506022198,0.9560446856402327,0.987938624317791,0.997913160713619,0.9782294506022198,0.854439851487082,0.987938624317791,0.997913160713619
0.1009869646182495,0.9786155961523888,0.9647689639087974,0.978503211899052,0.950490157609441,1.102415278158507,0.9647689639087974,1.0467131615730239,0.950490157609441,1.102415278158507,0.9647689639087974,1.1831330609209676,0.950490157609441,1.102415278158507
0.1044692737430168,0.9869448934627032,0.9728826611488482,0.9939298213972272,1.040381455079318,0.9960505215769584,0.9728826611488482,0.9939298213972272,1.040381455079318,0.9960505215769584,0.9728826611488482,0.9939298213972272,1.040381455079318,0.9960505215769584
0.107951582867784,0.9947566146484226,0.9958120166707888,0.9759355358182296,0.9857910514959338,1.016108045125266,0.9958120166707888,1.0469254650437636,0.9857910514959338,1.016108045125266,0.9958120166707888,1.188905323494832,0.9857910514959338,1.016108045125266
0.1114338919925512,1.002102103530248,0.9894822877513996,1.005696086757955,0.9449203834046496,0.983815516702897,0.9894822877513996,1.005696086757955,0.9449203834046496,0.983815516702897,0.9894822877513996,1.005696086757955,0.9449203834046496,0.983815516702897
0.1149162011173184,1.008964367156371,1.009417714683536,1.016952948971274,0.9823151589048318,1.162196689015404,1.009417714683536,1.016952948971274,0.9823151589048318,1.162196689015404,1.009417714683536,1.016952948971274,0.9823151589048318,1.162196689015404
0.1183985102420857,1.01519430001729,1.041728626518752,1.005368906126728,1.033978362458668,1.164235283486687,1.041728626518752,1.005368906126728,1.069537078166461,1.164235283486687,1.041728626518752,1.005368906126728,1.140654509582047,1.164235283486687
0.1218808193668529,1.020632295604328,0.9986310123440788,1.032940111827789,0.9934898290798272,0.9343791647742368,0.9986310123440788,1.032940111827789,0.9934898290798272,0.9343791647742368,0.9986310123440788,1.032940111827789,0.9934898290798272,0.9343791647742368
0.1253631284916201,1.02536578525176,1.038903699047173,0.998259773022389,1.106386306464848,1.036756534813497,1.038903699047173,0.998259773022389,1.106386306464848,1.036756534813497,1.038903699047173,0.998259773022389,1.106386306464848,1.036756534813497
0.1288454376163873,1.029216325148245,1.029970936500721,1.077309447327019,1.003260105980596,1.12343859800378,1.029970936500721,1.077309447327019,1.003260105980596,1.12343859800378,1.029970936500721,1.077309447327019,1.003260105980596,1.12343859800378
0.1323277467411546,1.031974401636011,1.051856462344852,1.016052816444285,0.9538152697141352,0.919090495176318,1.051856462344852,1.016052816444285,0.9538152697141352,0.919090495176318,1.051856462344852,1.016052816444285,0.9538152697141352,0.919090495176318
0.1358100558659218,1.033082824852375,1.055741900876274,1.05425161148396,1.022536651746846,1.087132618461509,1.055741900876274,1.05425161148396,1.022536651746846,1.087132618461509,1.055741900876274,1.05425161148396,1.022536651746846,1.087132618461509
0.139292364990689,1.033777521439781,1.042160220358856,1.029017168925884,0.952668789752254,1.038079348703198,1.042160220358856,1.029017168925884,0.952668789752254,1.038079348703198,1.042160220358856,1.029017168925884,0.952668789752254,1.038079348703198
0.1427746741154562,1.034452225245585,1.015471392890611,1.027922176710871,0.984945374202169,0.9821807736670826,1.015471392890611,1.027922176710871,0.984945374202169,0.9821807736670826,1.015471392890611,1.027922176710871,0.984945374202169,0.9821807736670826
0.1462569832402235,1.035102147942442,1.027238734897027,1.028478033788083,1.068145916690242,0.9733561579769768,1.027238734897027,1.028478033788083,1.068145916690242,0.9733561579769768,1.027238734897027,1.028478033788083,1.068145916690242,0.9733561579769768
0.1497392923649907,1.035869834521361,1.038061101767998,1.06586658608568,1.033555068259917,0.8728759705208333,1.038061101767998,1.06586658608568,1.033555068259917,0.8728759705208333,1.038061101767998,1.06586658608568,1.033555068259917,0.8728759705208333
0.1532216014897579,1.036576635700255,1.044617126509982,1.025370859477333,1.035033114416616,1.141577297567628,1.044617126509982,1.025370859477333,1.035033114416616,1.141577297567628,1.044617126509982,1.025370859477333,1.035033114416616,1.141577297567628
0.1567039106145252,1.037375701049458,1.032881603499109,1.028233648461403,1.058293937638943,1.025239942134258,1.032881603499109,1.028233648461403,1.058293937638943,1.025239942134258,1.032881603499109,1.028233648461403,1.058293937638943,1.025239942134258
0.1601862197392924,1.0380066104884491,1.051489159248083,1.061488625599605,1.003818817547527,1.000106125545922,1.051489159248083,1.061488625599605,1.003818817547527,1.000106125545922,1.051489159248083,1.061488625599605,1.003818817547527,1.000106125545922
0.1636685288640596,1.038759672910407,1.034889210598181,1.045454160825431,1.108683046946935,0.9750391182101767,1.116162133217565,0.9803406583319982,1.108683046946935,0.9750391182101767,1.278707978456333,0.8501136533451326,1.108683046946935,0.9750391182101767
0.1671508379888268,1.039491472994445,1.05267993409379,1.046431480349433,1.000068520556682,1.025280855079276,0.9096158715838689,1.046431480349433,1.0479922464535831,1.025280855079276,0.623487746564027,1.046431480349433,1.1438396982473855,1.025280855079276
0.170633147113594,1.040336343586913,1.041559811732161,1.032698078152678,1.024704473753818,1.039237770951362,1.041559811732161,1.032698078152678,1.024704473753818,1.039237770951362,1.041559811732161,1.032698078152678,1.024704473753818,1.039237770951362
0.1741154562383613,1.04101883304537,1.050819755156171,1.023975690442782,1.049535967039396,1.04384672446039,1.050819755156171,1.0842216237176443,1.049535967039396,1.04384672446039,1.050819755156171,1.2047134902673693,1.049535967039396,1.04384672446039
0.1775977653631285,1.041868771564937,1.033500849888975,1.030735125532217,1.077004424463791,1.043098066340211,1.033500849888975,1.030735125532217,1.077004424463791,1.043098066340211,1.033500849888975,1.030735125532217,1.077004424463791,1.043098066340211
0.1810800744878957,1.042723381595722,1.041782557245374,1.044187474137537,1.06210695642907,1.017855765380125,1.041782557245374,1.044187474137537,1.06210695642907,1.017855765380125,1.041782557245374,1.044187474137537,1.06210695642907,1.017855765380125
0.1845623836126629,1.043471066833611,1.056217774856447,1.07949219255606,1.035669377433351,1.153440900787312,1.056217774856447,1.07949219255606,1.035669377433351,1.153440900787312,1.056217774856447,1.07949219255606,1.035669377433351,1.153440900787312
0.1880446927374302,1.044323551607376,1.038781960302344,1.019579762672285,1.03098693597726,1.086588440547441,1.038781960302344,1.019579762672285,1.03098693597726,1.146095347678555,1.038781960302344,1.019579762672285,1.03098693597726,1.2651091619407828
0.1915270018621974,1.045162593147891,1.055311313166193,1.086705126351155,1.116638679650694,1.164799204408913,1.055311313166193,1.1434152850949633,1.116638679650694,1.164799204408913,1.055311313166193,1.25683560258258,1.116638679650694,1.164799204408913
0.1950093109869646,1.045951825390824,1.030067649319838,1.088685188626302,1.004978610135312,1.154343209501325,1.030067649319838,1.088685188626302,1.004978610135312,1.154343209501325,1.030067649319838,1.088685188626302,1.004978610135312,1.154343209501325
0.1984916201117319,1.046735785130001,1.031331159896547,0.983845806769393,1.06587470510634,1.062950385347191,1.031331159896547,1.0058964727620034,1.06587470510634,1.062950385347191,1.031331159896547,1.0499978047472243,1.06587470510634,1.062950385347191
0.2019739292364991,1.047594602639875,1.062959485624831,1.062077868494197,1.038087513123643,1.015154450045771,1.062959485624831,1.062077868494197,1.038087513123643,1.015154450045771,1.062959485624831,1.062077868494197,1.038087513123643,1.015154450045771
0.2054562383612663,1.048447331321551,1.043443885138336,1.061225998191436,1.092257284724017,1.063816856668293,1.043443885138336,1.061225998191436,1.092257284724017,1.063816856668293,1.043443885138336,1.061225998191436,1.092257284724017,1.063816856668293
0.2089385474860335,1.049295295020932,1.048273850437307,1.076159762189482,1.076489570095117,0.9423932631783852,1.048273850437307,1.076159762189482,1.076489570095117,0.9423932631783852,1.048273850437307,1.076159762189482,1.076489570095117,0.9423932631783852
0.2124208566108008,1.050105951478041,1.059554110383564,1.066762341404219,1.060997072129614,0.9935424859536072,1.059554110383564,1.066762341404219,1.060997072129614,0.9996912300001639,1.059554110383564,1.066762341404219,1.060997072129614,1.0119887180932774
0.215903165735568,1.050907211085776,1.046122947635319,1.045017318018337,1.048096036862396,1.139344089825578,1.01212619881751,1.045017318018337,1.048096036862396,1.139344089825578,0.9441327011818919,1.045017318018337,1.048096036862396,1.139344089825578
0.2193854748603352,1.051746196450886,1.059811840118932,1.063191804085677,1.025539465266238,1.014996434288613,1.059811840118932,1.063191804085677,1.025539465266238,1.014996434288613,1.059811840118932,1.063191804085677,1.025539465266238,1.014996434288613
0.2228677839851024,1.052618681123986,1.062338406643008,1.055973287188503,1.030723771181943,1.027867953510756,1.062338406643008,1.055973287188503,1.030723771181943,1.027867953510756,1.062338406643008,1.055973287188503,1.030723771181943,1.027867953510756
0.2263500931098696,1.053493735149311,1.056560790047795,1.035550496114334,1.147587675356978,1.094952361279384,0.9699479377517365,1.035550496114334,1.147587675356978,1.079699805313536,0.7967222331596198,1.035550496114334,1.147587675356978,1.0491946933818401
0.2298324022346369,1.054203012369291,1.055933594859351,1.068233800706111,1.078863506363594,1.052153091452744,1.055933594859351,1.068233800706111,1.078863506363594,1.052153091452744,1.055933594859351,1.068233800706111,1.078863506363594,1.052153091452744
0.2333147113594041,1.055217504490278,1.051989368510146,1.072681835228056,1.070851012834224,1.118354857863794,1.051989368510146,1.072681835228056,1.070851012834224,1.118354857863794,1.051989368510146,1.072681835228056,1.070851012834224,1.118354857863794
0.2367970204841713,1.055886110994086,1.074961763647077,1.043721919329476,1.066850857155478,1.024946922560062,1.074961763647077,1.043721919329476,1.066850857155478,1.024946922560062,1.074961763647077,1.043721919329476,1.066850857155478,1.024946922560062
0.2402793296089386,1.056840608367077,1.04932540083013,1.107144094292665,1.030547866301638,1.094299762789895,1.197158846771852,1.107144094292665,1.030547866301638,1.094299762789895,1.4928257386552954,1.107144094292665,1.030547866301638,1.094299762789895
0.2437616387337058,1.057676874612067,1.064050070674376,1.085085375900065,1.130821206601483,1.062280277206047,1.064050070674376,1.085085375900065,1.130821206601483,1.062280277206047,1.064050070674376,1.085085375900065,1.130821206601483,1.062280277206047
0.247243947858473,1.058426999171761,1.051136341865684,1.118483274875024,1.058455552039216,0.9527328599808924,1.051136341865684,1.118483274875024,1.058455552039216,0.9527328599808924,1.051136341865684,1.118483274875024,1.058455552039216,0.9527328599808924
0.2507262569832402,1.059346072877655,1.05442535954377,1.093100763621841,1.101510252323874,1.126256725677191,1.05442535954377,1.093100763621841,1.101510252323874,1.126256725677191,1.05442535954377,1.093100763621841,1.101510252323874,1.126256725677191
0.2542085661080075,1.060218849586775,1.079307707490899,1.050322180282909,1.029611651925164,1.048762667899373,1.079307707490899,1.050322180282909,1.029611651925164,1.048762667899373,1.079307707490899,1.050322180282909,1.029611651925164,1.048762667899373
0.2576908752327747,1.061079139818544,1.065853493213033,1.075974229178238,1.132005906227212,1.04179577467521,0.9223622260485835,1.075974229178238,1.132005906227212,1.04179577467521,0.6353796917196846,1.075974229178238,1.132005906227212,1.04179577467521
0.2611731843575419,1.061878052726641,1.048929160883438,1.055699759187628,1.035471333140481,1.154366465021365,1.048929160883438,1.055699759187628,1.035471333140481,1.154366465021365,1.048929160883438,1.055699759187628,1.035471333140481,1.154366465021365
0.2646554934823092,1.062704485607572,1.057594420945263,1.040099634323078,1.006816008687096,1.070226490770678,1.057594420945263,1.040099634323078,1.006816008687096,1.070226490770678,1.057594420945263,1.040099634323078,1.006816008687096,1.070226490770678
0.2681378026070764,1.063527806841588,1.05598529590846,1.063575874025976,1.061780509886806,1.095091716960872,1.05598529590846,1.063575874025976,1.061780509886806,1.095091716960872,1.05598529590846,1.063575874025976,1.061780509886806,1.095091716960872
0.2716201117318436,1.064398741369436,1.07458526079814,1.118639216962814,1.113236124345117,0.9509645505313664,1.07458526079814,1.118639216962814,1.113236124345117,0.9509645505313664,1.07458526079814,1.118639216962814,1.113236124345117,0.9509645505313664
0.2751024208566108,1.065363720008756,1.055167100120239,1.098988181204822,0.9666985582041484,1.138404446215441,1.055167100120239,1.098988181204822,0.9666985582041484,1.138404446215441,1.055167100120239,1.098988181204822,0.9666985582041484,1.138404446215441
0.2785847299813781,1.066028635044094,1.067876041608002,1.114596304863285,1.060732343492286,1.109347688373066,1.067876041608002,1.114596304863285,1.060732343492286,1.109347688373066,1.067876041608002,1.114596304863285,1.060732343492286,1.109347688373066
0.2820670391061453,1.066852435728469,1.05991726132152,1.061512991659078,0.9538221253590636,1.060662970471986,1.05991726132152,1.061512991659078,1.0485546007465874,1.060662970471986,1.05991726132152,1.061512991659078,1.2380195515216346,1.060662970471986
0.2855493482309125,1.06767969383218,1.067467283942645,1.064386217860411,1.071762472925995,0.9010496925934646,1.067467283942645,1.0078931967569857,1.071762472925995,0.9010496925934646,1.067467283942645,0.8949071545501353,1.071762472925995,0.9010496925934646
0.2890316573556797,1.068519113682259,1.064721981223043,1.04479763875348,1.035564772708366,1.078901546657774,1.064721981223043,1.04479763875348,1.035564772708366,1.078901546657774,1.064721981223043,1.04479763875348,1.035564772708366,1.078901546657774
0.2925139664804469,1.069312375534223,1.086456497061798,1.05630020821357,1.11523347982777,0.9971633230037036,1.086456497061798,1.05630020821357,1.11523347982777,0.9545722028753685,1.086456497061798,1.05630020821357,1.11523347982777,0.8693899626186985
0.2959962756052142,1.069834718441841,1.057193263263487,1.049024989677068,1.032424804758111,1.138560504667235,1.057193263263487,1.049024989677068,1.032424804758111,1.138560504667235,1.057193263263487,1.049024989677068,1.032424804758111,1.138560504667235
0.2994785847299814,1.070810063022758,1.089700907366603,1.060283703309165,1.006639471250254,1.085785176394123,1.089700907366603,1.060283703309165,0.964019360960238,1.085785176394123,1.089700907366603,1.060283703309165,0.8787791403802059,1.085785176394123
0.3029608938547486,1.071644563954842,1.07382950727244,1.105604808792356,0.98865232650295,1.232660936988819,1.07382950727244,1.105604808792356,0.98865232650295,1.4046102295938143,1.07382950727244,1.105604808792356,0.98865232650295,1.7485088148038046
0.3064432029795158,1.072370952039133,1.061958773026705,1.077928089712039,1.045441843927746,1.065704686598523,1.061958773026705,1.077928089712039,1.045441843927746,1.2650289358528621,1.061958773026705,1.077928089712039,1.045441843927746,1.6636774343615404
0.309925512104283,1.072999041337185,1.068245558031498,1.091792605893184,1.057560123449157,0.9355349020579472,1.068245558031498,1.091792605893184,1.057560123449157,0.9355349020579472,1.068245558031498,1.091792605893184,1.057560123449157,0.9355349020579472
0.3134078212290503,1.073913644470386,1.064583339911333,1.022586487442233,1.138497203549952,1.061356402099284,1.064583339911333,1.022586487442233,1.138497203549952,1.061356402099284,1.064583339911333,1.022586487442233,1.138497203549952,1.061356402099284
0.3168901303538175,1.07453905208786,1.079424799072684,1.057102721944776,0.9962825156842966,1.14693784858107,1.079424799072684,1.057102721944776,0.9962825156842966,1.14693784858107,1.079424799072684,1.057102721944776,0.9962825156842966,1.14693784858107
0.3203724394785847,1.075392859590405,1.087149374970807,1.084285952448651,1.000741138648201,0.9538839813279536,1.087149374970807,1.084285952448651,1.000741138648201,0.9538839813279536,1.087149374970807,1.084285952448651,1.000741138648201,0.9538839813279536
0.3238547486033519,1.076047199458231,1.066108378660209,1.048891812561965,1.085284765166922,0.9471099622842882,1.066108378660209,1.048891812561965,1.085284765166922,0.9932665716653732,1.066108378660209,1.048891812561965,1.085284765166922,1.0855797904275435
0.3273370577281192,1.076687243139869,1.065731440370019,1.09179428926476,1.045790359616429,0.949604254873923,1.065731440370019,1.09179428926476,1.045790359616429,0.8993201096788491,1.065731440370019,1.09179428926476,1.045790359616429,0.7987518192887015
0.3308193668528864,1.077425152568704,1.074819082536218,1.06427427452545,1.05938238469538,1.141850872285339,1.074819082536218,1.06427427452545,1.05938238469538,1.141850872285339,1.074819082536218,1.06427427452545,1.05938238469538,1.141850872285339
0.3343016759776536,1.078051140716132,1.08432863517682,1.08493397660573,1.095080755353976,1.175961649769917,1.08432863517682,1.0098709217420916,1.095080755353976,1.175961649769917,1.08432863517682,0.859744812014815,1.095080755353976,1.175961649769917
0.3377839851024209,1.078864070474057,1.109442964042204,1.080186917218458,1.065184219509761,1.107943146624623,1.109442964042204,1.080186917218458,0.9902391486346217,1.107943146624623,1.109442964042204,1.080186917218458,0.8403490068843431,1.107943146624623
0.3412662942271881,1.079383952574676,1.079094558887151,1.054801605030926,1.132417755260609,1.075092508621847,1.079094558887151,1.054801605030926,1.132417755260609,1.075092508621847,1.079094558887151,1.054801605030926,1.132417755260609,1.075092508621847
0.3447486033519553,1.080060179699941,1.083046224257033,1.037852684301052,1.047475300055783,1.108649751921412,1.083046224257033,1.037852684301052,1.047475300055783,1.1569323113084096,1.083046224257033,1.037852684301052,1.047475300055783,1.2534974300824049
0.3482309124767226,1.080822346084115,1.085772745574568,1.047688744659741,1.162104355166438,1.122792549351445,1.1766990821138437,1.047688744659741,1.1940033950631237,1.122792549351445,1.3585517551923947,1.047688744659741,1.2578014748564952,1.122792549351445
0.3517132216014898,1.081431573932599,1.073397203808415,1.069004739867653,1.095562188018854,1.112712773491655,1.073397203808415,1.069004739867653,1.095562188018854,1.112712773491655,1.073397203808415,1.069004739867653,1.095562188018854,1.112712773491655
0.355195530726257,1.082029018741235,1.070630971733792,1.033524384638158,1.154729344665085,1.029087802601701,1.070630971733792,1.033524384638158,1.154729344665085,1.029087802601701,1.070630971733792,1.033524384638158,1.154729344665085,1.029087802601701
0.3586778398510242,1.082615043259086,1.078408201305418,1.066259529122516,1.10632021249932,1.036777419003561,1.078408201305418,1.066259529122516,1.10632021249932,1.036777419003561,1.078408201305418,1.066259529122516,1.10632021249932,1.036777419003561
0.3621601489757915,1.083152654668487,1.085284575566339,1.064192482773238,1.055235052271096,1.076906225113963,1.038577052444753,1.064192482773238,1.055235052271096,1.076906225113963,0.9451620062015815,1.064192482773238,1.055235052271096,1.076906225113963
0.3656424581005587,1.083765839750552,1.071327860587766,1.129625974761178,1.100947591986293,1.113507294518397,1.071327860587766,1.129625974761178,1.100947591986293,1.113507294518397,1.071327860587766,1.129625974761178,1.100947591986293,1.113507294518397
0.3691247672253259,1.084233918135363,1.073753510476972,1.059442624037066,1.060174409556006,1.049030707877641,1.073753510476972,1.059442624037066,1.060174409556006,1.049030707877641,1.073753510476972,1.059442624037066,1.060174409556006,1.049030707877641
0.3726070763500931,1.084916982450106,1.106129430344245,1.126531103355207,1.048057653503703,1.101609365165665,1.106129430344245,1.126531103355207,1.0056447406168139,1.101609365165665,1.106129430344245,1.126531103355207,0.9208189148430359,1.101609365165665
0.3760893854748604,1.085191696188738,1.083833404983119,1.093162662314101,1.08341301095562,1.116514198723696,1.083833404983119,1.1136688561374215,1.08341301095562,1.116514198723696,1.083833404983119,1.1546812437840626,1.08341301095562,1.116514198723696
0.3795716945996276,1.085767314466199,1.077644745784301,1.061794526454797,1.127971059151939,1.050254511846665,1.077644745784301,1.061794526454797,1.127971059151939,1.050254511846665,1.077644745784301,1.061794526454797,1.127971059151939,1.050254511846665
0.3830540037243948,1.086300721391922,1.095018328425349,1.087805424411025,1.142419497205394,1.050573258342814,1.095018328425349,1.087805424411025,1.142419497205394,1.050573258342814,1.095018328425349,1.087805424411025,1.142419497205394,1.050573258342814
0.386536312849162,1.086819526581966,1.072607238436863,1.117103007995796,1.116928161751517,1.101631039037008,1.072607238436863,1.117103007995796,1.116928161751517,1.101631039037008,1.072607238436863,1.117103007995796,1.116928161751517,1.101631039037008
0.3900186219739292,1.087286376445513,1.096786392083849,1.064418069939247,1.078592456169087,1.045069729592994,1.096786392083849,1.064418069939247,1.078592456169087,1.045069729592994,1.096786392083849,1.064418069939247,1.078592456169087,1.045069729592994
0.3935009310986965,1.087701666678937,1.092050777943507,1.089387943764353,1.104157329563193,1.198771157157885,1.092050777943507,1.089387943764353,1.104157329563193,1.198771157157885,1.092050777943507,1.089387943764353,1.104157329563193,1.198771157157885
0.3969832402234637,1.08814551192955,1.092060097999024,1.102320060957702,0.9829010912223513,1.05212448060393,1.092060097999024,1.102320060957702,0.9829010912223513,1.05212448060393,1.092060097999024,1.102320060957702,0.9829010912223513,1.05212448060393
0.4004655493482309,1.088464822063528,1.081698274205513,1.083975441901613,1.224043560708165,1.135633200260232,1.2285813103893046,1.083975441901613,1.224043560708165,1.135633200260232,1.5223473827568874,1.083975441901613,1.224043560708165,1.135633200260232
0.4039478584729981,1.088849394170446,1.097616755170396,1.053045005516553,0.973533274206335,1.14256995658976,1.097616755170396,1.053045005516553,0.973533274206335,1.14256995658976,1.097616755170396,1.053045005516553,0.973533274206335,1.14256995658976
0.4074301675977654,1.089308416578734,1.081152134081643,1.127039890993445,1.053917908302641,1.179789264857612,1.081152134081643,1.127039890993445,1.053917908302641,1.179789264857612,1.081152134081643,1.127039890993445,1.053917908302641,1.179789264857612
0.4109124767225326,1.089600628918374,1.08325796245469,1.051724285261726,1.109298987708213,1.044572418001935,1.08325796245469,1.051724285261726,1.109298987708213,1.044572418001935,1.08325796245469,1.051724285261726,1.109298987708213,1.044572418001935
0.4143947858472998,1.090049326389547,1.080863395271254,1.027559944653288,1.13116264968231,1.093368489649853,1.080863395271254,1.027559944653288,1.13116264968231,1.093368489649853,1.080863395271254,1.027559944653288,1.13116264968231,1.093368489649853
0.417877094972067,1.090408999837458,1.087076076995912,1.084811018062933,1.039702920505204,1.058303247943417,1.087076076995912,1.084811018062933,1.039702920505204,1.058303247943417,1.087076076995912,1.084811018062933,1.039702920505204,1.058303247943417
0.4213594040968343,1.090696792261066,1.099170137608769,1.064684533215052,1.075270220661126,1.167410579699182,1.0782327341145848,1.064684533215052,1.075270220661126,1.167410579699182,1.0363579271262162,1.064684533215052,1.075270220661126,1.167410579699182
0.4248417132216015,1.090957215329048,1.080358922615521,1.140596683590437,1.169129039350228,1.095361056098219,1.080358922615521,1.140596683590437,1.02260740366594,1.095361056098219,1.080358922615521,1.140596683590437,0.7295641322973643,1.095361056098219
0.4283240223463687,1.091236948166157,1.077775219627433,1.049833375862657,1.0618638566324199,1.085763734187151,1.077775219627433,1.049833375862657,1.0618638566324199,0.949161192328612,1.077775219627433,1.049833375862657,1.0618638566324199,0.6759561086115338
0.431806331471136,1.091468892518383,1.095540463432118,1.069249851641524,1.038608426345984,1.033696950869064,1.095540463432118,1.069249851641524,1.038608426345984,1.033696950869064,1.095540463432118,1.069249851641524,1.038608426345984,1.033696950869064
0.4352886405959032,1.091693890442385,1.101244705269208,1.07995176838844,1.014907892530966,1.065323946807517,1.101244705269208,1.07995176838844,1.014907892530966,1.065323946807517,1.101244705269208,1.07995176838844,1.014907892530966,1.065323946807517
0.4387709497206704,1.091967428875434,1.094705713870711,1.091128059614742,1.012369081921035,0.8451421031041199,1.094705713870711,1.091128059614742,1.012369081921035,0.8451421031041199,1.094705713870711,1.091128059614742,1.012369081921035,0.8451421031041199
0.4422532588454376,1.092137634089784,1.101214941004943,1.072370811852784,1.05894167630322,1.154731113260707,1.083882178722742,1.072370811852784,1.05894167630322,1.154731113260707,1.0492166541583399,1.072370811852784,1.05894167630322,1.154731113260707
0.4457355679702049,1.092333625696849,1.07924148951403,1.110309194629206,1.021592449522594,1.21317960904929,1.07924148951403,1.110309194629206,1.021592449522594,1.21317960904929,1.07924148951403,1.110309194629206,1.021592449522594,1.21317960904929
0.4492178770949721,1.092486963020024,1.081806193103819,1.061791341721301,1.091827691354137,1.038896272979618,1.081806193103819,1.061791341721301,1.091827691354137,1.038896272979618,1.081806193103819,1.061791341721301,1.091827691354137,1.038896272979618
0.4527001862197393,1.09264266855217,1.091100999617064,1.045979247555301,1.173438551862142,1.109525563322538,1.091100999617064,1.045979247555301,1.173438551862142,1.109525563322538,1.091100999617064,1.045979247555301,1.173438551862142,1.109525563322538
0.4561824953445066,1.092768672520792,1.107377800983196,1.1417342983197,1.132379704274334,1.162527715111931,1.107377800983196,1.1417342983197,0.9900502653245731,1.162527715111931,1.107377800983196,1.1417342983197,0.7053913874250515,1.162527715111931
0.4596648044692738,1.092971582713866,1.078712283733394,1.065721627710365,1.10758337672003,1.210065818571198,1.1474937916254868,1.065721627710365,1.105608471162993,1.210065818571198,1.2850568074096727,1.065721627710365,1.1016586600489187,1.210065818571198
0.463147113594041,1.092952271324685,1.095882989647331,1.047604428508765,1.168265709263238,1.237030301393683,1.095882989647331,1.047604428508765,1.168265709263238,1.237030301393683,1.095882989647331,1.047604428508765,1.168265709263238,1.237030301393683
0.4666294227188082,1.09315266665071,1.078281677947042,1.087955883482565,1.054956189183265,1.168089945892878,1.078281677947042,1.087955883482565,1.054956189183265,1.168089945892878,1.078281677947042,1.087955883482565,1.054956189183265,1.168089945892878
0.4701117318435755,1.093223238123231,1.095192731962263,1.094452644102367,1.042688083958159,1.059409567885067,1.095192731962263,1.094452644102367,1.042688083958159,1.059409567885067,1.095192731962263,1.094452644102367,1.042688083958159,1.059409567885067
0.4735940409683427,1.093305937683956,1.101776802992669,1.059797516921365,1.071627631694938,1.069689647773946,1.101776802992669,0.9955501352894464,1.071627631694938,1.069689647773946,1.101776802992669,0.8670553720256092,1.071627631694938,1.069689647773946
0.4770763500931099,1.093296350329337,1.088523804781535,1.064331641446115,0.9862745332141448,1.270773568139969,1.088523804781535,1.064331641446115,0.9862745332141448,1.270773568139969,1.088523804781535,1.064331641446115,0.9862745332141448,1.270773568139969
0.4805586592178771,1.093242107491368,1.09727055321763,1.111696662888974,0.9914113760397318,1.135901330359736,1.09727055321763,1.111696662888974,0.9914113760397318,1.135901330359736,1.09727055321763,1.111696662888974,0.9914113760397318,1.135901330359736
0.4840409683426443,1.093202110487122,1.076755555045884,1.088577314807526,1.194627983069064,1.106132270300255,1.076755555045884,1.088577314807526,1.194627983069064,1.106132270300255,1.076755555045884,1.088577314807526,1.194627983069064,1.106132270300255
0.4875232774674116,1.093138183873702,1.101204012679983,1.073408647392709,1.147962734268548,1.133051693694798,1.101204012679983,1.0317170900364065,1.147962734268548,1.133051693694798,1.101204012679983,0.9483339753238015,1.147962734268548,1.133051693694798
0.4910055865921788,1.093101757112696,1.086171253310555,1.136673803937823,1.059400097770222,1.032629413944573,1.086171253310555,1.136673803937823,1.059400097770222,1.032629413944573,1.086171253310555,1.136673803937823,1.059400097770222,1.032629413944573
0.494487895716946,1.093155817784056,1.087426310805565,1.083075521331041,1.197354377830845,1.050771292137966,1.087426310805565,1.083075521331041,1.197354377830845,0.9649994359629472,1.087426310805565,1.083075521331041,1.197354377830845,0.7934557236129101
0.4979702048417132,1.093042330019513,1.09904790809357,1.087851159998213,1.078459547835054,1.081908743637163,1.09904790809357,1.087851159998213,1.008092821143513,1.081908743637163,1.09904790809357,1.087851159998213,0.8673593677604307,1.081908743637163
0.5014525139664805,1.092997627601675,1.112236903436508,1.095488186570038,1.055534982134593,1.042309035864672,1.112236903436508,1.095488186570038,1.055534982134593,1.042309035864672,1.112236903436508,1.095488186570038,1.055534982134593,1.042309035864672
0.5049348230912477,1.0928525448056161,1.089073819974376,1.127895306804281,1.047216231069042,1.146980118437954,1.089073819974376,1.127895306804281,1.047216231069042,1.146980118437954,1.089073819974376,1.127895306804281,1.047216231069042,1.146980118437954
0.5084171322160149,1.092687861971746,1.101243207706225,1.057435878655842,1.14244293345706,1.120438943748009,1.101243207706225,1.057435878655842,1.14244293345706,1.120438943748009,1.101243207706225,1.057435878655842,1.14244293345706,1.120438943748009
0.5118994413407821,1.092556946602013,1.096944754024833,1.115756138671563,1.075829002355549,1.020180565986669,1.1143446871320808,1.115756138671563,1.075829002355549,1.020180565986669,1.1491445533465765,1.115756138671563,1.075829002355549,1.020180565986669
0.5153817504655493,1.092394641351979,1.095385840280262,1.093019989971233,1.099480818773464,1.076683618997026,1.110600979887448,1.093019989971233,1.099480818773464,1.076683618997026,1.1410312591018203,1.093019989971233,1.099480818773464,1.076683618997026
0.5188640595903166,1.092214266604684,1.070684765602956,1.110623754963384,1.101175385832617,0.9720809274965856,1.070684765602956,1.110623754963384,1.101175385832617,0.9720809274965856,1.070684765602956,1.110623754963384,1.101175385832617,0.9720809274965856
0.5223463687150838,1.092028508161936,1.090156236151786,1.137778047250419,1.053717547065402,1.102869984080784,1.090156236151786,1.137778047250419,1.053717547065402,1.102869984080784,1.090156236151786,1.137778047250419,1.053717547065402,1.102869984080784
0.5258286778398511,1.091826033046138,1.086425182494465,1.108851098573823,1.075571535566999,1.183321585056247,1.086425182494465,1.108851098573823,1.075571535566999,1.183321585056247,1.086425182494465,1.108851098573823,1.075571535566999,1.183321585056247
0.5293109869646183,1.091583411834599,1.095380605490662,1.086601504924699,1.048941916556331,1.035078153024235,1.095380605490662,1.086601504924699,1.048941916556331,1.035078153024235,1.095380605490662,1.086601504924699,1.048941916556331,1.035078153024235
0.5327932960893855,1.091414197258473,1.101623732759682,1.080350575268349,1.10504309951456,1.0461459434112,1.101623732759682,0.9729684622931225,1.10504309951456,1.0461459434112,1.101623732759682,0.7582042363426693,1.10504309951456,1.0461459434112
0.5362756052141527,1.091155347460609,1.101158056532263,1.083931850056823,1.102360910440728,1.094475700229622,1.101158056532263,1.083931850056823,1.1044086769114396,1.094475700229622,1.101158056532263,1.083931850056823,1.1085042098528628,1.094475700229622
0.53975791433892,1.090964734939006,1.091971953694993,1.083606211376408,1.099632481968111,0.9280945343374174,1.069724544950049,1.083606211376408,1.099632481968111,0.9280945343374174,1.0252297274601607,1.083606211376408,1.099632481968111,0.9280945343374174
0.5432402234636872,1.090642336330084,1.093916865025644,1.148032689422087,0.987241773889144,1.219755403451094,1.093916865025644,1.148032689422087,0.987241773889144,1.219755403451094,1.093916865025644,1.148032689422087,0.987241773889144,1.219755403451094
0.5467225325884544,1.09035187212028,1.095524558731671,1.066496293330973,1.021797657762878,1.116690052382274,1.095524558731671,1.066496293330973,1.021797657762878,1.116690052382274,1.095524558731671,1.066496293330973,1.021797657762878,1.116690052382274
0.5502048417132216,1.090006819201542,1.102147794308138,1.058506406718442,1.139476022751024,1.070751998666196,1.102147794308138,1.058506406718442,1.139476022751024,1.070751998666196,1.102147794308138,1.058506406718442,1.139476022751024,1.070751998666196
0.5536871508379888,1.089817926118196,1.113541665459959,1.12843081415954,1.110920862670775,1.149515353548,1.1090944734208137,1.12843081415954,1.110920862670775,1.149515353548,1.1002000893425228,1.12843081415954,1.110920862670775,1.149515353548
0.5571694599627561,1.089397155682908,1.089837373441112,1.087164671675557,1.103153265088618,1.134076763225266,1.089837373441112,1.087164671675557,1.103153265088618,1.134076763225266,1.089837373441112,1.087164671675557,1.103153265088618,1.134076763225266
0.5606517690875233,1.089051301640427,1.075096603478269,1.060275216150392,1.104126284451813,1.150105257990543,1.075096603478269,1.060275216150392,1.104126284451813,1.150105257990543,1.075096603478269,1.060275216150392,1.104126284451813,1.150105257990543
0.5641340782122906,1.08864366618349,1.090258585870729,1.068465265107432,1.124769436593332,1.065418879473361,1.090258585870729,1.068465265107432,1.124769436593332,1.1531719778702647,1.090258585870729,1.068465265107432,1.124769436593332,1.3286781746640717
0.5676163873370578,1.0883919042165069,1.104607248812466,1.06388918095456,1.155845335976758,1.115658973797109,1.104607248812466,1.06388918095456,1.155845335976758,1.115658973797109,1.104607248812466,1.06388918095456,1.155845335976758,1.115658973797109
0.571098696461825,1.088035971995926,1.084071199007916,1.0936835791018,1.072478658498678,1.090954841472285,1.0852882510044255,1.0936835791018,1.072478658498678,1.090954841472285,1.0877223549974449,1.0936835791018,1.072478658498678,1.090954841472285
0.5745810055865922,1.087588636385503,1.081190496213401,1.04487187104177,0.9775340807414528,1.035827903596059,1.081190496213401,1.04487187104177,0.9775340807414528,1.035827903596059,1.081190496213401,1.04487187104177,0.9775340807414528,1.035827903596059
0.5780633147113594,1.08718849717832,1.098917452960408,1.075426687794175,1.125412929493838,1.122017025824417,1.098917452960408,1.075426687794175,1.2194652908066779,1.122017025824417,1.098917452960408,1.075426687794175,1.4075700134323577,1.122017025824417
0.5815456238361266,1.086765453595328,1.082237670976274,1.084101538591926,1.067926568685819,1.074905835934042,1.082237670976274,1.084101538591926,1.067926568685819,1.074905835934042,1.082237670976274,1.084101538591926,1.067926568685819,1.074905835934042
0.5850279329608938,1.086320737266871,1.085916359642749,1.088849374605257,1.13524056370858,1.044098809714642,1.085916359642749,1.088849374605257,1.13524056370858,1.044098809714642,1.085916359642749,1.088849374605257,1.13524056370858,1.044098809714642
0.588510242085661,1.085934217042362,1.084552924704046,1.136492930829615,1.021776397400273,1.022516000645569,1.084552924704046,1.136492930829615,1.021776397400273,1.022516000645569,1.084552924704046,1.136492930829615,1.021776397400273,1.022516000645569
0.5919925512104284,1.08549442062187,1.067224382027205,1.092997364403218,1.169389345695961,1.067842403839139,1.067224382027205,1.092997364403218,1.169389345695961,1.067842403839139,1.067224382027205,1.092997364403218,1.169389345695961,1.067842403839139
0.5954748603351956,1.085079362346649,1.076953815333823,1.137612493091742,1.098756896270072,1.071321412337688,1.1698070854480882,1.137612493091742,1.098756896270072,1.071321412337688,1.3555136256766187,1.137612493091742,1.098756896270072,1.071321412337688
0.5989571694599628,1.084592304597972,1.100125812421202,1.104135944502494,1.122769355262503,1.050574074203808,1.100125812421202,1.104135944502494,1.122769355262503,1.050574074203808,1.100125812421202,1.104135944502494,1.122769355262503,1.050574074203808
0.60243947858473,1.08417566926151,1.082284141911115,1.056218725534143,1.060042149933424,1.151236183856634,1.082284141911115,1.056218725534143,1.060042149933424,1.151236183856634,1.082284141911115,1.056218725534143,1.060042149933424,1.151236183856634
0.6059217877094972,1.083664962432512,1.079920034559859,1.095521997835005,1.030959788442627,1.02653995509669,1.079920034559859,1.095521997835005,1.030959788442627,1.02653995509669,1.079920034559859,1.095521997835005,1.030959788442627,1.02653995509669
0.6094040968342644,1.083166029963938,1.068697411799815,1.111177192412963,1.066170165249147,1.034578676217367,1.068697411799815,1.111177192412963,1.066170165249147,1.034578676217367,1.068697411799815,1.111177192412963,1.066170165249147,1.034578676217367
0.6128864059590317,1.08271547720797,1.079660415351003,1.093203217026069,1.106127175071292,1.071965407172852,1.079660415351003,1.093203217026069,1.106127175071292,1.071965407172852,1.079660415351003,1.093203217026069,1.106127175071292,1.071965407172852
0.6163687150837989,1.082198804827307,1.085459520565057,1.118995087768194,1.040987738357551,1.147393357562098,1.085459520565057,1.118995087768194,1.040987738357551,1.147393357562098,1.085459520565057,1.118995087768194,1.040987738357551,1.147393357562098
0.6198510242085661,1.081716503736666,1.079177562760959,1.124998890465642,1.075925882092899,1.161718888111057,1.079177562760959,1.124998890465642,1.075925882092899,1.161718888111057,1.079177562760959,1.124998890465642,1.075925882092899,1.161718888111057
0.6233333333333334,1.081176796952443,1.079114368248141,1.064616296894306,1.193598469374022,1.16982830919484,1.079114368248141,1.064616296894306,1.2560038164213034,1.16982830919484,1.079114368248141,1.064616296894306,1.3808145105158662,1.16982830919484
0.6268156424581006,1.080566798597362,1.08831289801373,1.021955558646936,1.065662400981909,1.07360534138375,1.08831289801373,1.021955558646936,1.065662400981909,1.07360534138375,1.08831289801373,1.021955558646936,1.065662400981909,1.07360534138375
0.6302979515828678,1.080092026136367,1.078203385310155,1.095186743847917,1.056262317726644,1.06823698335088,1.078203385310155,1.095186743847917,1.056262317726644,1.06823698335088,1.078203385310155,1.095186743847917,1.056262317726644,1.06823698335088
0.633780260707635,1.079560223777956,1.07073891623587,1.051280780264023,1.097763631219556,1.098623549706172,1.07073891623587,1.051280780264023,1.097763631219556,1.098623549706172,1.07073891623587,1.051280780264023,1.097763631219556,1.098623549706172
0.6372625698324023,1.078982693171965,1.068719673889948,1.075105608388622,1.035419504167242,1.166192160711503,1.068719673889948,1.160191670751766,1.035419504167242,1.166192160711503,1.068719673889948,1.3303637954780543,1.035419504167242,1.166192160711503
0.6407448789571695,1.07842075902711,1.069958972406581,1.071153088853621,1.104318146626515,1.107212053523031,1.069958972406581,1.013615513096567,1.104318146626515,1.107212053523031,1.069958972406581,0.8985403615824588,1.104318146626515,1.107212053523031
0.6442271880819367,1.07785048554091,1.074049013797308,1.043275990102707,1.014162599733856,1.123784048578644,1.0939535565699632,1.043275990102707,1.014162599733856,1.123784048578644,1.1337626421152738,1.043275990102707,1.014162599733856,1.123784048578644
0.6477094972067039,1.077299367566032,1.098256801552534,1.042852287922208,1.122847192680013,1.110339381090391,1.098256801552534,1.042852287922208,1.122847192680013,1.110339381090391,1.098256801552534,1.042852287922208,1.122847192680013,1.110339381090391
0.6511918063314711,1.076686865664814,1.080611559493591,1.052037573565218,1.091984608148082,1.225417230178902,1.080611559493591,1.021319587089986,1.091984608148082,1.225417230178902,1.080611559493591,0.959883614139522,1.091984608148082,1.225417230178902
0.6546741154562384,1.076218155743071,1.059761941083334,1.090994590662601,1.114439814238617,0.970221466335458,1.059761941083334,1.090994590662601,1.114439814238617,0.970221466335458,1.059761941083334,1.090994590662601,1.114439814238617,0.970221466335458
0.6581564245810057,1.075685308644871,1.078919262838718,1.080732311635635,1.013189223499541,0.9822821377621072,1.078919262838718,1.080732311635635,1.013189223499541,0.9822821377621072,1.078919262838718,1.080732311635635,1.013189223499541,0.9822821377621072
0.6616387337057729,1.075131675533105,1.072411208724223,1.06767545507118,1.032974820047351,1.189266064046622,1.072411208724223,1.06767545507118,1.032974820047351,1.189266064046622,1.072411208724223,1.06767545507118,1.032974820047351,1.189266064046622
0.6651210428305401,1.074557446566918,1.073617276735639,1.133028773543008,1.107383892689488,1.052413318951737,1.073617276735639,1.133028773543008,1.107383892689488,1.052413318951737,1.073617276735639,1.133028773543008,1.107383892689488,1.052413318951737
0.6686033519553073,1.073925940382983,1.061051128924089,1.097440285942836,1.11568701528467,1.000772423154978,1.061051128924089,1.097440285942836,1.145636082980542,1.000772423154978,1.061051128924089,1.097440285942836,1.205534218372286,1.000772423154978
0.6720856610800745,1.073449732700021,1.064739256613885,1.10180333594017,1.013680469286897,1.079709074271792,1.064739256613885,1.10180333594017,1.013680469286897,1.079709074271792,1.064739256613885,1.10180333594017,1.013680469286897,1.079709074271792
0.6755679702048417,1.072806484122089,1.080911172928907,1.100887171388301,1.066603874268549,1.191208829021286,1.080911172928907,1.100887171388301,1.066603874268549,1.191208829021286,1.080911172928907,1.100887171388301,1.066603874268549,1.191208829021286
0.6790502793296089,1.07224331555729,1.058396375951697,1.051759089709435,1.103704904449315,1.055866358148777,1.058396375951697,1.051759089709435,1.103704904449315,1.055866358148777,1.058396375951697,1.051759089709435,1.103704904449315,1.055866358148777
0.6825325884543761,1.071695736996165,1.073395001934694,1.10061196535968,1.081945277313023,1.102050659237839,1.073395001934694,1.10061196535968,1.081945277313023,1.102050659237839,1.073395001934694,1.10061196535968,1.081945277313023,1.102050659237839
0.6860148975791435,1.070855754446876,1.081254124470147,1.051363657640105,1.12655939212043,1.104158147415709,1.081254124470147,0.9473128577767758,1.136338552299482,1.104158147415709,1.081254124470147,0.7392112580501173,1.155896872657586,1.104158147415709
0.6894972067039107,1.070449995119717,1.086854033675328,1.114830222986987,1.033226396692681,1.057903723042236,1.086854033675328,1.114830222986987,1.033226396692681,1.057903723042236,1.086854033675328,1.114830222986987,1.033226396692681,1.057903723042236
0.6929795158286779,1.069964783415741,1.062782055266367,1.087041521655875,0.9889598566208632,1.093562561566171,1.062782055266367,1.087041521655875,0.9889598566208632,1.093562561566171,1.062782055266367,1.087041521655875,0.9889598566208632,1.093562561566171
0.6964618249534451,1.069347551401505,1.055772922618496,1.061774026313214,1.092027054684209,1.117984215886375,1.055772922618496,1.061774026313214,1.092027054684209,1.117984215886375,1.055772922618496,1.061774026313214,1.092027054684209,1.117984215886375
0.6999441340782123,1.068885561907717,1.047239535841662,1.049403398566724,1.045592538244823,1.082150571892418,1.047239535841662,1.0552139825408013,1.045592538244823,1.082150571892418,1.047239535841662,1.0668351504889562,1.045592538244823,1.082150571892418
0.7034264432029795,1.068155881792304,1.061367279831918,1.081098757533667,1.1091250851071,1.010061431089523,1.061367279831918,1.081098757533667,1.1091250851071,1.010061431089523,1.061367279831918,1.081098757533667,1.1091250851071,1.010061431089523
0.7069087523277467,1.067623514386812,1.053142511036746,1.137873090308977,1.119149272772568,1.091043840914534,1.053142511036746,1.137873090308977,1.119149272772568,1.091043840914534,1.053142511036746,1.137873090308977,1.119149272772568,1.091043840914534
0.710391061452514,1.067014438336042,1.063710800155781,1.09072920766361,1.152364191742328,1.125496601835696,1.063710800155781,1.09072920766361,1.152364191742328,1.125496601835696,1.063710800155781,1.09072920766361,1.152364191742328,1.125496601835696
0.7138733705772812,1.066540074995868,1.055585497614692,1.082226315298958,1.045529419675148,1.067273313560752,1.055585497614692,1.082226315298958,1.045529419675148,0.9148098595977687,1.055585497614692,1.082226315298958,1.045529419675148,0.6098829516718023
0.7173556797020485,1.065919913015924,1.071218600682259,1.074517510521114,1.080192370048448,1.11039548180471,1.071218600682259,1.074517510521114,1.080192370048448,1.11039548180471,1.071218600682259,1.074517510521114,1.080192370048448,1.11039548180471
0.7208379888268157,1.065410990042172,1.067085715086164,1.094606577160566,0.997326549586713,1.115111812948021,1.067085715086164,1.094606577160566,0.997326549586713,1.115111812948021,1.067085715086164,1.094606577160566,0.997326549586713,1.115111812948021
0.7243202979515829,1.064882427466452,1.065593405563896,1.054226322919226,1.074138452966261,1.045444671945989,1.065593405563896,1.054226322919226,1.074138452966261,1.045444671945989,1.065593405563896,1.054226322919226,1.074138452966261,1.045444671945989
0.7278026070763501,1.064321079348966,1.063967575531073,1.070117036048496,1.066168900512259,1.183771966625022,1.063967575531073,1.070117036048496,1.066168900512259,1.183771966625022,1.063967575531073,1.070117036048496,1.066168900512259,1.183771966625022
0.7312849162011174,1.063651138352671,1.058044660546263,1.095272709328662,0.9852568581223828,1.089919510939333,1.086573262403495,1.095272709328662,0.9852568581223828,1.089919510939333,1.1436304661179586,1.095272709328662,0.9852568581223828,1.089919510939333
0.7347672253258846,1.063049923286746,1.065882797396688,1.084688316178898,0.9703578861674532,1.06044331109536,1.065882797396688,1.084688316178898,0.9703578861674532,1.06044331109536,1.065882797396688,1.084688316178898,0.9703578861674532,1.06044331109536
0.7382495344506518,1.062533112931205,1.070557420651129,1.049515769196571,0.9565520996018984,1.010835785415166,1.070557420651129,1.049515769196571,0.9565520996018984,1.010835785415166,1.070557420651129,1.049515769196571,0.9565520996018984,1.010835785415166
0.741731843575419,1.062042332528513,1.067634317565011,1.052826877984043,1.102339667044952,1.046312041385413,0.9320400377188619,1.052826877984043,1.102339667044952,1.046312041385413,0.6608514780265637,1.052826877984043,1.102339667044952,1.046312041385413
0.7452141527001862,1.061421756356218,1.056413719209099,1.095075460865167,1.103577655628314,0.9927040668468288,1.0396355315552432,1.095075460865167,1.103577655628314,0.9927040668468288,1.0060791562475315,1.095075460865167,1.103577655628314,0.9927040668468288
0.7486964618249535,1.060872023145586,1.051976042174395,1.030054293169242,1.078660185466093,1.071738889476216,1.051976042174395,1.030054293169242,1.078660185466093,1.071738889476216,1.051976042174395,1.030054293169242,1.078660185466093,1.071738889476216
0.7521787709497207,1.060279243122515,1.03917107676892,1.000495631057313,1.031516841907813,1.112072020383818,1.03917107676892,1.000495631057313,1.031516841907813,1.112072020383818,1.03917107676892,1.000495631057313,1.031516841907813,1.112072020383818
0.755661080074488,1.059785988900512,1.05741767019634,1.109843812035116,1.155340828587416,1.058722765523734,1.05741767019634,1.109843812035116,1.155340828587416,1.058722765523734,1.05741767019634,1.109843812035116,1.155340828587416,1.058722765523734
0.7591433891992552,1.059227889851843,1.04414267622657,1.067520148149323,1.144529252887032,1.144233521520176,1.04414267622657,1.067520148149323,1.144529252887032,1.144233521520176,1.04414267622657,1.067520148149323,1.144529252887032,1.144233521520176
0.7626256983240224,1.058709841924351,1.060990601377429,1.075237574971855,1.075702048586759,1.068532453683992,1.060990601377429,1.075237574971855,1.075702048586759,1.068532453683992,1.060990601377429,1.075237574971855,1.075702048586759,1.068532453683992
0.7661080074487896,1.058160021585373,1.050372794732584,1.015729161340698,1.121496466417689,1.074194596207619,1.050372794732584,0.9600211236719359,1.121496466417689,1.074194596207619,1.050372794732584,0.8486050483344119,1.121496466417689,1.074194596207619
0.7695903165735568,1.05764922832703,1.053804822994195,1.058073711622957,1.094435499057316,1.029874547609887,1.053804822994195,0.9323288574492776,1.094435499057316,1.029874547609887,1.053804822994195,0.6808391491019188,1.094435499057316,1.029874547609887
0.773072625698324,1.057212463776884,1.056707367574556,1.063640134476713,1.09229422024609,1.084009118710259,1.056707367574556,1.063640134476713,1.09229422024609,1.084009118710259,1.056707367574556,1.063640134476713,1.09229422024609,1.084009118710259
0.7765549348230912,1.056643810626695,1.055141158324801,1.038891833158096,1.006195802171409,1.073470934462571,1.055141158324801,1.038891833158096,1.006195802171409,1.073470934462571,1.055141158324801,1.038891833158096,1.006195802171409,1.073470934462571
0.7800372439478584,1.056286627293253,1.059467435218278,1.014962334821475,1.027647833923884,1.083410568370168,1.059467435218278,1.014962334821475,1.027647833923884,1.083410568370168,1.059467435218278,1.014962334821475,1.027647833923884,1.083410568370168
0.7835195530726258,1.055804039268407,1.056526056427941,1.042965104317476,0.9674457654375912,1.076161101151448,0.886447248127966,1.042965104317476,0.9674457654375912,1.076161101151448,0.546289631528016,1.042965104317476,0.9674457654375912,1.076161101151448
0.787001862197393,1.055204944400664,1.05944404403996,1.049211777082052,1.047898894975388,0.9056680193730392,1.05944404403996,1.049211777082052,1.047898894975388,0.8901840634024113,1.05944404403996,1.049211777082052,1.047898894975388,0.8592161514611556
0.7904841713221602,1.054652706789624,1.050815454238868,1.037836815051412,1.076821304551856,1.048179812579549,1.050815454238868,1.037836815051412,1.076821304551856,1.048179812579549,1.050815454238868,1.037836815051412,1.076821304551856,1.048179812579549
0.7939664804469274,1.054312352056655,1.059274560453925,1.11540220964109,1.062960477480683,1.115155407588028,1.059274560453925,1.11540220964109,1.062960477480683,1.1803445078892718,1.059274560453925,1.11540220964109,1.062960477480683,1.3107227084917596
0.7974487895716946,1.053706164474945,1.038094875113683,1.021745095127995,1.092044528541246,0.9715958693770288,1.038094875113683,1.021745095127995,1.092044528541246,0.9715958693770288,1.038094875113683,1.021745095127995,1.092044528541246,0.9715958693770288
0.8009310986964618,1.053366100342241,1.052610642576402,1.077210466955342,0.9687791697771532,1.079167489617901,1.052610642576402,1.077210466955342,0.9687791697771532,1.079167489617901,1.052610642576402,1.077210466955342,0.9687791697771532,1.079167489617901
0.804413407821229,1.052911754100193,1.044416794397023,1.061250608901712,1.202055901724402,1.079982330088878,1.044416794397023,1.061250608901712,1.202055901724402,1.079982330088878,1.044416794397023,1.061250608901712,1.202055901724402,1.079982330088878
0.8078957169459963,1.0525748024107071,1.033884892734642,1.092202263639416,1.075368809420924,1.004153572751791,1.033884892734642,1.092202263639416,1.075368809420924,1.004153572751791,1.033884892734642,1.092202263639416,1.075368809420924,1.004153572751791
0.8113780260707635,1.05214742723443,1.050791630910474,1.016995101981741,0.985134673277274,1.145993241141881,1.050791630910474,1.016995101981741,0.9534740442128137,1.145993241141881,1.050791630910474,1.016995101981741,0.8901527860838929,1.145993241141881
0.8148603351955308,1.051711769682774,1.06478573091402,1.055893508432652,1.057113173537604,0.9618943726346793,1.06478573091402,1.055893508432652,1.057113173537604,0.9618943726346793,1.06478573091402,1.055893508432652,1.057113173537604,0.9618943726346793
0.818342644320298,1.051102873598909,1.052739056276835,1.042815262540776,1.002397301591799,1.04723917842778,0.9522669392675968,1.042815262540776,1.002397301591799,1.04723917842778,0.7513227052491203,1.042815262540776,1.002397301591799,1.04723917842778
0.8218249534450652,1.050397368883009,1.05331458725301,1.025292160471566,1.069119851919015,1.047331130153245,1.05331458725301,1.025292160471566,1.069119851919015,1.047331130153245,1.05331458725301,1.025292160471566,1.069119851919015,1.047331130153245
0.8253072625698324,1.049205905917244,1.052056403629725,1.018148353435933,0.9800816899651228,1.125290645269222,1.052056403629725,1.018148353435933,0.9800816899651228,1.125290645269222,1.052056403629725,1.018148353435933,0.9800816899651228,1.125290645269222
0.8287895716945997,1.047943224349105,1.043370972174301,1.061853047957146,1.023408991292307,0.959769802479865,1.1430410675532863,1.061853047957146,1.023408991292307,0.8624484069063076,1.3423812583112569,1.061853047957146,1.023408991292307,0.6678056157591928
0.8322718808193669,1.046360761471596,1.051310851860266,1.066176489899105,1.08681512334068,1.019073348444436,1.051310851860266,1.066176489899105,1.08681512334068,1.019073348444436,1.051310851860266,1.066176489899105,1.08681512334068,1.019073348444436
0.8357541899441341,1.044627123746793,1.064417337751999,1.070419139575722,0.989311078283297,1.087778074483684,1.064417337751999,1.070419139575722,0.989311078283297,1.087778074483684,1.064417337751999,1.070419139575722,0.989311078283297,1.087778074483684
0.8392364990689013,1.042689428296031,1.048355700329039,1.017679473083344,1.048164673144169,1.134941526361264,1.0393742752041397,1.017679473083344,1.048164673144169,1.134941526361264,1.0214114249543416,1.017679473083344,1.048164673144169,1.134941526361264
0.8427188081936685,1.04053948434514,1.03402619400822,0.989764292263047,0.981488986585848,1.000180863875226,1.03402619400822,0.989764292263047,0.981488986585848,1.000180863875226,1.03402619400822,0.989764292263047,0.981488986585848,1.000180863875226
0.8462011173184358,1.038371487777461,1.038187705811404,1.018857808959148,1.008744549315688,1.146348358609757,1.038187705811404,1.018857808959148,1.008744549315688,1.146348358609757,1.038187705811404,1.018857808959148,1.008744549315688,1.146348358609757
0.849683426443203,1.035727695665047,1.041175606003792,1.046788958002004,0.9810997219858908,1.023512022133048,1.1062749339607425,1.046788958002004,0.9810997219858908,1.023512022133048,1.2364735898746433,1.046788958002004,0.9810997219858908,1.023512022133048
0.8531657355679703,1.033465888001093,1.028264641517462,1.052674104051894,0.954483926257494,1.047966562967551,1.028264641517462,1.052674104051894,0.8844141742604226,1.047966562967551,1.028264641517462,1.052674104051894,0.7442746702662799,1.047966562967551
0.8566480446927375,1.030808711551241,1.022217986779627,0.99572971707684,1.026460479442999,1.080237697107111,1.0161753895870265,0.99572971707684,1.026460479442999,1.080237697107111,1.0040901952018255,0.99572971707684,1.026460479442999,1.080237697107111
0.8601303538175047,1.02797115159331,1.036221759108273,1.028973430897267,1.03331992731837,1.041214238652234,1.036221759108273,1.028973430897267,1.03331992731837,1.041214238652234,1.036221759108273,1.028973430897267,1.03331992731837,1.041214238652234
0.8636126629422719,1.025023504062698,1.025308535113491,1.009941923246272,1.087914620115159,1.320045237555288,1.025308535113491,1.009941923246272,1.087914620115159,1.320045237555288,1.025308535113491,1.009941923246272,1.087914620115159,1.320045237555288
0.8670949720670391,1.022159606513882,1.03375865093165,1.042237738560327,1.049870818578185,1.109048092787274,1.03375865093165,1.042237738560327,1.049870818578185,1.109048092787274,1.03375865093165,1.042237738560327,1.049870818578185,1.109048092787274
0.8705772811918063,1.019467717002363,1.02922950254718,1.057526207768206,0.963269594282704,0.98079567614913,1.02922950254718,1.057526207768206,0.963269594282704,0.98079567614913,1.02922950254718,1.057526207768206,0.963269594282704,0.98079567614913
0.8740595903165735,1.016356220836047,1.020119002043594,1.05285932233806,0.9963038786952272,1.051462722764433,1.020119002043594,1.05285932233806,0.9963038786952272,1.051462722764433,1.020119002043594,1.05285932233806,0.9963038786952272,1.051462722764433
0.8775418994413409,1.013530121948147,1.024324273547032,1.00091207985161,1.035172412694313,1.096253294506984,1.024324273547032,1.00091207985161,1.035172412694313,1.096253294506984,1.024324273547032,1.00091207985161,1.035172412694313,1.096253294506984
0.8810242085661081,1.010565531374579,1.024963311044366,0.9513621034796632,0.9922541618502432,0.94868123471436006,1.024963311044366,0.9513621034796632,0.9922541618502432,0.94868123471436006,1.024963311044366,0.9513621034796632,0.9922541618502432,0.94868123471436006
0.8845065176908753,1.007517943767944,0.9954064805020756,1.011266785963602,0.990637319039496,1.012171156534172,0.9954064805020756,1.011266785963602,0.990637319039496,1.012171156534172,0.9954064805020756,1.011266785963602,0.990637319039496,1.012171156534172
0.8879888268156425,1.004625675518908,1.007331591141421,1.022608500964346,1.022608134562699,1.072500395420466,1.007331591141421,1.022608500964346,1.022608134562699,1.072500395420466,1.007331591141421,1.022608500964346,1.022608134562699,1.072500395420466
0.8914711359404097,1.00181800370878,1.011602955106778,1.031990291145846,0.9299968347827444,0.9479546244056448,1.011602955106778,1.031990291145846,0.9299968347827444,0.9479546244056448,1.011602955106778,1.031990291145846,0.9299968347827444,0.9479546244056448
0.8949534450651769,0.9987579214876868,1.024249680990913,1.010701912912399,1.037414902845439,0.9753341608957926,1.024249680990913,1.010701912912399,1.037414902845439,0.9753341608957926,1.024249680990913,1.010701912912399,1.037414902845439,0.9753341608957926
0.8984357541899441,0.996066101798772,0.997871830104988,0.9997894232447412,0.9806348956940164,0.974611120668256,0.997871830104988,0.9997894232447412,0.9806348956940164,0.974611120668256,0.997871830104988,0.9997894232447412,0.9806348956940164,0.974611120668256
0.9019180633147114,0.9935241427210136,0.9907310250648144,0.9959624063720004,0.9652156951234754,1.236240607755996,0.9907310250648144,0.9959624063720004,0.9652156951234754,1.236240607755996,0.9907310250648144,0.9959624063720004,0.9652156951234754,1.236240607755996
0.9054003724394786,0.9911016727886058,0.9818840543635488,0.982370145780201,0.9811208157772102,1.043507497731252,0.9818840543635488,0.982370145780201,0.9811208157772102,1.043507497731252,0.9818840543635488,0.982370145780201,0.9811208157772102,1.043507497731252
0.908882681564246,0.9886708265519464,0.9661319200338726,0.979786683891338,0.951878933368534,0.8928502721233029,0.9661319200338726,0.979786683891338,0.951878933368534,0.8928502721233029,0.9661319200338726,0.979786683891338,0.951878933368534,0.8928502721233029
0.9123649906890132,0.9864093117225664,0.9898785764109268,0.9476007261333173,1.014061550989514,1.128610840533569,0.9898785764109268,0.7942313143460027,1.014061550989514,1.128610840533569,0.9898785764109268,0.4874924907713737,1.014061550989514,1.128610840533569
0.9158472998137804,0.98445482448105,0.983454926688731,1.017311639605066,0.9055944331139808,0.9269387366547034,0.983454926688731,1.017311639605066,0.9055944331139808,0.9269387366547034,0.983454926688731,1.017311639605066,0.9055944331139808,0.9269387366547034
0.9193296089385476,0.982481724813958,0.9798284926943974,0.971229297170364,1.028519659271993,0.9750562325508586,0.9798284926943974,0.971229297170364,1.028519659271993,0.9750562325508586,0.9798284926943974,0.971229297170364,1.028519659271993,0.9750562325508586
0.9228119180633148,0.9805922177976844,0.9701644726870664,1.003899101074965,0.9687862723075852,1.001975144113968,0.9701644726870664,1.003899101074965,0.9687862723075852,1.001975144113968,0.9701644726870664,1.003899101074965,0.9687862723075852,1.001975144113968
0.926294227188082,0.9790461827799866,0.9753493723679846,0.9734144315067976,0.9677443971014864,1.039581918401377,0.9753493723679846,0.9734144315067976,0.9677443971014864,1.039581918401377,0.9753493723679846,0.9734144315067976,0.9677443971014864,1.039581918401377
0.9297765363128492,0.9775377539373024,0.9991826628891848,0.9790775087153608,0.908050416563852,0.9715985148534784,0.9263264005689672,0.9790775087153608,0.908050416563852,0.9715985148534784,0.7806138759285322,0.9790775087153608,0.908050416563852,0.9715985148534784
0.9332588454376164,0.9764203617297482,0.9786408655647952,1.009136206118921,1.070239967904938,0.973031310306734,0.9786408655647952,1.009136206118921,1.070239967904938,0.973031310306734,0.9786408655647952,1.009136206118921,1.070239967904938,0.973031310306734
0.9367411545623836,0.9754300989632794,0.9821589353675596,0.9656285750019742,1.00664118230445,1.042112129712264,0.9821589353675596,0.9656285750019742,1.00664118230445,1.042112129712264,0.9821589353675596,0.9656285750019742,1.00664118230445,1.042112129712264
0.9402234636871508,0.9744487693179,0.956129744875699,0.968373551835508,0.9833098436075876,1.005906727449334,0.956129744875699,0.968373551835508,0.9833098436075876,1.005906727449334,0.956129744875699,0.968373551835508,0.9833098436075876,1.005906727449334
0.943705772811918,0.9739808025307156,0.9740457729199912,0.992398837815802,0.9790399897911268,0.8757179118422507,0.9740457729199912,0.992398837815802,0.9790399897911268,0.8757179118422507,0.9740457729199912,0.992398837815802,0.9790399897911268,0.8757179118422507
0.9471880819366854,0.9735753046404244,0.9767967807243746,1.011376619743124,1.035660850885471,0.9276128540339754,0.9767967807243746,1.011376619743124,1.035660850885471,0.9276128540339754,0.9767967807243746,1.011376619743124,1.035660850885471,0.9276128540339754
0.9506703910614526,0.9733925727445614,0.9660677382248516,1.022393790915658,0.941491075655065,1.015992134487249,0.9660677382248516,1.022393790915658,0.941491075655065,1.015992134487249,0.9660677382248516,1.022393790915658,0.941491075655065,1.015992134487249
0.9541527001862198,0.973423188349886,0.9634215595042166,1.00221951340231,0.9270135853070156,0.9387750336154724,1.0722887213292813,1.00221951340231,0.9270135853070156,0.9387750336154724,1.2900230449794108,1.00221951340231,0.9270135853070156,0.9387750336154724
0.957635009310987,0.9735481537940832,0.968865556009836,0.9907310569314858,0.9295668377836316,0.9748841826812668,0.968865556009836,0.9907310569314858,0.9295668377836316,0.9748841826812668,0.968865556009836,0.9907310569314858,0.9295668377836316,0.9748841826812668
0.9611173184357542,0.974078143026078,0.9908895670341924,1.036227172239832,0.9809102574604344,1.022006983295519,0.9908895670341924,1.036227172239832,0.9809102574604344,0.7875583458598914,0.9908895670341924,1.036227172239832,0.9809102574604344,0.31866107098863616
0.9645996275605214,0.9748858401881744,0.9715028203480164,0.9523841772338294,1.014791547316155,0.9445052499977676,0.8008840703937683,0.9523841772338294,1.014791547316155,0.9445052499977676,0.45964657048527224,0.9523841772338294,1.014791547316155,0.9445052499977676
0.9680819366852886,0.975728813893032,0.9800459728555372,0.9814169465170152,1.023743727539086,1.060024199530991,0.9800459728555372,0.9814169465170152,1.023743727539086,1.060024199530991,0.9800459728555372,0.9814169465170152,1.023743727539086,1.060024199530991
0.971564245810056,0.976846788696539,0.9761192332710552,0.9699765094932477,1.014446102663936,0.9775217996761716,0.9761192332710552,0.9725638197017583,1.014446102663936,0.9775217996761716,0.9761192332710552,0.9777384401187798,1.014446102663936,0.9775217996761716
0.9750465549348232,0.9780692487595888,0.96313989814431,0.9690306541828956,0.8921712196417451,0.9488706636607626,0.96313989814431,0.9690306541828956,0.8921712196417451,0.9488706636607626,0.96313989814431,0.9690306541828956,0.8921712196417451,0.9488706636607626
0.9785288640595904,0.9795927266836104,1.000045347480309,0.9748096932102768,1.020054194092764,1.034513926005683,1.000045347480309,0.9748096932102768,1.0239076167749677,1.034513926005683,1.000045347480309,0.9748096932102768,1.0316144621393748,1.034513926005683
0.9820111731843576,0.9810445380583191,0.9778390745581907,0.983168242601294,0.981504480037193,0.9898584787961978,0.9778390745581907,0.983168242601294,0.981504480037193,0.9898584787961978,0.9778390745581907,0.983168242601294,0.981504480037193,0.9898584787961978
0.9854934823091248,0.9828794306983684,0.9914329507329626,0.9897174807269284,1.045826177726015,0.8291154668109755,0.9914329507329626,0.9897174807269284,1.045826177726015,0.8291154668109755,0.9914329507329626,0.9897174807269284,1.045826177726015,0.8291154668109755
0.988975791433892,0.9850286126259936,0.9786947171030096,1.002490169237475,1.058240073642509,1.112910996145463,0.9786947171030096,1.002490169237475,1.058240073642509,1.112910996145463,0.9786947171030096,1.002490169237475,1.058240073642509,1.112910996145463
0.9924581005586592,0.9872792480424905,0.994231693206779,1.015970202855495,1.026373435192035,0.9349114893489968,0.994231693206779,1.015970202855495,1.026373435192035,0.9146122098130206,0.994231693206779,1.015970202855495,1.026373435192035,0.8740136507410683
0.9959404096834265,0.9894486789281848,0.9881739540039648,0.9955329089099902,0.938994504850228,1.027515024656312,0.9881739540039648,0.9955329089099902,0.938994504850228,1.027515024656312,0.9881739540039648,0.9955329089099902,0.938994504850228,1.027515024656312
0.9994227188081936,0.99199551497233,1.000867927663129,1.003627616805358,0.9509080028610438,0.7824666132887915,1.000867927663129,1.003627616805358,0.9528522512078538,0.7824666132887915,1.000867927663129,1.003627616805358,0.9567407479014738,0.7824666132887915
1.002905027932961,0.9945941085169548,0.999570513341352,0.9570074012167988,0.9990639075533392,1.062150729300612,0.999570513341352,1.2493897962299787,0.9990639075533392,1.062150729300612,0.999570513341352,1.834154586256338,0.9990639075533392,1.062150729300612
1.006387337057728,0.997212685956192,0.9956559141706594,0.9930779093761374,0.9639937626415496,0.9288297495092888,0.9956559141706594,0.9930779093761374,0.9639937626415496,0.9288297495092888,0.9956559141706594,0.9930779093761374,0.9639937626415496,0.9288297495092888
1.009869646182495,0.9997535066396368,0.9958223031773664,1.0243625524862079,0.9736221353172576,1.044511510314334,0.9958223031773664,1.0243625524862079,0.9736221353172576,1.044511510314334,0.9958223031773664,1.0243625524862079,0.9736221353172576,1.044511510314334
1.013351955307263,1.002616613424833,0.9976364792300838,1.04070978806113,1.049463152146637,0.8770909187971945,0.9976364792300838,1.04070978806113,1.049463152146637,0.8770909187971945,0.9976364792300838,1.04070978806113,1.049463152146637,0.8770909187971945
1.01683426443203,1.005431902980771,1.013955891683905,0.993927251454686,1.06022987831152,1.007571573796706,1.013955891683905,1.07100911862409,1.06022987831152,1.007571573796706,1.013955891683905,1.225172852962898,1.06022987831152,1.007571573796706
1.020316573556797,1.008542969075832,1.01868248459459,1.00876185761527,1.058521437904861,1.108304812554146,1.01868248459459,0.9769150097863433,1.058521437904861,1.108304812554146,1.01868248459459,0.91322131412849,1.058521437904861,1.108304812554146
1.023798882681564,1.011487744626219,1.005919298060204,1.023179705041131,1.031940814334124,1.061930670006169,1.005919298060204,1.023179705041131,1.031940814334124,1.061930670006169,1.005919298060204,1.023179705041131,1.031940814334124,1.061930670006169
1.027281191806332,1.01450620623162,1.008956273345012,1.04419893430028,1.034380720704157,1.099124306452456,1.008956273345012,1.04419893430028,1.034380720704157,1.099124306452456,1.008956273345012,1.04419893430028,1.034380720704157,1.099124306452456
1.030763500931099,1.017370996158198,1.023388493707291,1.062115733726909,1.118319065233036,1.002690863430356,1.023388493707291,1.062115733726909,1.118319065233036,1.002690863430356,1.023388493707291,1.062115733726909,1.118319065233036,1.002690863430356
1.034245810055866,1.020231534728041,1.035188281345391,1.056311280780352,0.9999901713097326,1.096337612911483,1.035188281345391,1.056311280780352,0.9999901713097326,1.096337612911483,1.035188281345391,1.056311280780352,0.9999901713097326,1.096337612911483
1.037728119180633,1.023287622956129,1.003941876388893,1.00170604678082,1.011288844077935,0.986621273192706,1.003941876388893,1.00170604678082,1.011288844077935,0.986621273192706,1.003941876388893,1.00170604678082,1.011288844077935,0.986621273192706
1.0412104283054,1.026108608199229,1.034535430884997,1.048711908962136,1.046072195059736,1.005440528263,1.034535430884997,1.048711908962136,1.1723483578565768,1.005440528263,1.034535430884997,1.048711908962136,1.4249006834502584,1.005440528263
1.044692737430168,1.028906009725852,1.027710090006215,0.9919404980569222,1.105647247029702,1.0459374855147059,1.027710090006215,0.9919404980569222,1.105647247029702,1.0459374855147059,1.027710090006215,0.9919404980569222,1.105647247029702,1.0459374855147059
1.048175046554935,1.031614008343346,1.025116055327878,1.059453027731057,0.9558559102192896,1.117309364682425,1.025116055327878,1.123234180483335,0.9558559102192896,1.117309364682425,1.025116055327878,1.2507964859878908,0.9558559102192896,1.117309364682425
1.051657355679702,1.034000998199738,1.043230554454099,1.017866236566073,1.099899676603021,0.9860026946259672,1.043230554454099,1.017866236566073,1.099899676603021,1.0053797888496894,1.043230554454099,1.017866236566073,1.099899676603021,1.0441339772971334
1.055139664804469,1.036672229351026,1.029033064503724,0.993439610796244,1.020560480423871,1.018320029954924,1.029033064503724,0.993439610796244,1.020560480423871,1.018320029954924,1.029033064503724,0.993439610796244,1.020560480423871,1.018320029954924
1.058621973929237,1.039058948396773,1.025215917798227,1.088189186170656,1.008419300381143,1.022198925844435,1.025215917798227,1.088189186170656,1.008419300381143,1.1082877749519062,1.025215917798227,1.088189186170656,1.008419300381143,1.2804654731668488
1.062104283054004,1.041212961354366,1.029123356809139,1.048024636278424,1.088014978958559,0.8612999759411102,1.029123356809139,1.048024636278424,1.088014978958559,0.8612999759411102,1.029123356809139,1.048024636278424,1.088014978958559,0.8612999759411102
1.065586592178771,1.043236146149319,1.036383669635433,1.033047272646538,1.022129856962969,0.9805049018843774,0.9671310675034004,1.033047272646538,1.022129856962969,0.9805049018843774,0.8286258632393353,1.033047272646538,1.022129856962969,0.9805049018843774
1.069068901303538,1.045051915094136,1.047792712609765,1.014046275967795,1.032793760989485,1.079005298499029,1.047792712609765,1.014046275967795,1.032793760989485,1.079005298499029,1.047792712609765,1.014046275967795,1.032793760989485,1.079005298499029
1.072551210428305,1.046706450727992,1.049716841107478,0.9907954206967352,1.036302701735062,1.105095634992083,1.049716841107478,0.9907954206967352,1.036302701735062,1.105095634992083,1.049716841107478,0.9907954206967352,1.036302701735062,1.105095634992083
1.076033519553073,1.047982690880284,1.057510365637426,1.017883961650698,1.072069939660375,1.055611957919306,1.057510365637426,1.017883961650698,0.957523745812247,1.055611957919306,1.057510365637426,1.017883961650698,0.7284313581159908,1.055611957919306
1.07951582867784,1.049316784563737,1.042308915475446,1.06960310276107,1.109720300999636,1.038499602416239,1.042308915475446,1.06960310276107,1.109720300999636,1.038499602416239,1.042308915475446,1.06960310276107,1.109720300999636,1.038499602416239
1.082998137802607,1.050280985546063,1.047699375240206,0.9924531128423,1.062168923958229,1.017008728564356,1.047699375240206,0.9924531128423,1.062168923958229,1.017008728564356,1.047699375240206,0.9924531128423,1.062168923958229,1.017008728564356
1.0864804469273741,1.050989179997482,1.064824971256784,1.043954957237876,1.11438029926869,1.124746204130557,1.064824971256784,1.043954957237876,1.11438029926869,1.124746204130557,1.064824971256784,1.043954957237876,1.11438029926869,1.124746204130557
1.089962756052142,1.051519411039449,1.050768759575025,1.022859818942494,1.097589533076908,0.9552761347158704,1.050768759575025,1.022859818942494,1.097589533076908,0.9552761347158704,1.050768759575025,1.022859818942494,1.097589533076908,0.9552761347158704
1.093445065176909,1.051669785192487,1.061016183071329,1.130124151082796,1.04901258089317,1.019318204734268,1.061016183071329,1.130124151082796,1.082150516704651,1.019318204734268,1.061016183071329,1.130124151082796,1.1484263883276131,1.019318204734268
1.096927374301676,1.052447013925978,1.053096164834622,1.023873470498795,1.008185584090264,0.9576511577289276,1.053096164834622,1.023873470498795,1.008185584090264,0.9576511577289276,1.053096164834622,1.023873470498795,1.008185584090264,0.9576511577289276
1.100409683426443,1.05271661528789,1.048176403383224,1.060366363934202,1.018123189879158,0.9893860697471428,1.048176403383224,1.060366363934202,1.018123189879158,1.078255313812691,1.048176403383224,1.060366363934202,1.018123189879158,1.255993801943787
1.103891992551211,1.053143050625547,1.048052795696318,0.95509521758211,1.10572330611419,0.9964955275148696,1.048052795696318,0.9470602106715323,1.10572330611419,0.9964955275148696,1.048052795696318,0.9309901968503771,1.10572330611419,0.9964955275148696
1.107374301675978,1.053799410089312,1.067893019993028,1.062335663880009,1.07865761035138,1.089106667559201,1.067893019993028,1.062335663880009,1.07865761035138,1.089106667559201,1.067893019993028,1.062335663880009,1.07865761035138,1.089106667559201
1.110856610800745,1.054245465983782,1.051475765740526,1.076785903829613,1.010981125660805,0.9805447825570872,1.051475765740526,1.076785903829613,1.010981125660805,0.9805447825570872,1.051475765740526,1.076785903829613,1.010981125660805,0.9805447825570872
1.114338919925512,1.054747506252759,1.051948924651152,1.074183711596445,1.102943280347518,1.141951059055503,1.051948924651152,1.074183711596445,1.102943280347518,1.141951059055503,1.051948924651152,1.074183711596445,1.102943280347518,1.141951059055503
1.117821229050279,1.055064346972011,1.052796812414832,1.083900378721405,1.116387653060113,1.009828764185727,1.052796812414832,1.083900378721405,1.116387653060113,1.009828764185727,1.052796812414832,1.083900378721405,1.116387653060113,1.009828764185727
1.121303538175047,1.055823548062355,1.053497677875332,1.091878865181235,1.085090511386013,1.054596748019657,1.053497677875332,1.091878865181235,1.085090511386013,1.054596748019657,1.053497677875332,1.091878865181235,1.085090511386013,1.054596748019657
1.124785847299814,1.056317803036747,1.072662016994115,1.062440873850037,1.004427242770937,1.085401604349977,1.072662016994115,1.062440873850037,1.004427242770937,1.085401604349977,1.072662016994115,1.062440873850037,1.004427242770937,1.085401604349977
1.128268156424581,1.056828860716863,1.052401603270316,1.063099834688467,1.039074175385184,1.009298746440183,1.052401603270316,1.063099834688467,1.039074175385184,1.009298746440183,1.052401603270316,1.063099834688467,1.039074175385184,1.009298746440183
1.131750465549348,1.057339253836336,1.060733184949086,1.041949727088996,1.090671772390289,1.026014661825525,1.060733184949086,1.041949727088996,1.090671772390289,1.026014661825525,1.060733184949086,1.041949727088996,1.090671772390289,1.026014661825525
1.135232774674116,1.057942797768883,1.067723163345434,1.094204425086349,1.038806559697113,0.9756245167045982,1.067723163345434,1.094204425086349,1.038806559697113,0.9756245167045982,1.067723163345434,1.094204425086349,1.038806559697113,0.9756245167045982
1.138715083798883,1.058529425021319,1.062117288158138,1.042393180189233,1.086157571235639,1.021795774648823,1.062117288158138,1.042393180189233,1.086157571235639,1.021795774648823,1.062117288158138,1.042393180189233,1.086157571235639,1.021795774648823
1.14219739292365,1.058974142515025,1.070528367734096,1.050648088334047,1.100138874535522,1.002659240341318,1.070528367734096,1.050648088334047,1.100138874535522,1.002659240341318,1.070528367734096,1.050648088334047,1.100138874535522,1.002659240341318
1.145679702048417,1.059505473020123,1.059607394580482,1.025795102084889,1.019559959726661,1.053094095052959,1.059607394580482,1.025795102084889,1.019559959726661,1.053094095052959,1.059607394580482,1.025795102084889,1.019559959726661,1.053094095052959
1.149162011173184,1.060065793854638,1.061256989692042,1.075706720427351,1.090189711225497,0.9900690901856394,1.061256989692042,1.075706720427351,0.9718787327180679,0.9900690901856394,1.061256989692042,1.075706720427351,0.7352567757032097,0.9900690901856394
1.152644320297952,1.06079433616327,1.044369622960218,1.049375288008619,1.006288534812043,1.021977417396273,1.203947956439649,1.049375288008619,1.006288534812043,1.021977417396273,1.523104623398511,1.049375288008619,1.006288534812043,1.021977417396273
1.156126629422719,1.061393856731696,1.063838589066095,1.079338353356359,1.056062872988428,0.983709571960154,1.063838589066095,1.079338353356359,1.056062872988428,0.983709571960154,1.063838589066095,1.079338353356359,1.056062872988428,0.983709571960154
1.159608938547486,1.061905614563228,1.054428029842913,1.044050390848486,1.004500036392762,0.9227639928202928,1.054428029842913,1.044050390848486,1.004500036392762,0.9227639928202928,1.054428029842913,1.044050390848486,1.004500036392762,0.9227639928202928
1.163091247672253,1.062588991494938,1.045684768669199,1.096717538829871,0.987830636259774,0.8942402129270182,1.045684768669199,1.096717538829871,0.987830636259774,0.8942402129270182,1.045684768669199,1.096717538829871,0.987830636259774,0.8942402129270182
1.166573556797021,1.063201819300696,1.060659458473987,1.049391423652791,1.073330862635448,1.167942696944599,1.060659458473987,1.049391423652791,1.073330862635448,1.167942696944599,1.060659458473987,1.049391423652791,1.073330862635448,1.167942696944599
1.170055865921788,1.063789007586275,1.056042437603891,1.096349029352757,1.008424937469441,1.142681127651861,1.056042437603891,1.0636899419733603,1.008424937469441,1.142681127651861,1.056042437603891,0.9983717672145674,1.008424937469441,1.142681127651861
1.173538175046555,1.064375736183414,1.054515520351293,1.055641231400047,1.122454329209136,1.126291691938962,1.054515520351293,1.055641231400047,1.122454329209136,1.126291691938962,1.054515520351293,1.055641231400047,1.122454329209136,1.126291691938962
1.177020484171322,1.064975843535318,1.063315617686095,1.072743504158807,0.956157324740927,0.9349789448367974,1.063315617686095,1.072743504158807,0.956157324740927,0.9349789448367974,1.063315617686095,1.072743504158807,0.956157324740927,0.9349789448367974
1.180502793296089,1.065565928581284,1.058411273348936,1.085813554976605,1.091081362787066,1.013607843718886,1.058411273348936,1.085813554976605,1.091081362787066,1.013607843718886,1.058411273348936,1.085813554976605,1.091081362787066,1.013607843718886
1.183985102420857,1.066248026079476,1.077765408475694,1.079126962908002,1.085166257947062,1.113784232659303,1.077765408475694,1.079126962908002,1.085166257947062,1.113784232659303,1.077765408475694,1.079126962908002,1.085166257947062,1.113784232659303
1.187467411545624,1.06695952763612,1.076470996319449,1.08429644877082,1.050985839916197,0.9334352053035926,1.076470996319449,1.08429644877082,1.050985839916197,0.9334352053035926,1.076470996319449,1.08429644877082,1.050985839916197,0.9334352053035926
1.190949720670391,1.067408542027351,1.07517927707158,1.031617932527192,1.014551646079547,1.071441216479742,1.07517927707158,1.031617932527192,1.014551646079547,1.071441216479742,1.07517927707158,1.031617932527192,1.014551646079547,1.071441216479742
1.194432029795158,1.068233922405095,1.075080539114555,1.074872309316669,1.096860922808082,1.020915593378708,1.075080539114555,1.074872309316669,1.096860922808082,1.020915593378708,1.075080539114555,1.074872309316669,1.096860922808082,1.020915593378708
1.197914338919926,1.068657197662103,1.065652289032284,1.09164679916926,1.062557706911028,1.166136164897909,1.065652289032284,1.1471211562115917,1.062557706911028,1.166136164897909,1.065652289032284,1.2580698702962554,1.062557706911028,1.166136164897909
1.201396648044693,1.069294065076858,1.047071966055168,1.000613322577531,1.027699491865709,1.120977141843714,1.047071966055168,1.000613322577531,1.027699491865709,1.120977141843714,1.047071966055168,1.000613322577531,1.027699491865709,1.120977141843714
1.20487895716946,1.070052520535364,1.068081141689418,1.112836037059407,1.130845450799108,1.088062706179381,1.068081141689418,1.112836037059407,1.130845450799108,1.088062706179381,1.068081141689418,1.112836037059407,1.130845450799108,1.088062706179381
1.208361266294227,1.07080991679504,1.047076721382785,1.083336049810131,1.060009355584874,1.058387727705209,1.047076721382785,1.083336049810131,1.013733927944777,1.058387727705209,1.047076721382785,1.083336049810131,0.9211830726645832,1.058387727705209
1.211843575418994,1.071435505000189,1.06922657263251,1.031882587470787,1.043498869446234,1.008176982949742,1.06922657263251,1.031882587470787,1.043498869446234,1.008176982949742,1.06922657263251,1.031882587470787,1.043498869446234,1.008176982949742
1.215325884543762,1.072034857396603,1.06925729442238,1.063993158889002,1.047568540449062,1.119323201287639,1.06925729442238,1.063993158889002,1.047568540449062,1.119323201287639,1.06925729442238,1.063993158889002,1.047568540449062,1.119323201287639
1.218808193668529,1.072744313269563,1.062388807988733,1.048495192710564,1.135725975189583,1.04784184762649,1.062388807988733,1.048495192710564,1.135725975189583,1.04784184762649,1.062388807988733,1.048495192710564,1.135725975189583,1.04784184762649
1.222290502793296,1.073318425057558,1.073228609885164,1.044730416183398,1.058282918154438,1.047740631848342,1.073228609885164,1.044730416183398,1.058282918154438,0.9363708591697361,1.073228609885164,1.044730416183398,1.058282918154438,0.7136313138125243
1.225772811918063,1.073985118754925,1.079959939835601,1.071599157139288,1.046177549078708,1.102739251823067,1.079959939835601,1.004868942663515,1.046177549078708,1.0988838762110245,1.079959939835601,0.8714085137119688,1.046177549078708,1.0911731249869396
1.229255121042831,1.074625429886104,1.062289029118352,1.056218350900127,1.014041312778587,1.111478635605729,1.062289029118352,1.056218350900127,1.014041312778587,1.111478635605729,1.062289029118352,1.056218350900127,1.014041312778587,1.111478635605729
1.232737430167598,1.0752829100733,1.075549985041964,1.099413129191952,0.9984895024800088,1.156686531113955,1.075549985041964,1.099413129191952,0.9984895024800088,1.156686531113955,1.075549985041964,1.099413129191952,0.9984895024800088,1.156686531113955
1.236219739292365,1.075887924456745,1.076558046040069,1.041028089742167,1.100802164069312,1.183912299966645,1.076558046040069,1.041028089742167,1.100802164069312,1.187816764102992,1.076558046040069,1.041028089742167,1.100802164069312,1.195625692375686
1.239702048417132,1.076545151217982,1.085279286921509,1.073165582490218,1.036578507534636,1.036111483795217,1.085279286921509,1.073165582490218,1.036578507534636,0.9880243406061897,1.085279286921509,1.073165582490218,1.036578507534636,0.8918500542281351
1.243184357541899,1.07721044119916,1.054514748380922,1.119821337496103,1.106457224489556,1.126976380309828,1.02035598358014,1.119821337496103,1.106457224489556,1.126976380309828,0.9520384539785752,1.119821337496103,1.106457224489556,1.126976380309828
1.246666666666667,1.077928075188841,1.071680971411335,1.107481775548852,1.087354179170384,1.070056117749284,1.071680971411335,1.107481775548852,1.087354179170384,1.070056117749284,1.071680971411335,1.107481775548852,1.087354179170384,1.070056117749284
1.250148975791434,1.078447642552846,1.088276865851661,1.073124519955641,1.102240970172715,1.025544289716068,1.088276865851661,1.073124519955641,1.102240970172715,1.025544289716068,1.088276865851661,1.073124519955641,1.102240970172715,1.025544289716068
1.253631284916201,1.079093137049693,1.091894158296939,1.066810267160978,1.159539832397966,1.00009215230159,1.091894158296939,1.066810267160978,1.159539832397966,1.00009215230159,1.091894158296939,1.066810267160978,1.159539832397966,1.00009215230159
1.257113594040968,1.079695745604932,1.072425747278669,1.091906141745265,1.097207572596782,1.164587540862254,1.072425747278669,1.091906141745265,1.097207572596782,1.164587540862254,1.072425747278669,1.091906141745265,1.097207572596782,1.164587540862254
1.260595903165736,1.080292232091155,1.082067336046884,1.110754972163698,1.044825603704121,1.015001415037857,1.082067336046884,1.110754972163698,1.044825603704121,1.015001415037857,1.082067336046884,1.110754972163698,1.044825603704121,1.015001415037857
1.264078212290503,1.080934472004306,1.083863888848933,1.084593709083918,1.030741708011095,1.045545089856797,1.083863888848933,1.084593709083918,1.030741708011095,1.045545089856797,1.083863888848933,1.084593709083918,1.030741708011095,1.045545089856797
1.26756052141527,1.081506049000873,1.089838281762471,1.07441838867072,1.048329857577405,1.123549899450582,1.089838281762471,1.07441838867072,1.048329857577405,1.123549899450582,1.089838281762471,1.07441838867072,1.048329857577405,1.123549899450582
1.271042830540037,1.082119574675682,1.079212514022919,1.065882603039798,1.044837198605377,1.077380476286613,1.0289932426350687,1.065882603039798,1.044837198605377,1.077380476286613,0.9285546998593684,1.065882603039798,1.044837198605377,1.077380476286613
1.274525139664805,1.082721710634595,1.079396225952102,1.069014059579484,1.107376561404696,1.029919118391039,1.079396225952102,1.069014059579484,0.9912068745705551,1.029919118391039,1.079396225952102,1.069014059579484,0.7588675009022736,1.029919118391039
1.278007448789572,1.083346623263737,1.092552106080545,1.150657929523508,1.093486258864934,1.111930052303764,1.092552106080545,1.150657929523508,1.093486258864934,1.111930052303764,1.092552106080545,1.150657929523508,1.093486258864934,1.111930052303764
1.281489757914339,1.083866450571733,1.084265981619572,1.080304594222231,1.027776094122278,1.037555466114586,1.084265981619572,1.080304594222231,1.027776094122278,1.037555466114586,1.084265981619572,1.080304594222231,1.027776094122278,1.037555466114586
1.284972067039106,1.084498663225297,1.08064983590064,1.083980390884017,1.13066715080641,1.082870771453225,1.08064983590064,1.2515193475283548,1.13066715080641,1.082870771453225,1.08064983590064,1.5865972608170305,1.13066715080641,1.082870771453225
1.288454376163873,1.08504324343187,1.077877222944333,1.064333492436304,1.01666850746301,1.194493245696036,1.077877222944333,1.064333492436304,1.01666850746301,1.194493245696036,1.077877222944333,1.064333492436304,1.01666850746301,1.194493245696036
1.291936685288641,1.085631128780509,1.071031941159536,1.151158884839927,1.037495758123088,1.057199092182393,0.9929867716659785,1.151158884839927,1.037495758123088,1.057199092182393,0.8368964326788635,1.151158884839927,1.037495758123088,1.057199092182393
1.295418994413408,1.08609552686306,1.09347015334121,1.06062592201036,1.116416095836588,1.082138846938701,1.09347015334121,1.06062592201036,1.116416095836588,1.082138846938701,1.09347015334121,1.06062592201036,1.116416095836588,1.082138846938701
1.298901303538175,1.086704217185738,1.093311336456067,1.1242591327361111,1.104975061214404,0.9718971660266922,1.1424259568683517,1.1242591327361111,1.104975061214404,0.9718971660266922,1.2406551976929214,1.1242591327361111,1.104975061214404,0.9718971660266922
1.302383612662942,1.087166421422408,1.096883133363753,1.072747831183802,1.14857382912026,1.071213905017206,1.0534716536814737,1.072747831183802,1.14857382912026,1.071213905017206,0.9666486943169152,1.072747831183802,1.14857382912026,1.071213905017206
1.30586592178771,1.087696482008493,1.105455026000906,1.108689419718131,1.172813328678791,1.067098621019162,0.9953856139664572,1.1836058954421764,1.172813328678791,1.067098621019162,0.7752467898975597,1.333438846890267,1.172813328678791,1.067098621019162
1.309348230912477,1.08818121473928,1.077170949969074,1.08403897098494,1.085847481739149,1.100401263165004,1.077170949969074,1.08403897098494,1.085847481739149,1.100401263165004,1.077170949969074,1.08403897098494,1.085847481739149,1.100401263165004
1.312830540037244,1.088684670740468,1.088555621937288,1.112803842154304,1.103541035589476,0.9884799098694548,1.088555621937288,1.112803842154304,1.103541035589476,0.9331634023433418,1.088555621937288,1.112803842154304,1.103541035589476,0.8225303872911158
1.316312849162011,1.089193903229355,1.080235493114374,1.077368529433149,1.075836791744328,1.112474137804901,1.080235493114374,1.077368529433149,1.075836791744328,1.112474137804901,1.080235493114374,1.077368529433149,1.075836791744328,1.112474137804901
1.319795158286778,1.089590439410481,1.090034570791252,1.054353595455114,1.160100572425156,1.104892906228128,1.090034570791252,1.054353595455114,1.160100572425156,1.104892906228128,1.090034570791252,1.054353595455114,1.160100572425156,1.104892906228128
1.323277467411546,1.090231481665929,1.078696368828201,1.137202892045829,1.058016125868211,1.101994418733234,1.078696368828201,1.137202892045829,1.058016125868211,1.101994418733234,1.078696368828201,1.137202892045829,1.058016125868211,1.101994418733234
1.326759776536313,1.09045231243538,1.102423743347663,1.114308634774761,1.105949980253649,1.048544543893747,1.102423743347663,1.114308634774761,1.105949980253649,1.048544543893747,1.102423743347663,1.114308634774761,1.105949980253649,1.048544543893747
1.33024208566108,1.090854671242466,1.102129910971083,1.080738585076696,1.083736806309972,0.9862944558490654,1.102129910971083,1.080738585076696,1.083736806309972,0.9862944558490654,1.102129910971083,1.080738585076696,1.083736806309972,0.9862944558490654
1.333724394785847,1.091359458268939,1.090146595155638,1.041231954435512,1.15086717834246,1.082658034059478,1.090146595155638,1.041231954435512,1.15086717834246,1.082658034059478,1.090146595155638,1.041231954435512,1.15086717834246,1.082658034059478
1.337206703910615,1.091680765364218,1.091410199770451,1.099966630330351,1.012612640145898,0.9206096072155938,1.091410199770451,1.099966630330351,1.033812827498662,0.9206096072155938,1.091410199770451,1.099966630330351,1.0762132022041904,0.9206096072155938
1.340689013035382,1.092023896175404,1.09362159958277,1.05680217003576,1.013153864049342,1.120680499037347,1.09362159958277,1.05680217003576,1.013153864049342,1.120680499037347,1.09362159958277,1.05680217003576,1.013153864049342,1.120680499037347
1.344171322160149,1.092339383766429,1.098428859113842,1.048608456590046,1.156546354970846,1.092860654678011,1.098428859113842,1.048608456590046,1.156546354970846,1.092860654678011,1.098428859113842,1.048608456590046,1.156546354970846,1.092860654678011
1.347653631284916,1.092753123441021,1.07721700552243,1.073170456407436,1.069765444508171,1.053314860140832,1.07721700552243,0.9179759668975818,1.053876906679255,1.053314860140832,1.07721700552243,0.6075869878778734,1.0220998310214229,1.053314860140832
1.351135940409683,1.092983588276233,1.085958400948159,1.117381365879819,1.102092633925903,1.132209395960172,1.085958400948159,1.117381365879819,1.102092633925903,1.132209395960172,1.085958400948159,1.117381365879819,1.102092633925903,1.132209395960172
1.354618249534451,1.093412332277313,1.101554514468794,1.082515710610305,1.073396953185218,1.10317641391053,1.101554514468794,1.082515710610305,1.073396953185218,1.2516490138109226,1.101554514468794,1.082515710610305,1.073396953185218,1.5485942136117077
1.358100558659218,1.093632068023375,1.08714967902468,1.142990099314971,1.131799084336011,0.9472169667432032,1.08714967902468,1.142990099314971,1.131799084336011,0.9472169667432032,1.08714967902468,1.142990099314971,1.131799084336011,0.9472169667432032
1.361582867783985,1.09379580282443,1.100605404481783,1.101172143647218,1.08710069354526,1.256084063653466,1.100605404481783,1.101172143647218,1.08710069354526,1.256084063653466,1.100605404481783,1.101172143647218,1.08710069354526,1.256084063653466
1.365065176908752,1.094099623447399,1.07777157465761,1.102648390741984,1.028889049956582,1.153160265272611,1.07777157465761,1.102648390741984,1.028889049956582,1.153160265272611,1.07777157465761,1.102648390741984,1.028889049956582,1.153160265272611
1.36854748603352,1.094367721006459,1.085182448465044,1.146932631261315,1.073505512245708,1.21520193325965,1.085182448465044,1.146932631261315,1.073505512245708,1.21520193325965,1.085182448465044,1.146932631261315,1.073505512245708,1.21520193325965
1.372029795158287,1.094592524814625,1.088105617422556,1.119509589082537,1.045038037613556,1.135489624854008,1.088105617422556,1.119509589082537,1.045038037613556,1.135489624854008,1.088105617422556,1.119509589082537,1.045038037613556,1.135489624854008
1.375512104283054,1.094744058372348,1.106840469537764,1.04852302229308,1.159300400152961,1.049319824026515,1.106840469537764,1.04852302229308,1.159300400152961,1.049319824026515,1.106840469537764,1.04852302229308,1.159300400152961,1.049319824026515
1.378994413407821,1.094993350319109,1.089209013962902,1.153683140383295,1.144987898911463,1.087804031492551,1.089209013962902,1.153683140383295,1.144987898911463,1.087804031492551,1.089209013962902,1.153683140383295,1.144987898911463,1.087804031492551
1.382476722532588,1.095043495201276,1.096703612768047,1.075458704585508,1.111373685807515,1.103982264826272,1.096703612768047,1.075458704585508,1.111373685807515,1.103982264826272,1.096703612768047,1.075458704585508,1.111373685807515,1.103982264826272
1.385959031657356,1.09523335925371,1.086624144280052,1.084761035389307,1.070707910056531,1.089815852377781,1.086624144280052,1.084761035389307,1.070707910056531,1.089815852377781,1.086624144280052,1.084761035389307,1.070707910056531,1.089815852377781
1.389441340782123,1.0953385289688,1.0960640721964,1.117099419598204,1.115827739796779,1.085303864131958,1.0960640721964,1.117099419598204,1.115827739796779,1.085303864131958,1.0960640721964,1.117099419598204,1.115827739796779,1.085303864131958
1.39292364990689,1.095420145151523,1.110395762687341,1.090569882477399,1.108878470331225,1.045283648235396,1.110395762687341,1.090569882477399,1.108878470331225,1.045283648235396,1.110395762687341,1.090569882477399,1.108878470331225,1.045283648235396
1.396405959031657,1.095466709017355,1.095281947961792,1.032344020989891,1.044167307492138,1.027287383489052,1.095281947961792,1.032344020989891,1.044167307492138,1.027287383489052,1.095281947961792,1.032344020989891,1.044167307492138,1.027287383489052
1.399888268156425,1.09553704058847,1.101127839466829,1.125306402299445,1.105800157800972,1.071765778347119,1.101127839466829,1.125306402299445,1.105800157800972,1.071765778347119,1.101127839466829,1.125306402299445,1.105800157800972,1.071765778347119
1.403370577281192,1.095578495902074,1.093501463733551,1.080371988248811,1.057074632866666,1.217895412624517,1.093501463733551,0.9527932618342536,1.0408158287595977,1.217895412624517,1.093501463733551,0.6976358090051388,1.008298220545461,1.217895412624517
1.406852886405959,1.095603201693393,1.094007161073429,1.116142717386457,1.079252352927023,1.187192017683,1.094007161073429,1.116142717386457,1.079252352927023,1.187192017683,1.094007161073429,1.116142717386457,1.079252352927023,1.187192017683
1.410335195530726,1.09554635304251,1.104488135251835,1.079414705794464,1.058226887833314,1.06143829843566,1.104488135251835,1.079414705794464,1.058226887833314,1.06143829843566,1.104488135251835,1.079414705794464,1.058226887833314,1.06143829843566
1.413817504655493,1.095653671479856,1.102163435869085,1.104250253154889,1.140405013665502,1.035654848101184,1.102163435869085,1.104250253154889,1.140405013665502,1.035654848101184,1.102163435869085,1.104250253154889,1.140405013665502,1.035654848101184
1.417299813780261,1.09546399091395,1.098005538307134,1.12334953547772,1.106706224452768,1.025623275345723,1.098005538307134,1.12334953547772,1.106706224452768,1.025623275345723,1.098005538307134,1.12334953547772,1.106706224452768,1.025623275345723
1.420782122905028,1.095381694150366,1.097647492904723,1.066622869020941,1.131938234968715,1.1282104509114,1.097647492904723,1.066622869020941,1.131938234968715,1.1282104509114,1.097647492904723,1.066622869020941,1.131938234968715,1.1282104509114
1.424264432029795,1.095381498144615,1.090187551692788,1.103995688771961,1.07924334371902,1.100022969903438,1.090187551692788,1.103995688771961,1.07924334371902,1.100022969903438,1.090187551692788,1.103995688771961,1.07924334371902,1.100022969903438
1.427746741154562,1.095129520754025,1.108534923298516,1.121424185223547,1.189531303117165,1.20682976149604,1.108534923298516,1.121424185223547,1.189531303117165,1.1924239472330744,1.108534923298516,1.121424185223547,1.189531303117165,1.1636123187071434
1.43122905027933,1.09496557441044,1.091994692659429,1.085737928791436,1.033773588395722,1.074938984765199,1.091994692659429,1.277858744252757,1.033773588395722,1.074938984765199,1.091994692659429,1.6621003751753993,1.033773588395722,1.074938984765199
1.434711359404097,1.094793545030811,1.077426748760816,1.076739063390625,1.14423630383478,1.033204973851646,1.077426748760816,1.076739063390625,1.14423630383478,1.033204973851646,1.077426748760816,1.076739063390625,1.14423630383478,1.033204973851646
1.438193668528864,1.09464562937548,1.103244574639596,1.120536303754179,1.030098011081489,1.047348166414533,1.103244574639596,1.120536303754179,1.030098011081489,1.047348166414533,1.103244574639596,1.120536303754179,1.030098011081489,1.047348166414533
1.441675977653631,1.094449847588048,1.090522379224735,1.093925305558349,1.09084647277008,0.9933370521182142,1.090522379224735,1.093925305558349,1.09084647277008,0.9933370521182142,1.090522379224735,1.093925305558349,1.09084647277008,0.9933370521182142
1.445158286778399,1.094182584787427,1.093411159700046,1.119197928068872,1.150284383812803,1.18327790201804,1.093411159700046,1.119197928068872,1.150284383812803,1.18327790201804,1.093411159700046,1.119197928068872,1.150284383812803,1.18327790201804
1.448640595903166,1.093928762597465,1.105621927552227,1.030568228423979,1.055997879298519,0.9329879851408802,1.105621927552227,1.030568228423979,1.1364533299777402,0.9329879851408802,1.105621927552227,1.030568228423979,1.2973642313361824,0.9329879851408802
1.452122905027933,1.093673826073607,1.097281228660746,1.053225089306131,1.076472402859754,1.190111670743416,1.097281228660746,1.053225089306131,1.076472402859754,1.190111670743416,1.097281228660746,1.053225089306131,1.076472402859754,1.190111670743416
1.4556052141527,1.093385515425561,1.106988066755684,1.092327884396031,0.9923783393155045,1.13423566164751,1.106988066755684,1.092327884396031,0.9923783393155045,1.13423566164751,1.106988066755684,1.092327884396031,0.9923783393155045,1.13423566164751
1.459087523277467,1.093175977622878,1.073479659647678,1.070292677305591,1.044131018373579,1.072875953081935,1.073479659647678,1.070292677305591,1.044131018373579,1.072875953081935,1.073479659647678,1.070292677305591,1.044131018373579,1.072875953081935
1.462569832402235,1.092732188117251,1.090590942297081,1.125125297267106,1.048186321127942,1.121970441644047,1.090590942297081,1.125125297267106,1.0644283229378106,1.121970441644047,1.090590942297081,1.125125297267106,1.096912326557548,1.121970441644047
1.466052141527002,1.092281296869413,1.079261742151613,1.137912152369096,1.072141162825366,1.154175837283811,1.079261742151613,1.137912152369096,1.072141162825366,1.154175837283811,1.079261742151613,1.137912152369096,1.072141162825366,1.154175837283811
1.469534450651769,1.092004044538158,1.098227558235108,1.054885189710157,1.071402805894471,1.073757796681541,1.098227558235108,1.1244016908991348,1.071402805894471,1.073757796681541,1.098227558235108,1.2634346932770903,1.071402805894471,1.073757796681541
1.473016759776536,1.091480875874679,1.105945520984887,1.136661202914261,1.086289218651569,1.124026845091022,1.105945520984887,1.136661202914261,1.086289218651569,1.124026845091022,1.105945520984887,1.136661202914261,1.086289218651569,1.124026845091022
1.476499068901304,1.091070415392437,1.098826525890662,1.095047697366973,0.9925227688087211,1.099883586956068,1.0786138623422241,1.095047697366973,0.9925227688087211,1.099883586956068,1.0381885352453486,1.095047697366973,0.9925227688087211,1.099883586956068
1.479981378026071,1.090667390397349,1.100876733093548,1.060996320200956,1.074240867361837,1.039324739517784,1.100876733093548,1.060996320200956,1.074240867361837,0.9828452227826168,1.100876733093548,1.060996320200956,1.074240867361837,0.8698861893122821
1.483463687150838,1.090221699403693,1.089078301888522,1.038148559259748,1.140754366244702,1.158888107904529,1.089078301888522,1.038148559259748,1.140754366244702,1.158888107904529,1.089078301888522,1.038148559259748,1.140754366244702,1.158888107904529
1.486945996275605,1.089891237150397,1.085796324900177,1.070378489817889,1.063911632482401,1.057754192587691,1.0562062672630537,1.070378489817889,1.063911632482401,1.057754192587691,0.9970261519888071,1.070378489817889,1.063911632482401,1.057754192587691
1.490428305400372,1.089232712557674,1.079714684479976,1.088827497308001,1.049329948082029,1.0752676008371,1.079714684479976,1.088827497308001,1.049329948082029,1.0112841178002199,1.079714684479976,1.088827497308001,1.049329948082029,0.8833171517264595
1.49391061452514,1.088709437065167,1.082930493491644,1.09236769028984,1.162688792361643,0.9914308791449568,1.082930493491644,1.09236769028984,0.9941625528583082,0.9914308791449568,1.082930493491644,1.09236769028984,0.657110073851639,0.9914308791449568
1.497392923649907,1.088142190732521,1.084587933927307,1.046388771584032,1.010456894748444,1.046970043690375,1.084587933927307,1.046388771584032,1.010456894748444,1.046970043690375,1.084587933927307,1.046388771584032,1.010456894748444,1.046970043690375
1.500875232774674,1.087540500483617,1.071306314013448,1.126959223261783,1.127734819841422,1.082482450524173,1.071306314013448,1.126959223261783,1.127734819841422,1.082482450524173,1.071306314013448,1.126959223261783,1.127734819841422,1.082482450524173
1.504357541899441,1.086997077474618,1.104465552268262,1.057245856377839,1.081566922220512,1.086671952341244,1.104465552268262,1.057245856377839,1.1942835123519333,1.086671952341244,1.104465552268262,1.057245856377839,1.4197166926147764,1.086671952341244
1.507839851024209,1.086349384029955,1.075307070867733,1.128027744550997,1.093158100689721,1.189852404769894,1.075307070867733,1.081198534167422,1.093158100689721,1.189852404769894,1.075307070867733,0.9875401134002717,1.093158100689721,1.189852404769894
1.511322160148976,1.085689390033114,1.075261416818795,1.098756764385973,1.004646224295603,1.00359480466497,1.075261416818795,1.098756764385973,1.1032620611203319,1.00359480466497,1.075261416818795,1.098756764385973,1.3004937347697898,1.00359480466497
1.514804469273743,1.085313016666149,1.076938008941953,1.108183927514942,1.055896203912027,1.231056165230955,1.076938008941953,1.0913322643561165,1.055896203912027,1.231056165230955,1.076938008941953,1.0576289380384651,1.055896203912027,1.231056165230955
1.51828677839851,1.084485339310639,1.086306076341791,1.089143662272484,1.077722296462218,1.099894611696973,1.086306076341791,1.089143662272484,1.077722296462218,1.099894611696973,1.086306076341791,1.089143662272484,1.077722296462218,1.099894611696973
1.521769087523277,1.083818235447957,1.078709979678102,1.032717957756458,0.9949507093714208,1.017337874146598,1.1578037432115613,1.032717957756458,0.824957487800078,1.017337874146598,1.3159912702784804,1.032717957756458,0.4849710446573924,1.017337874146598
1.525251396648045,1.083137549891647,1.073193620562106,1.05474650490058,1.093634084502352,1.185868389712972,1.073193620562106,1.05474650490058,1.1307897300096776,1.185868389712972,1.073193620562106,1.05474650490058,1.205101021024329,1.185868389712972
1.528733705772812,1.082598589211478,1.081560394387477,1.029196093515322,1.091688169527363,1.017168855037956,1.081560394387477,1.029196093515322,1.091688169527363,1.2214921762905453,1.081560394387477,1.029196093515322,1.091688169527363,1.6301388187957233
1.532216014897579,1.08183580498555,1.08288947832001,1.038140898877998,1.07958487659501,1.190052447215504,1.08288947832001,1.038140898877998,1.07958487659501,1.190052447215504,1.08288947832001,1.038140898877998,1.07958487659501,1.190052447215504
1.535698324022347,1.081084836828219,1.071533094584691,1.141980923280503,0.997819531814261,1.189752235920251,1.071533094584691,0.987371315145262,0.997819531814261,1.189752235920251,1.071533094584691,0.6781520988747802,0.997819531814261,1.189752235920251
1.539180633147114,1.080230461538639,1.094810207976821,1.098748457189317,1.004673717037269,1.238872419288765,1.094810207976821,0.9040535092421255,1.004673717037269,1.238872419288765,1.094810207976821,0.5146636133477426,1.004673717037269,1.238872419288765
1.542662942271881,1.079575238267467,1.082105028660036,1.089881229458477,1.119821310939861,1.059052331988807,1.082105028660036,1.089881229458477,1.119821310939861,1.059052331988807,1.082105028660036,1.089881229458477,1.119821310939861,1.059052331988807
1.546145251396648,1.07891814902031,1.104985235994419,1.066807885459248,1.117142314979,1.093528049613919,1.104985235994419,1.066807885459248,1.117142314979,1.093528049613919,1.104985235994419,1.066807885459248,1.117142314979,1.093528049613919
1.549627560521415,1.077916325037154,1.083041411736197,1.073800882964101,1.004130929563087,0.9981458454583482,1.083041411736197,1.073800882964101,1.004130929563087,0.9981458454583482,1.083041411736197,1.073800882964101,1.004130929563087,0.9981458454583482
1.553109869646182,1.077216294692301,1.067230493578458,1.051779687570868,1.086845091184071,1.178420732958055,1.067230493578458,1.051779687570868,1.02646151153699,1.178420732958055,1.067230493578458,1.051779687570868,0.9056943522428281,1.178420732958055
1.55659217877095,1.076386348940071,1.070583039535323,1.070003804437971,1.079456577656891,1.053449061231727,1.070583039535323,1.070003804437971,1.079456577656891,1.053449061231727,1.070583039535323,1.070003804437971,1.079456577656891,1.053449061231727
1.560074487895717,1.075549719626953,1.080665099628424,1.052509142267069,1.117239392930704,1.168571966246456,1.080665099628424,1.052509142267069,1.117239392930704,1.168571966246456,1.080665099628424,1.052509142267069,1.117239392930704,1.168571966246456
1.563556797020484,1.074567411285682,1.084504578290186,1.041606837927248,1.057367310834425,1.142589091285748,1.084504578290186,0.9835262249372253,1.057367310834425,1.142589091285748,1.084504578290186,0.8673649989571799,1.057367310834425,1.142589091285748
1.567039106145252,1.073826581524917,1.070222009736745,1.110216964260505,1.095191239564034,1.127136250567534,1.070222009736745,1.110216964260505,1.095191239564034,1.127136250567534,1.070222009736745,1.110216964260505,1.095191239564034,1.127136250567534
1.570521415270019,1.073001257402217,1.081469716866952,1.052751737017718,1.051319345989246,1.123840454917896,1.081469716866952,1.052751737017718,1.0498736362491683,1.123840454917896,1.081469716866952,1.052751737017718,1.0469822167690126,1.123840454917896
1.574003724394786,1.072132459782243,1.074230149714311,1.064271832575354,1.102574677724901,1.013897467648096,1.074230149714311,1.064271832575354,1.102574677724901,1.013897467648096,1.074230149714311,1.064271832575354,1.102574677724901,1.013897467648096
1.577486033519553,1.071255197436965,1.060278304744919,1.066214858249053,1.075785443104191,1.128472375992852,1.060278304744919,1.066214858249053,1.075785443104191,1.128472375992852,1.060278304744919,1.066214858249053,1.075785443104191,1.128472375992852
1.58096834264432,1.070331634401279,1.064979301751546,1.079468199630194,1.061563929022382,1.130907821155226,1.064979301751546,1.079468199630194,1.061563929022382,1.130907821155226,1.064979301751546,1.079468199630194,1.061563929022382,1.130907821155226
1.584450651769088,1.069398787748972,1.077947785734325,1.012923841838593,1.1229968383942741,1.047176712581554,0.9990863649952555,1.012923841838593,1.1229968383942741,1.047176712581554,0.8413635235171164,1.012923841838593,1.1229968383942741,1.047176712581554
1.587932960893855,1.068530315522247,1.07363993039827,1.095814503082389,1.003413951603671,1.055677187690758,1.07363993039827,1.095814503082389,1.003413951603671,1.055677187690758,1.07363993039827,1.095814503082389,1.003413951603671,1.055677187690758
1.591415270018622,1.067660973773956,1.074553868742355,1.042647884289277,1.010308175922394,1.060928855846017,1.074553868742355,1.042647884289277,1.010308175922394,1.060928855846017,1.074553868742355,1.042647884289277,1.010308175922394,1.060928855846017
1.594897579143389,1.066779548925455,1.060493324343733,1.056891622734766,1.086781230606997,1.145926121024201,1.1197430347594177,1.056891622734766,1.086781230606997,1.145926121024201,1.2382424555907874,1.056891622734766,1.086781230606997,1.145926121024201
1.598379888268157,1.065970647606525,1.07555290828294,1.110129590029932,1.083130840445841,1.152809100214304,1.07555290828294,1.110129590029932,1.1807016859318669,1.152809100214304,1.07555290828294,1.110129590029932,1.3758433769039187,1.152809100214304
1.601862197392924,1.064944348805417,1.066150685608118,1.05333761937565,0.9945001089671276,1.103779136775781,1.066150685608118,1.05333761937565,0.9945001089671276,1.103779136775781,1.066150685608118,1.05333761937565,0.9945001089671276,1.103779136775781
1.605344506517691,1.064088428195539,1.082959442250866,1.106527478677378,1.070838606577803,0.9849860529950962,1.082959442250866,1.106527478677378,1.070838606577803,0.9849860529950962,1.082959442250866,1.106527478677378,1.070838606577803,0.9849860529950962
1.608826815642458,1.063055229969432,1.072645901745706,1.034061200931008,1.049829642381131,1.097143442166059,1.072645901745706,1.034061200931008,0.9716364081412376,1.097143442166059,1.072645901745706,1.034061200931008,0.8152499396614508,1.097143442166059
1.612309124767225,1.062185677839335,1.06707117104432,1.087567039068519,1.017781526336521,1.210836073398439,1.06707117104432,1.087567039068519,1.017781526336521,1.210836073398439,1.06707117104432,1.087567039068519,1.017781526336521,1.210836073398439
1.615791433891993,1.061312737078081,1.062184870628408,1.051994428525727,0.9646281418222888,1.092580664437541,1.1461909864748632,1.051994428525727,0.9646281418222888,1.0761462726070816,1.3142032181677732,1.051994428525727,0.9646281418222888,1.043277488946163
1.61927374301676,1.060254228138345,1.054387860076872,1.036313181640104,1.025908612538414,0.9863329548956792,1.054387860076872,1.036313181640104,1.025908612538414,0.9863329548956792,1.054387860076872,1.036313181640104,1.025908612538414,0.9863329548956792
1.622756052141527,1.059320372713807,1.072145206402932,1.057950980172114,1.02678763466757,1.143456885536358,1.072145206402932,1.057950980172114,1.02678763466757,1.143456885536358,1.072145206402932,1.057950980172114,1.02678763466757,1.143456885536358
1.626238361266294,1.058461620795391,1.090217759721478,1.038116100468446,1.093023239991802,1.04327544339392,1.090217759721478,1.038116100468446,1.093023239991802,1.04327544339392,1.090217759721478,1.038116100468446,1.093023239991802,1.04327544339392
1.629720670391062,1.057469300118905,1.061599356172811,1.07674046219766,1.116274258841356,1.047111282362037,1.061599356172811,1.07674046219766,1.116274258841356,1.1034466072780866,1.061599356172811,1.07674046219766,1.116274258841356,1.2161172571101857
1.633202979515829,1.056607277617117,1.070183183898019,1.072759577728367,1.022294398234235,1.171914304431835,1.070183183898019,1.072759577728367,1.0942534232257468,1.171914304431835,1.070183183898019,1.072759577728367,1.2381714732087707,1.171914304431835
1.636685288640596,1.055597609084612,1.04728677764883,1.043893693936551,0.9790268259761782,0.9841385424934266,1.04728677764883,1.043893693936551,0.9790268259761782,0.9841385424934266,1.04728677764883,1.043893693936551,0.9790268259761782,0.9841385424934266
1.640167597765363,1.054804443969254,1.061460349912986,1.010269358621282,1.065713773591006,1.063165043865884,1.061460349912986,1.010269358621282,1.065713773591006,1.063165043865884,1.061460349912986,1.010269358621282,1.065713773591006,1.063165043865884
1.64364990689013,1.0537668217525,1.058078469199037,1.071524219177478,1.131697144317204,1.063536741711426,1.058078469199037,1.071524219177478,1.131697144317204,0.9816467761783254,1.058078469199037,1.071524219177478,1.131697144317204,0.8178668451121242
1.647132216014898,1.052816635574866,1.06074713710136,1.05106935589713,1.075324874756954,0.9914899660013534,1.06074713710136,1.05106935589713,0.9204345633066426,0.9914899660013534,1.06074713710136,1.05106935589713,0.6106539404060202,0.9914899660013534
1.650614525139665,1.051940372283698,1.038027312702553,1.034338919047149,1.049519826474871,1.026511653176553,1.038027312702553,1.034338919047149,1.049519826474871,1.026511653176553,1.038027312702553,1.034338919047149,1.049519826474871,1.026511653176553
1.654096834264432,1.050885329073618,1.048550906416067,1.012665009191304,1.090435441992616,1.126172216930886,1.048550906416067,1.012665009191304,1.090435441992616,1.126172216930886,1.048550906416067,1.012665009191304,1.090435441992616,1.126172216930886
1.657579143389199,1.049968232354123,1.058845073945806,1.021300676009641,1.062279704810287,1.05600291025328,1.058845073945806,1.021300676009641,1.062279704810287,1.05600291025328,1.058845073945806,1.021300676009641,1.062279704810287,1.05600291025328
1.661061452513967,1.049198273851647,1.039174061337539,0.9855809908125546,1.054353679652548,0.9401157907535652,1.039174061337539,0.9855809908125546,1.054353679652548,0.9401157907535652,1.039174061337539,0.9855809908125546,1.054353679652548,0.9401157907535652
1.664543761638734,1.048412115774021,1.037915657005833,1.071355390917357,1.060128376762087,1.044256597307822,1.037915657005833,1.071355390917357,1.060128376762087,1.044256597307822,1.037915657005833,1.071355390917357,1.060128376762087,1.044256597307822
1.668026070763501,1.047429661931077,1.040600461533234,1.088839473062136,1.037375988451285,1.02824011559844,1.040600461533234,1.088839473062136,1.037375988451285,1.02824011559844,1.040600461533234,1.088839473062136,1.037375988451285,1.02824011559844
1.671508379888268,1.046515483097124,1.051690551831318,1.059666275974941,1.027441398646882,0.9781045082419488,1.051690551831318,1.059666275974941,1.011217932113921,0.9781045082419488,1.051690551831318,1.059666275974941,0.9787709990479992,0.9781045082419488
1.674990689013035,1.045644237188263,1.052350660549227,1.055832752578107,1.022419912069886,1.096061561972469,1.052350660549227,1.055832752578107,1.022419912069886,1.096061561972469,1.052350660549227,1.055832752578107,1.022419912069886,1.096061561972469
1.678472998137803,1.044857389726174,1.051615424599001,1.040549531470221,1.108104881953325,1.11394893610323,1.051615424599001,0.9381196203335653,1.108104881953325,1.11394893610323,1.051615424599001,0.7332597980602544,1.108104881953325,1.11394893610323
1.68195530726257,1.043886630120274,1.02602597926058,1.034454299486593,1.056471253918797,1.045919651534282,1.02602597926058,1.034454299486593,1.056471253918797,1.045919651534282,1.02602597926058,1.034454299486593,1.056471253918797,1.045919651534282
1.685437616387337,1.042996193024979,1.03283476115866,1.034826499429228,1.02092780662063,1.103624506036296,1.03283476115866,1.034826499429228,1.02092780662063,1.103624506036296,1.03283476115866,1.034826499429228,1.02092780662063,1.103624506036296
1.688919925512104,1.042122678099194,1.049844301581618,1.094117438727134,1.113546895718474,0.9907367754924884,1.049844301581618,1.094117438727134,1.113546895718474,0.9907367754924884,1.049844301581618,1.094117438727134,1.113546895718474,0.9907367754924884
1.692402234636872,1.041276504872533,1.046133873702426,1.038879388062445,1.118271752027244,0.9657903937852328,1.046133873702426,1.038879388062445,1.118271752027244,0.9657903937852328,1.046133873702426,1.038879388062445,1.118271752027244,0.9657903937852328
1.695884543761639,1.040339999787763,1.060296504759389,1.014767509476105,1.019516404864489,0.9680083959462356,1.060296504759389,1.014767509476105,1.019516404864489,0.9680083959462356,1.060296504759389,1.014767509476105,1.019516404864489,0.9680083959462356
1.699366852886406,1.039613219817034,1.039506887413777,1.103725791225572,0.9454414826342248,1.175858571957225,1.039506887413777,1.103725791225572,0.9454414826342248,1.175858571957225,1.039506887413777,1.103725791225572,0.9454414826342248,1.175858571957225
1.702849162011173,1.038824506741333,1.051776059020366,1.043435124641674,1.049364090241085,1.075016288570543,1.051776059020366,1.043435124641674,1.049364090241085,1.075016288570543,1.051776059020366,1.043435124641674,1.049364090241085,1.075016288570543
1.706331471135941,1.038068213682573,1.038968493593009,1.040621966358875,1.037427802841302,0.9837940336560054,1.0368955256492527,1.040621966358875,1.037427802841302,0.9837940336560054,1.0327495897617402,1.040621966358875,1.037427802841302,0.9837940336560054
1.709813780260708,1.037294254369803,1.025770580646906,1.042141132774976,1.006449160773222,1.049412072537893,1.025770580646906,1.042141132774976,1.006449160773222,1.049412072537893,1.025770580646906,1.042141132774976,1.006449160773222,1.049412072537893
1.713296089385475,1.0362392540932721,1.048758272962361,0.9785382431533464,1.019522024122016,0.8707237715910747,1.1840365380138462,0.9785382431533464,1.019522024122016,0.8707237715910747,1.4545930681168164,0.9785382431533464,1.019522024122016,0.8707237715910747
1.716778398510242,1.035686222997134,1.044139437555532,1.021738769413144,0.9604737909999224,0.9791618204360268,1.044139437555532,1.021738769413144,0.9604737909999224,0.9791618204360268,1.044139437555532,1.021738769413144,0.9604737909999224,0.9791618204360268
1.720260707635009,1.03496126435172,1.031950815500248,1.025205946344603,0.9715146165464312,1.075458968170447,1.031950815500248,1.025205946344603,1.072615176454665,1.075458968170447,1.031950815500248,1.025205946344603,1.2748162962711327,1.075458968170447
1.723743016759777,1.034241786704251,1.042343406427914,1.073112521683794,0.9869802998861136,1.037179156623793,1.042343406427914,1.073112521683794,0.9869802998861136,1.037179156623793,1.042343406427914,1.073112521683794,0.9869802998861136,1.037179156623793
1.727225325884544,1.033518573840712,1.022174200664206,1.024468283761896,1.010971566386371,0.959629307233665,1.022174200664206,1.024468283761896,1.010971566386371,0.959629307233665,1.022174200664206,1.024468283761896,1.010971566386371,0.959629307233665
1.730707635009311,1.032801783101762,1.045388481483303,1.027215517298613,1.102538025124818,1.151559225615326,1.045388481483303,1.027215517298613,1.102538025124818,1.151559225615326,1.045388481483303,1.027215517298613,1.102538025124818,1.151559225615326
1.734189944134078,1.032083093368016,1.04732413564938,1.015547240074566,1.040621159054368,1.132500123699233,1.04732413564938,1.015547240074566,1.040621159054368,1.132500123699233,1.04732413564938,1.015547240074566,1.040621159054368,1.132500123699233
1.737672253258846,1.030669974981024,1.01615748064445,1.020658943289958,1.098381627753082,1.024243165181243,1.01615748064445,1.020658943289958,1.098381627753082,1.024243165181243,1.01615748064445,1.020658943289958,1.098381627753082,1.024243165181243
1.741154562383613,1.027721871311265,1.025572943499504,1.05463416325622,1.046634597127537,0.9320199335956558,1.025572943499504,1.05463416325622,1.046634597127537,0.9320199335956558,1.025572943499504,1.05463416325622,1.046634597127537,0.9320199335956558
1.74463687150838,1.023850573041774,1.021076775868135,1.072639593928101,0.9946606419688032,1.038542206687046,1.021076775868135,1.072639593928101,0.9946606419688032,1.038542206687046,1.021076775868135,1.072639593928101,0.9946606419688032,1.038542206687046
1.748119180633147,1.018992443885299,1.018421343978925,1.004376409171554,1.050048571121833,1.03900952659811,1.018421343978925,1.004376409171554,1.050048571121833,1.03900952659811,1.018421343978925,1.004376409171554,1.050048571121833,1.03900952659811
1.751601489757914,1.013437014415189,1.016013374167006,1.059112496782285,1.007126846577505,0.8959144290512695,1.016013374167006,1.059112496782285,1.0437695751521971,0.8959144290512695,1.016013374167006,1.059112496782285,1.1170550323015813,0.8959144290512695
1.755083798882682,1.007093451266907,1.005507165666663,0.9232389774748496,0.917222458707484,1.027990088143086,1.005507165666663,0.9232389774748496,0.917222458707484,1.027990088143086,1.005507165666663,0.9232389774748496,0.917222458707484,1.027990088143086
1.758566108007449,1.000319105206464,0.9954983945945096,1.043454757065381,0.9915893611372676,0.9944936738700372,0.9322900010037625,1.043454757065381,1.218667682817488,0.9944936738700372,0.8058732138222684,1.043454757065381,1.672824326177929,0.9944936738700372
1.762048417132216,0.992889795889206,1.005198521450314,0.8961603894549499,0.9970572741023962,0.9483216634443796,1.005198521450314,0.8961603894549499,0.9970572741023962,0.9483216634443796,1.005198521450314,0.8961603894549499,0.9970572741023962,0.9483216634443796
1.765530726256983,0.9850159633099448,0.9814769835161774,0.9769050868412524,0.9181832499832644,0.9607913672693312,0.9814769835161774,0.9769050868412524,0.9181832499832644,0.9607913672693312,0.9814769835161774,0.9769050868412524,0.9181832499832644,0.9607913672693312
1.769013035381751,0.976723815788249,0.9701432950344456,0.9383703079607704,0.9536977444097544,0.9006183758312194,0.9701432950344456,0.9383703079607704,0.9536977444097544,0.9006183758312194,0.9701432950344456,0.9383703079607704,0.9536977444097544,0.9006183758312194
1.772495344506518,0.9679460103844107,0.9640468107295372,0.936775400132812,1.023592942370116,0.9926655853848269,0.9640468107295372,0.9730404092250351,1.0441330961610082,0.9926655853848269,0.9640468107295372,1.0455704274094813,1.0852134037427927,0.9926655853848269
1.775977653631285,0.959024055365166,0.9592053142647734,0.9805452754837956,0.9856759362075188,1.025474180217425,0.9592053142647734,0.9805452754837956,0.9856759362075188,1.025474180217425,0.9592053142647734,0.9805452754837956,0.9856759362075188,1.025474180217425
1.779459962756052,0.9494352273178936,0.9625291680744577,0.9935677540448388,0.8980588780406162,1.023854623559795,0.9512481693206802,0.8659006329254352,0.8980588780406162,1.023854623559795,0.9286861718131254,0.6105663906866281,0.8980588780406162,1.023854623559795
1.782942271880819,0.9398258209355822,0.9354764464873514,0.9422094537633716,0.8709440651084485,0.9497060215937436,0.9354764464873514,0.9422094537633716,0.8709440651084485,0.9497060215937436,0.9354764464873514,0.9422094537633716,0.8709440651084485,0.9497060215937436
1.786424581005587,0.9299553040211228,0.9317751107000016,0.9471761508707474,0.938038062603636,0.9845059742788864,1.1054890506026964,0.9471761508707474,0.9559732689213093,0.9845059742788864,1.4529169304080858,0.9471761508707474,0.9918436815566558,0.9845059742788864
1.789906890130354,0.9198463196668694,0.9310479090626768,0.9268393202101796,0.775734626563213,0.831623272604209,0.9310479090626768,0.9268393202101796,0.775734626563213,0.831623272604209,0.9310479090626768,0.9268393202101796,0.775734626563213,0.831623272604209
1.793389199255121,0.9095512567091194,0.9016074416915332,0.9350939962728098,0.9780209962481858,1.031340954712955,0.9016074416915332,0.9350939962728098,0.9780209962481858,1.031340954712955,0.9016074416915332,0.9350939962728098,0.9780209962481858,1.031340954712955
1.796871508379888,0.8992208516506357,0.8999137260384874,0.9164129952686324,0.8247331971631233,0.983189807166736,0.8999137260384874,0.9164129952686324,0.8247331971631233,0.983189807166736,0.8999137260384874,0.9164129952686324,0.8247331971631233,0.983189807166736
1.800353817504656,0.8889885018983408,0.9167437352091532,0.885414921079401,0.8472327920577071,0.9536104165742536,0.9167437352091532,0.9544040942221383,0.8472327920577071,0.9313853167508797,0.9167437352091532,1.092382440507613,0.8472327920577071,0.8869351171041316
1.803836126629423,0.8785695791551614,0.8619251337794058,0.8280698745740114,0.7851345422297279,0.8762440718170299,0.8619251337794058,0.8280698745740114,0.7851345422297279,0.8762440718170299,0.8619251337794058,0.8280698745740114,0.7851345422297279,0.8762440718170299
1.80731843575419,0.8681740164114797,0.8802090078643763,0.7972299391756709,0.8324893143532923,0.9235205772414576,0.8802090078643763,0.7972299391756709,0.9082935395448338,0.9235205772414576,0.8802090078643763,0.7972299391756709,1.0599019899279167,0.9235205772414576
1.810800744878957,0.8579380440410281,0.8466342817836194,0.8537194676109274,0.8509567089097099,0.7499461197727181,0.8466342817836194,0.8537194676109274,0.8509567089097099,0.7499461197727181,0.8466342817836194,0.8537194676109274,0.8509567089097099,0.7499461197727181
1.814283054003724,0.8478169490814746,0.8439727499103987,0.8120661702341025,0.90721291231654,0.8657344914366916,0.8439727499103987,0.8120661702341025,0.90721291231654,0.7501546267617983,0.8439727499103987,0.8120661702341025,0.90721291231654,0.5189948974120119
1.817765363128492,0.837852319499662,0.8373022558869685,0.8879044589259889,0.8161079013685686,0.7571864121808828,0.8373022558869685,0.8879044589259889,0.8161079013685686,0.7571864121808828,0.8373022558869685,0.8879044589259889,0.8161079013685686,0.7571864121808828
1.821247672253259,0.8282207313643463,0.8140657551769298,0.8556890790967998,0.766367307175698,0.8501608766867499,0.8140657551769298,0.8556890790967998,0.766367307175698,0.8501608766867499,0.8140657551769298,0.8556890790967998,0.766367307175698,0.8501608766867499
1.824729981378026,0.8189244678555183,0.8119593754864827,0.7768283980276877,0.7812671855173219,0.7729763795225446,0.743517144546184,0.7768283980276877,0.7812671855173219,0.7729763795225446,0.6066326826655867,0.7768283980276877,0.7812671855173219,0.7729763795225446
1.828212290502793,0.8101493576178661,0.797893127576257,0.8470978283786623,0.8694013133295923,0.67778746263875,0.797893127576257,0.8470978283786623,0.8694013133295923,0.675681426250093,0.797893127576257,0.8470978283786623,0.8694013133295923,0.671469353472779
1.831694599627561,0.801658360877433,0.8026476624067513,0.8272804210249194,0.8797125076740787,0.7462845383034284,0.8026476624067513,0.8272804210249194,0.8797125076740787,0.7462845383034284,0.8026476624067513,0.8272804210249194,0.8797125076740787,0.7462845383034284
1.835176908752328,0.7935945000665611,0.8014566785908885,0.8077450374712526,0.8180342827358251,0.7893025577846622,0.8014566785908885,0.8077450374712526,0.8180342827358251,0.7893025577846622,0.8014566785908885,0.8077450374712526,0.8180342827358251,0.7893025577846622
1.838659217877095,0.7861210352021569,0.797436687271617,0.792640257851315,0.834738579863721,0.8147199637173207,0.797436687271617,0.792640257851315,0.834738579863721,0.8147199637173207,0.797436687271617,0.792640257851315,0.834738579863721,0.8147199637173207
1.842141527001862,0.7794074000093552,0.7766523583222874,0.7543728985973142,0.7531745758037465,0.7941533017566046,0.7766523583222874,0.7543728985973142,0.7531745758037465,0.7941533017566046,0.7766523583222874,0.7543728985973142,0.7531745758037465,0.7941533017566046
1.84562383612663,0.7731036586657803,0.762765943541354,0.7532998016238539,0.7528507723704028,0.792792193303184,0.8215014248463086,0.7532998016238539,0.7528507723704028,0.792792193303184,0.9389723874562177,0.7532998016238539,0.7528507723704028,0.792792193303184
1.849106145251397,0.7677346167597414,0.7505586511693205,0.8091047395662478,0.8345342277466694,0.8919381611693021,0.7505586511693205,0.8091047395662478,0.8345342277466694,0.8919381611693021,0.7505586511693205,0.8091047395662478,0.8345342277466694,0.8919381611693021
1.852588454376164,0.762996680600511,0.7802225497327633,0.7161154806269318,0.7453702212667338,0.7969064756800431,0.7802225497327633,0.6541011203517253,0.7453702212667338,0.7969064756800431,0.7802225497327633,0.5300723998013124,0.7453702212667338,0.7969064756800431
1.856070763500931,0.7592608056130516,0.7617697907149389,0.750198099275612,0.7917379189240445,0.7763709383658887,0.7617697907149389,0.750198099275612,0.7917379189240445,0.7763709383658887,0.7617697907149389,0.750198099275612,0.7917379189240445,0.7763709383658887
1.859553072625698,0.7560191819532935,0.7539080500243202,0.7626693063481129,0.7282808623746312,0.7501063206818319,0.7539080500243202,0.7626693063481129,0.8195430791103402,0.7501063206818319,0.7539080500243202,0.7626693063481129,1.0020675125817584,0.7501063206818319
1.863035381750466,0.7538932166511754,0.7428837676177761,0.775611735262417,0.7910688837922845,0.7475139217661076,0.7428837676177761,0.775611735262417,0.7910688837922845,0.7475139217661076,0.7428837676177761,0.775611735262417,0.7910688837922845,0.7475139217661076
1.866517690875233,0.7526695520300369,0.7357774732078655,0.7777949762878507,0.699676401841491,0.8632343959037148,0.7357774732078655,0.7777949762878507,0.699676401841491,0.8632343959037148,0.7357774732078655,0.7777949762878507,0.699676401841491,0.8632343959037148
1.87,0.7522989688517777,0.7709337204025625,0.7463576367506635,0.7379645525428802,0.7424213129952627,0.7709337204025625,0.7463576367506635,0.7379645525428802,0.7146010678404883,0.7709337204025625,0.7463576367506635,0.7379645525428802,0.6589605775309393
1.873482309124767,0.7528086188735292,0.7647567395186994,0.7956560308150493,0.8431295298315084,0.7063189955022658,0.7647567395186994,0.7956560308150493,0.8431295298315084,0.7063189955022658,0.7647567395186994,0.7956560308150493,0.8431295298315084,0.7063189955022658
1.876964618249535,0.7541374019603497,0.7555853458586999,0.7478822633239453,0.704610525643089,0.8574910280460514,0.7555853458586999,0.7478822633239453,0.704610525643089,0.8574910280460514,0.7555853458586999,0.7478822633239453,0.704610525643089,0.8574910280460514
1.880446927374302,0.7565925270514527,0.7404808375266241,0.7587972521241162,0.708594487812238,0.9192896851229296,0.7484010434945865,0.7587972521241162,0.708594487812238,0.9192896851229296,0.7642414554305114,0.7587972521241162,0.708594487812238,0.9192896851229296
1.883929236499069,0.7596207247101704,0.7815551387877597,0.7960694435487169,0.824793251725271,0.7431901592580448,0.7815551387877597,0.7047742785458673,0.824793251725271,0.8259094770423232,0.7815551387877597,0.522183948540168,0.824793251725271,0.9913481126108801
1.887411545623836,0.76367279975467806,0.75974176255907,0.7276069212041993,0.7443245143012507,0.8391912601241015,0.75974176255907,0.7276069212041993,0.7443245143012507,0.8391912601241015,0.75974176255907,0.7276069212041993,0.7443245143012507,0.8391912601241015
1.890893854748603,0.7684524267037024,0.7666479286591582,0.7590888319240118,0.7123430358926602,0.7258895390305876,0.7666479286591582,0.7590888319240118,0.7123430358926602,0.7258895390305876,0.7666479286591582,0.7590888319240118,0.7123430358926602,0.7258895390305876
1.894376163873371,0.7740573155307228,0.7623685401885492,0.7735342419095944,0.8054516575260365,0.6845189388886734,0.7623685401885492,0.7735342419095944,0.8054516575260365,0.6845189388886734,0.7623685401885492,0.7735342419095944,0.8054516575260365,0.6845189388886734
1.897858472998138,0.7802933840481733,0.7781338173000669,0.7800144470870358,0.7482351091216859,0.7669999268051675,0.7450046720816585,0.7800144470870358,0.7482351091216859,0.7669999268051675,0.6787463816448418,0.7800144470870358,0.7482351091216859,0.7669999268051675
1.901340782122905,0.7871479434211759,0.7784375161790715,0.8212717794786879,0.8476744134738403,0.7277983789823522,0.7784375161790715,0.8212717794786879,0.8476744134738403,0.7277983789823522,0.7784375161790715,0.8212717794786879,0.8476744134738403,0.7277983789823522
1.904823091247672,0.7945912401210189,0.7929491789654146,0.8122276168671136,0.8129445375251038,0.7958459986095427,0.7929491789654146,0.8122276168671136,0.8129445375251038,0.7958459986095427,0.7929491789654146,0.8122276168671136,0.8129445375251038,0.7958459986095427
1.90830540037244,0.8027804545845115,0.805791379834616,0.8223453296245478,0.7893364665854423,0.9492615454241724,0.805791379834616,0.8391029633483729,0.7893364665854423,0.9492615454241724,0.805791379834616,0.872618230796023,0.7893364665854423,0.9492615454241724
1.9117877094972071,0.8113327980549707,0.809162453039348,0.8154676680023555,0.8450427974236792,0.817770268996209,0.809162453039348,0.8154676680023555,0.8450427974236792,0.817770268996209,0.809162453039348,0.8154676680023555,0.8450427974236792,0.817770268996209
1.915270018621974,0.8203010242450826,0.8209800072543854,0.8470427035174406,0.8345496996355505,0.8357991190636371,0.8209800072543854,0.8470427035174406,0.8345496996355505,0.8357991190636371,0.8209800072543854,0.8470427035174406,0.8345496996355505,0.8357991190636371
1.918752327746741,0.8297648551273739,0.821280177318285,0.8232999634497598,0.8109763070749451,0.7233074339908642,0.821280177318285,0.8232999634497598,0.8109763070749451,0.7233074339908642,0.821280177318285,0.8232999634497598,0.8109763070749451,0.7233074339908642
1.922234636871508,0.839417021772115,0.830099785084871,0.8618167759489066,0.8372331216095857,0.9673218040808949,0.830099785084871,0.8618167759489066,0.8372331216095857,0.9673218040808949,0.830099785084871,0.8618167759489066,0.8372331216095857,0.9673218040808949
1.925716945996276,0.849387153470327,0.8396628105734099,0.8231704580362318,0.839033520275405,0.7396643278663273,0.8396628105734099,0.8231704580362318,0.839033520275405,0.7396643278663273,0.8396628105734099,0.8231704580362318,0.839033520275405,0.7396643278663273
1.929199255121043,0.8595964947307069,0.86427764989114,0.862568378085572,0.8436495517266417,0.8845000612267175,0.86427764989114,0.862568378085572,0.8436495517266417,0.8845000612267175,0.86427764989114,0.862568378085572,0.8436495517266417,0.8845000612267175
1.93268156424581,0.8699164847031327,0.863695000464607,0.8875740032266264,0.9262428719303673,0.9701696783989988,0.863695000464607,0.8875740032266264,0.9262428719303673,0.9701696783989988,0.863695000464607,0.8875740032266264,0.9262428719303673,0.9701696783989988
1.936163873370577,0.8802809170033372,0.8695060639529365,0.8909060010045067,0.8793507417621086,0.9965525484850069,0.9650539461053154,0.8909060010045067,0.8793507417621086,0.9965525484850069,1.1561497104100729,0.8909060010045067,0.8793507417621086,0.9965525484850069
1.939646182495345,0.8906887466851114,0.8972167691918951,0.913373028580306,0.9136043337446316,0.9500812649046606,0.8972167691918951,0.913373028580306,0.9136043337446316,0.9500812649046606,0.8972167691918951,0.913373028580306,0.9136043337446316,0.9500812649046606
1.943128491620112,0.9010575707980018,0.8952965431749518,0.8501388521597623,1.004642989073707,0.8585086411034986,0.8952965431749518,0.8501388521597623,1.004642989073707,0.8585086411034986,0.8952965431749518,0.8501388521597623,1.004642989073707,0.8585086411034986
1.946610800744879,0.9114352193129628,0.9255191537700642,0.915682794733484,1.000665208910372,0.9087187116530324,0.8772601524978664,0.915682794733484,1.000665208910372,1.0219580569983067,0.7807421499534706,0.915682794733484,1.000665208910372,1.2484367476888552
1.950093109869646,0.9216988791617212,0.9218849427955548,0.9126786395499584,0.943795687784783,0.9594286200326706,0.9218849427955548,0.9126786395499584,0.943795687784783,0.8268630645134716,0.9218849427955548,0.9126786395499584,0.943795687784783,0.5617319534750734
1.953575418994413,0.9318718572139564,0.9437266495342476,0.8689374555882964,0.9270373645270188,0.8004109669748416,0.9204758985763747,0.8689374555882964,0.9270373645270188,0.8004109669748416,0.873974396660629,0.8689374555882964,0.9270373645270188,0.8004109669748416
1.957057728119181,0.9417885033275528,0.9474961640105584,0.9589922020055144,0.9373048410133922,0.9353987276532334,0.9474961640105584,0.9589922020055144,1.0988934769521803,1.0282722673238613,0.9474961640105584,0.9589922020055144,1.4220707488297564,1.2140193466651175
1.960540037243948,0.9513667123927376,0.939370544894058,0.9396530560137222,0.9699227446621588,0.9497867091041178,0.939370544894058,0.9396530560137222,0.9699227446621588,0.9497867091041178,0.939370544894058,0.9396530560137222,0.9699227446621588,0.9497867091041178
1.964022346368715,0.9607610371813472,0.9610137437537488,0.9246825829366876,0.8912342369585359,1.051275245003907,0.9610137437537488,0.9246825829366876,0.8912342369585359,1.101280041264826,0.9610137437537488,0.9246825829366876,0.8912342369585359,1.2012896337866643
1.967504655493483,0.9699423963063196,0.990108456636546,0.995404346571188,0.8908991930058123,0.9661989129374254,0.990108456636546,0.995404346571188,0.8908991930058123,0.9661989129374254,0.990108456636546,0.995404346571188,0.8908991930058123,0.9661989129374254
1.97098696461825,0.9786155961523888,0.9737266685237254,0.9705332304051322,1.079045971097937,0.9516287278770538,0.9737266685237254,0.9705332304051322,1.079045971097937,0.9516287278770538,0.9737266685237254,0.9705332304051322,1.079045971097937,0.9516287278770538
1.974469273743017,0.9869448934627032,0.9877446234886348,1.002079876838417,0.9910388454878444,0.9627687860681134,0.9877446234886348,1.002079876838417,0.9910388454878444,0.9627687860681134,0.9877446234886348,1.002079876838417,0.9910388454878444,0.9627687860681134
1.977951582867784,0.9947566146484226,0.9902466591140222,1.028349704788172,1.014369502944137,0.9494482466610354,0.9902466591140222,1.028349704788172,0.9069611862582266,0.859693921190445,0.9902466591140222,1.028349704788172,0.6921445528864056,0.6801852702492641
1.981433891992551,1.002102103530248,1.007510911937762,1.00389170840266,0.9454538881628208,0.94050427904014,0.8717878487013934,1.00389170840266,0.9454538881628208,0.94050427904014,0.6003417222286558,1.00389170840266,0.9454538881628208,0.94050427904014
1.984916201117318,1.008964367156371,0.9933517362982855,1.001968247445812,1.017367745675247,0.960948144382848,0.9933517362982855,1.001968247445812,1.017367745675247,0.960948144382848,0.9933517362982855,1.001968247445812,1.017367745675247,0.960948144382848
1.988398510242086,1.01519430001729,0.999417077374077,1.000271886889455,0.96959992614557,0.8642436635101816,0.999417077374077,1.000271886889455,0.96959992614557,0.8642436635101816,0.999417077374077,1.000271886889455,0.96959992614557,0.8642436635101816
1.991880819366853,1.020632295604328,1.023539384659589,1.01779176903515,1.025249432724221,1.089469546910297,1.023539384659589,1.01779176903515,1.025249432724221,1.1287062937112995,1.023539384659589,1.01779176903515,1.025249432724221,1.207179787313304
1.99536312849162,1.02536578525176,1.022099173091532,1.02479952023809,1.070575985081862,0.9756410652486184,1.022099173091532,1.02479952023809,1.070575985081862,0.9756410652486184,1.022099173091532,1.02479952023809,1.070575985081862,0.9756410652486184
1.9988454376163871,1.029216325148245,1.031251109624696,1.016994813349776,0.9286491286184332,1.002068619479609,1.031251109624696,1.016994813349776,0.9286491286184332,1.002068619479609,1.031251109624696,1.016994813349776,0.9286491286184332,1.002068619479609
2.002327746741155,1.031974401636011,1.017480614890814,1.012550499237852,1.008608200872848,1.056608155277908,1.017480614890814,1.012550499237852,1.008608200872848,1.056608155277908,1.017480614890814,1.012550499237852,1.008608200872848,1.056608155277908
2.005810055865922,1.033082824852375,1.033985147457108,1.060534100849424,0.9750789510590852,1.105987209459334,1.033985147457108,1.060534100849424,0.9750789510590852,1.105987209459334,1.033985147457108,1.060534100849424,0.9750789510590852,1.105987209459334
2.009292364990689,1.033777521439781,1.033284017834264,0.9938664594463156,1.057164244342569,1.099936652929537,1.0384829237065096,0.9938664594463156,1.057164244342569,1.099936652929537,1.0488807354510008,0.9938664594463156,1.057164244342569,1.099936652929537
2.012774674115456,1.034452225245585,1.032033470911189,1.002889424325946,1.039870000597428,1.133881950102187,1.032033470911189,1.002889424325946,1.039870000597428,1.133881950102187,1.032033470911189,1.002889424325946,1.039870000597428,1.133881950102187
2.016256983240224,1.035102147942442,1.042776902697571,1.018613717325733,1.189319969948942,1.103494182394371,1.042776902697571,1.018613717325733,1.189319969948942,1.103494182394371,1.042776902697571,1.018613717325733,1.189319969948942,1.103494182394371
2.019739292364991,1.035869834521361,1.032700987617575,1.032812671706894,1.073846805658641,0.935131680419872,1.032700987617575,1.032812671706894,1.073846805658641,0.935131680419872,1.032700987617575,1.032812671706894,1.073846805658641,0.935131680419872
2.023221601489758,1.036576635700255,1.04722468332758,1.101313611764628,0.9843918459137224,1.043580750625377,1.04722468332758,1.101313611764628,0.9843918459137224,1.043580750625377,1.04722468332758,1.101313611764628,0.9843918459137224,1.043580750625377
2.026703910614525,1.037375701049458,1.040340991755561,0.9856134541064308,1.109816917689523,1.095067810986489,1.040340991755561,0.9856134541064308,1.109816917689523,1.095067810986489,1.040340991755561,0.9856134541064308,1.109816917689523,1.095067810986489
2.030186219739293,1.0380066104884491,1.044277164163694,1.023409400709477,0.9530791485994398,1.042202294746506,1.044277164163694,1.023409400709477,0.9530791485994398,1.042202294746506,1.044277164163694,1.023409400709477,0.9530791485994398,1.042202294746506
2.03366852886406,1.038759672910407,1.048957593965992,1.048945060508584,1.087882162840376,1.021516302938502,1.048957593965992,0.9637653546674476,1.1326032339031242,0.8487188774378525,1.048957593965992,0.793405942985175,1.2220453760286205,0.5031240264365536
2.037150837988827,1.039491472994445,1.045624973225756,1.026014020802838,0.96607414795633,1.090139441466593,1.045624973225756,1.026014020802838,0.914683438076915,1.1162526129267334,1.045624973225756,1.026014020802838,0.8119020183180851,1.168478955847014
2.040633147113594,1.040336343586913,1.031197266118119,1.054442449442151,1.105585986863282,1.060091958035182,1.031197266118119,1.054442449442151,1.105585986863282,1.060091958035182,1.031197266118119,1.054442449442151,1.105585986863282,1.060091958035182
2.044115456238361,1.04101883304537,1.05564432085569,1.031092380714626,1.061441751287324,1.019670094295242,1.05564432085569,1.031092380714626,1.061441751287324,1.019670094295242,1.05564432085569,1.031092380714626,1.061441751287324,1.019670094295242
2.047597765363129,1.041868771564937,1.054386000254919,1.035351030590504,1.054752963586665,1.074920642032589,1.054386000254919,1.035351030590504,1.054752963586665,1.074920642032589,1.054386000254919,1.035351030590504,1.054752963586665,1.074920642032589
2.051080074487896,1.042723381595722,1.047990375758085,1.040521400519117,0.9951020895066808,1.065899553985125,1.047990375758085,1.040521400519117,0.9951020895066808,1.065899553985125,1.047990375758085,1.040521400519117,0.9951020895066808,1.065899553985125
2.054562383612663,1.043471066833611,1.055315403376555,1.00268710587388,1.023692806316064,0.9691615452343864,1.055315403376555,1.00268710587388,1.023692806316064,0.9691615452343864,1.055315403376555,1.00268710587388,1.023692806316064,0.9691615452343864
2.05804469273743,1.044323551607376,1.051111298883004,1.025029237217295,1.061416982299028,1.017415258996109,1.051111298883004,1.025029237217295,1.061416982299028,1.017415258996109,1.051111298883004,1.025029237217295,1.061416982299028,1.017415258996109
2.061527001862197,1.045162593147891,1.048900612490284,1.036354682890062,1.057449014168644,1.094330200476075,1.048900612490284,1.036354682890062,1.057449014168644,1.094330200476075,1.048900612490284,1.036354682890062,1.057449014168644,1.094330200476075
2.065009310986965,1.045951825390824,1.045570581950745,1.060442945648804,1.080805926311455,1.051586620112117,1.045570581950745,1.060442945648804,1.080805926311455,1.051586620112117,1.045570581950745,1.060442945648804,1.080805926311455,1.051586620112117
2.068491620111732,1.046735785130001,1.040899718944644,1.053424195315745,1.075828469252176,1.198221130915919,0.8847308137276981,1.053424195315745,1.075828469252176,1.2508042943416102,0.5723930032938063,1.053424195315745,1.075828469252176,1.3559706211929927
2.071973929236499,1.047594602639875,1.061529256197685,0.9956788076113956,1.089383356720722,0.9523000628771584,1.061529256197685,0.9956788076113956,0.9442982758921238,0.9523000628771584,1.061529256197685,0.9956788076113956,0.6541281142349272,0.9523000628771584
2.075456238361266,1.048447331321551,1.04601490769431,1.067154392157133,1.021930875826443,0.9773685815668935,0.885315860353975,1.067154392157133,1.021930875826443,0.9773685815668935,0.5639177656733054,1.067154392157133,1.021930875826443,0.9773685815668935
2.078938547486034,1.049295295020932,1.062292001330315,1.089408832224556,1.044663198134722,1.067307946148838,1.062292001330315,1.089408832224556,1.044663198134722,1.067307946148838,1.062292001330315,1.089408832224556,1.044663198134722,1.067307946148838
2.082420856610801,1.050105951478041,1.047826117049963,1.032525449442713,1.019897237190527,0.951208131502929,1.047826117049963,1.032525449442713,0.9883190499242528,0.8100888189831938,1.047826117049963,1.032525449442713,0.9251626753917044,0.5278501939437235
2.085903165735568,1.050907211085776,1.058933564878727,1.012847457402511,1.042485840040824,1.045991978422606,1.058933564878727,1.012847457402511,1.042485840040824,1.1460894938414006,1.058933564878727,1.012847457402511,1.042485840040824,1.3462845246789898
2.089385474860335,1.051746196450886,1.048581267515378,1.101267520584531,1.142987695923914,1.055836282714725,1.048581267515378,1.101267520584531,1.142987695923914,1.098097127811321,1.048581267515378,1.101267520584531,1.142987695923914,1.1826188180045127
2.092867783985103,1.052618681123986,1.056768655074664,1.049887073165116,1.061613536971771,1.025554545284571,1.056768655074664,1.049887073165116,1.061613536971771,1.025554545284571,1.056768655074664,1.049887073165116,1.061613536971771,1.025554545284571
2.09635009310987,1.053493735149311,1.0662910855013,1.051337926592236,0.9686852109973836,0.9384453710143856,1.0662910855013,1.051337926592236,0.9686852109973836,0.9384453710143856,1.0662910855013,1.051337926592236,0.9686852109973836,0.9384453710143856
2.099832402234637,1.054203012369291,1.060807864748101,1.067485214166512,1.094804874200139,1.025954615161824,1.060807864748101,1.067485214166512,1.094804874200139,1.025954615161824,1.060807864748101,1.067485214166512,1.094804874200139,1.025954615161824
2.103314711359404,1.055217504490278,1.066348696647222,1.055201240175534,1.125316742069669,1.065792114738132,1.066348696647222,1.055201240175534,1.125316742069669,1.065792114738132,1.066348696647222,1.055201240175534,1.125316742069669,1.065792114738132
2.106797020484172,1.055886110994086,1.073381825749773,1.083095552078863,1.054396765862744,1.139108091947229,1.073381825749773,1.083095552078863,1.054396765862744,1.139108091947229,1.073381825749773,1.083095552078863,1.054396765862744,1.139108091947229
2.110279329608939,1.056840608367077,1.055756920854626,0.995127038389038,1.068031803564001,1.117983542549318,1.055756920854626,0.995127038389038,1.068031803564001,1.117983542549318,1.055756920854626,0.995127038389038,1.068031803564001,1.117983542549318
2.113761638733706,1.057676874612067,1.078841851825993,1.064536800862989,1.027562842769159,1.032656147918497,1.078841851825993,1.064536800862989,1.027562842769159,1.032656147918497,1.078841851825993,1.064536800862989,1.027562842769159,1.032656147918497
2.117243947858473,1.058426999171761,1.054229179692653,1.032010998203146,1.115236189390342,0.9856185488210222,1.054229179692653,1.032010998203146,1.115236189390342,0.9856185488210222,1.054229179692653,1.032010998203146,1.115236189390342,0.9856185488210222
2.12072625698324,1.059346072877655,1.031652233256953,1.08761284731504,1.045173128252896,1.053739497962128,1.031652233256953,1.08761284731504,1.045173128252896,1.053739497962128,1.031652233256953,1.08761284731504,1.045173128252896,1.053739497962128
2.124208566108007,1.060218849586775,1.044745158586632,1.050022127568951,1.010686206384469,0.930630447924838,1.044745158586632,1.050022127568951,1.010686206384469,0.930630447924838,1.044745158586632,1.050022127568951,1.010686206384469,0.930630447924838
2.127690875232775,1.061079139818544,1.066900820713503,1.06527468527208,1.0249376691971681,1.137678870426724,1.066900820713503,1.06527468527208,1.0249376691971681,1.137678870426724,1.066900820713503,1.06527468527208,1.0249376691971681,1.137678870426724
2.131173184357542,1.061878052726641,1.065593553001664,1.062487468538148,1.055655926273745,1.143951299517183,1.065593553001664,1.062487468538148,1.055655926273745,1.143951299517183,1.065593553001664,1.062487468538148,1.055655926273745,1.143951299517183
2.134655493482309,1.062704485607572,1.068802331358703,1.021276641269448,1.058884453415117,1.162689724411783,1.068802331358703,1.021276641269448,1.058884453415117,1.1195304462359472,1.068802331358703,1.021276641269448,1.058884453415117,1.0332118898842757
2.138137802607076,1.063527806841588,1.066679771509822,1.047856907335074,1.094064870051611,0.9842624274751388,1.066679771509822,1.047856907335074,1.094064870051611,0.9842624274751388,1.066679771509822,1.047856907335074,1.094064870051611,0.9842624274751388
2.141620111731844,1.064398741369436,1.038259655666809,1.030550744612188,0.9638898680109302,0.9291297679214346,1.038259655666809,1.030550744612188,0.8583217705335748,0.9291297679214346,1.038259655666809,1.030550744612188,0.6471855755788642,0.9291297679214346
2.145102420856611,1.065363720008756,1.059677458195803,1.050097867402798,1.014606859820787,1.052193302253297,1.059677458195803,1.050097867402798,1.014606859820787,1.052193302253297,1.059677458195803,1.050097867402798,1.014606859820787,1.052193302253297
2.148584729981378,1.066028635044094,1.04645532601423,1.070918184851494,1.053770438214321,1.059676890872144,1.04645532601423,1.070918184851494,1.053770438214321,1.059676890872144,1.04645532601423,1.070918184851494,1.053770438214321,1.059676890872144
2.152067039106146,1.066852435728469,1.057090577488093,1.090374276872737,1.090003873527649,1.031432103308017,1.057090577488093,1.090374276872737,1.090003873527649,1.031432103308017,1.057090577488093,1.090374276872737,1.090003873527649,1.031432103308017
2.155549348230913,1.06767969383218,1.074164727458039,1.042316973522339,1.019625017138355,0.9821457549984084,1.074164727458039,1.042316973522339,1.019625017138355,0.9821457549984084,1.074164727458039,1.042316973522339,1.019625017138355,0.9821457549984084
2.15903165735568,1.068519113682259,1.081480587785367,1.091210013351019,1.083929348599109,1.037155336490606,1.081480587785367,1.091210013351019,1.083929348599109,1.037155336490606,1.081480587785367,1.091210013351019,1.083929348599109,1.037155336490606
2.162513966480447,1.069312375534223,1.057162861687706,1.006999394635988,1.123062965249972,0.9908153762058004,1.128893902921966,1.006999394635988,1.123062965249972,0.9908153762058004,1.2723559853904858,1.006999394635988,1.123062965249972,0.9908153762058004
2.165996275605214,1.069834718441841,1.063698885922944,1.088161750172235,0.9990192082369173,0.9115409026006016,1.063698885922944,1.088161750172235,0.9990192082369173,0.9115409026006016,1.063698885922944,1.088161750172235,0.9990192082369173,0.9115409026006016
2.169478584729982,1.070810063022758,1.085126333269811,1.086286801444508,1.130197105390691,1.054989108814638,1.085126333269811,1.2053246399423043,1.130197105390691,1.054989108814638,1.085126333269811,1.4434003169378968,1.130197105390691,1.054989108814638
2.172960893854749,1.071644563954842,1.069732240469966,1.046460764844538,0.9504697213657136,1.121077156533664,1.1623432305420751,1.046460764844538,0.9504697213657136,1.121077156533664,1.347565210686293,1.046460764844538,0.9504697213657136,1.121077156533664
2.176443202979516,1.072370952039133,1.06419733066751,1.066437818976895,1.064725102389779,0.9822532555980836,1.06419733066751,1.066437818976895,1.064725102389779,0.9822532555980836,1.06419733066751,1.066437818976895,1.064725102389779,0.9822532555980836
2.179925512104283,1.072999041337185,1.068157941879875,1.090695186135328,1.046050158277228,0.9729519488235312,1.068157941879875,1.090695186135328,1.046050158277228,0.9729519488235312,1.068157941879875,1.090695186135328,1.046050158277228,0.9729519488235312
2.18340782122905,1.073913644470386,1.060880696799868,1.078158944513722,1.098992453279297,1.153636609340881,1.025855347524447,1.078158944513722,1.098992453279297,1.153636609340881,0.9558046489736047,1.078158944513722,1.098992453279297,1.153636609340881
2.186890130353818,1.07453905208786,1.069204423866357,1.054135450532786,1.049892058150744,1.023105632260946,1.069204423866357,1.054135450532786,1.049892058150744,1.023105632260946,1.069204423866357,1.054135450532786,1.049892058150744,1.023105632260946
2.190372439478585,1.075392859590405,1.084216438670452,1.080510154754591,1.062683783478975,1.099159621315371,1.084216438670452,1.080510154754591,1.062683783478975,1.099159621315371,1.084216438670452,1.080510154754591,1.062683783478975,1.099159621315371
2.193854748603352,1.076047199458231,1.07793228770136,1.044650348505255,1.050508595269855,1.03551739203705,1.07793228770136,1.044650348505255,1.050508595269855,1.03551739203705,1.07793228770136,1.044650348505255,1.050508595269855,1.03551739203705
2.197337057728119,1.076687243139869,1.072789443285838,1.101096235777263,1.021041557532648,1.070210639427801,1.072789443285838,1.0851824418020126,1.021041557532648,1.070210639427801,1.072789443285838,1.0533548538515118,1.021041557532648,1.070210639427801
2.200819366852886,1.077425152568704,1.091049459497656,1.009311867534427,1.026321136751324,0.9786765635421354,1.091049459497656,0.9421715117090054,1.026321136751324,0.9786765635421354,1.091049459497656,0.8078908000581619,1.026321136751324,0.9786765635421354
2.204301675977654,1.078051140716132,1.078145817189942,1.113251336528454,1.004610010176956,1.10820389751064,1.078145817189942,1.113251336528454,0.9912698135533177,1.10820389751064,1.078145817189942,1.113251336528454,0.9645894203060411,1.10820389751064
2.207783985102421,1.078864070474057,1.075020773812882,1.059732735681954,1.124982350367466,1.063239107065617,1.075020773812882,1.059732735681954,1.124982350367466,0.8917277266330562,1.075020773812882,1.059732735681954,1.124982350367466,0.5487049657679346
2.211266294227188,1.079383952574676,1.0817498193376,1.079939251323446,1.037650190836984,1.101548189848166,1.0817498193376,1.079939251323446,1.037650190836984,1.101548189848166,1.0817498193376,1.079939251323446,1.037650190836984,1.101548189848166
2.214748603351955,1.080060179699941,1.085199822901022,1.06263666057097,1.105437139505488,1.021185405392661,1.085199822901022,1.089964995990721,1.105437139505488,1.1128006892959326,1.085199822901022,1.144621666830223,1.105437139505488,1.296031257102476
2.218230912476723,1.080822346084115,1.082184359304688,1.045984388814724,1.068172940078766,1.03419143294515,1.082184359304688,1.045984388814724,1.068172940078766,1.03419143294515,1.082184359304688,1.045984388814724,1.068172940078766,1.03419143294515
2.22171322160149,1.081431573932599,1.08584532896455,1.125098449146839,1.125454092777427,1.143198639805884,1.08584532896455,1.125098449146839,1.125454092777427,1.143198639805884,1.08584532896455,1.125098449146839,1.125454092777427,1.143198639805884
2.225195530726257,1.082029018741235,1.088705337175617,1.058918943283891,1.086898513645173,1.182049044760042,1.088705337175617,1.058918943283891,1.086898513645173,1.182049044760042,1.088705337175617,1.058918943283891,1.086898513645173,1.182049044760042
2.228677839851025,1.082615043259086,1.073608262074548,1.054124748639657,1.08771099639533,1.097118369040094,1.073608262074548,1.054124748639657,1.08771099639533,1.097118369040094,1.073608262074548,1.054124748639657,1.08771099639533,1.097118369040094
2.232160148975792,1.083152654668487,1.072736546001905,1.12497514541155,1.08356276841408,1.113184012709372,1.072736546001905,1.12497514541155,1.08356276841408,1.113184012709372,1.072736546001905,1.12497514541155,1.08356276841408,1.113184012709372
2.235642458100559,1.083765839750552,1.081572179070909,1.037264988781831,0.9810173379883912,0.9957485663181788,1.081572179070909,1.037264988781831,0.9810173379883912,0.9957485663181788,1.081572179070909,1.037264988781831,0.9810173379883912,0.9957485663181788
2.239124767225326,1.084233918135363,1.108217363520935,1.039681912876053,1.103872557147032,1.031047250193285,1.108217363520935,1.039681912876053,1.103872557147032,1.031047250193285,1.108217363520935,1.039681912876053,1.103872557147032,1.031047250193285
2.242607076350093,1.084916982450106,1.078824480387514,1.086038419707148,1.05566841014422,1.104607154432957,1.078824480387514,1.086038419707148,1.05566841014422,1.104607154432957,1.078824480387514,1.086038419707148,1.05566841014422,1.104607154432957
2.24608938547486,1.085191696188738,1.083007170439459,1.079846017570658,1.008236174219143,1.013584406423626,1.083007170439459,1.079846017570658,0.9946650178170542,1.013584406423626,1.083007170439459,1.079846017570658,0.9675227050128764,1.013584406423626
2.249571694599628,1.085767314466199,1.089130093919198,1.127815318822329,1.186962114383409,1.127349671949082,1.089130093919198,1.127815318822329,1.290408820859994,1.127349671949082,1.089130093919198,1.127815318822329,1.497302233813164,1.127349671949082
2.253054003724395,1.086300721391922,1.088739729208465,1.112582580693005,1.095708938202359,1.089013564697657,1.088739729208465,1.112582580693005,1.095708938202359,1.089013564697657,1.088739729208465,1.112582580693005,1.095708938202359,1.089013564697657
2.256536312849162,1.086819526581966,1.087864577262716,1.103326176770206,1.04291891053049,1.041593896792338,1.087864577262716,1.103326176770206,1.04291891053049,1.041593896792338,1.087864577262716,1.103326176770206,1.04291891053049,1.041593896792338
2.260018621973929,1.087286376445513,1.090814253014217,1.12791522836577,1.170929193795104,1.016761025057635,1.090814253014217,1.12791522836577,1.170929193795104,1.016761025057635,1.090814253014217,1.12791522836577,1.170929193795104,1.016761025057635
2.263500931098696,1.087701666678937,1.09455937813709,1.076280009357866,1.178566102250539,1.215674901028528,1.09455937813709,1.076280009357866,1.178566102250539,1.215674901028528,1.09455937813709,1.076280009357866,1.178566102250539,1.215674901028528
2.266983240223464,1.08814551192955,1.103136845684359,1.018939375960681,1.134808756691638,1.071183727399691,1.103136845684359,1.018939375960681,1.134808756691638,1.071183727399691,1.103136845684359,1.018939375960681,1.134808756691638,1.071183727399691
2.270465549348231,1.088464822063528,1.093110874134127,1.082340930209767,1.101070829359474,1.178678126388608,1.093110874134127,1.082340930209767,1.101070829359474,1.178678126388608,1.093110874134127,1.082340930209767,1.101070829359474,1.178678126388608
2.273947858472998,1.088849394170446,1.091610940779045,1.093474863444681,1.014210210028206,1.167386103233707,1.091610940779045,1.093474863444681,1.014210210028206,1.167386103233707,1.091610940779045,1.093474863444681,1.014210210028206,1.167386103233707
2.277430167597766,1.089308416578734,1.100351016687809,1.08118947081985,1.059374528481483,1.030274914895167,1.100351016687809,1.08118947081985,1.059374528481483,0.9797379261201404,1.100351016687809,1.08118947081985,1.059374528481483,0.878663948570087
2.280912476722533,1.089600628918374,1.091949020179144,1.111199355193534,1.090543745832269,1.007199327552023,0.950987927630921,1.111199355193534,1.090543745832269,1.007199327552023,0.669065742534475,1.111199355193534,1.090543745832269,1.007199327552023
2.2843947858473,1.090049326389547,1.076239191084186,1.046204661264979,0.9910661765155088,0.9744358177856806,1.076239191084186,1.046204661264979,0.9910661765155088,0.9744358177856806,1.076239191084186,1.046204661264979,0.9910661765155088,0.9744358177856806
2.287877094972067,1.090408999837458,1.099284421158313,1.119134651878583,1.088355615413902,0.992907524135494,1.099284421158313,1.119134651878583,1.088355615413902,0.992907524135494,1.099284421158313,1.119134651878583,1.088355615413902,0.992907524135494
2.291359404096834,1.090696792261066,1.095274537203297,1.130665610061107,1.049854478242392,1.038480945752844,1.095274537203297,1.130665610061107,1.049854478242392,1.038480945752844,1.095274537203297,1.130665610061107,1.049854478242392,1.038480945752844
2.294841713221602,1.090957215329048,1.081924102989584,1.143914819419589,1.061526719556784,1.043418313651425,1.081924102989584,1.143914819419589,1.061526719556784,1.043418313651425,1.081924102989584,1.143914819419589,1.061526719556784,1.043418313651425
2.298324022346369,1.091236948166157,1.079737302315676,1.100834172414752,1.078521637548984,1.131721221106133,1.079737302315676,0.965696388200447,1.078521637548984,1.131721221106133,1.079737302315676,0.6954208197718372,1.078521637548984,1.131721221106133
2.301806331471136,1.091468892518383,1.08998762930173,1.082179953952413,1.077081459652354,1.012202613544676,1.3211695738955738,1.082179953952413,1.0781518971693445,1.012202613544676,1.783533463083261,1.082179953952413,1.0802927722033255,1.012202613544676
2.305288640595903,1.091693890442385,1.079976742531609,1.08123042006023,1.048920825798832,1.021159447141323,1.079976742531609,1.08123042006023,1.048920825798832,1.021159447141323,1.079976742531609,1.08123042006023,1.048920825798832,1.021159447141323
2.308770949720671,1.091967428875434,1.092366152629575,1.103626720284628,1.145017567844276,0.9508167429917588,1.092366152629575,1.103626720284628,1.145017567844276,0.9508167429917588,1.092366152629575,1.103626720284628,1.145017567844276,0.9508167429917588
2.312253258845438,1.092137634089784,1.085597264931678,1.078466043122438,1.080971853883793,1.056345864289764,1.085597264931678,1.078466043122438,1.080971853883793,1.056345864289764,1.085597264931678,1.078466043122438,1.080971853883793,1.056345864289764
2.315735567970205,1.092333625696849,1.083338423635547,1.06801934106427,1.093143527358434,1.14444074824197,1.083338423635547,1.06801934106427,1.093143527358434,1.14444074824197,1.083338423635547,1.06801934106427,1.093143527358434,1.14444074824197
2.319217877094972,1.092486963020024,1.112306705437129,1.086717847119337,1.047564720336947,1.16518696148748,1.112306705437129,1.086717847119337,1.047564720336947,1.16518696148748,1.112306705437129,1.086717847119337,1.047564720336947,1.16518696148748
2.322700186219739,1.09264266855217,1.110067009356744,1.088227702502307,1.111965821997022,1.221260570004349,1.110067009356744,1.088227702502307,1.111965821997022,1.221260570004349,1.110067009356744,1.088227702502307,1.111965821997022,1.221260570004349
2.326182495344506,1.092768672520792,1.110512269326794,1.076776455406838,1.049937138841585,1.051256459693699,1.110512269326794,1.076776455406838,1.049937138841585,1.051256459693699,1.110512269326794,1.076776455406838,1.049937138841585,1.051256459693699
2.329664804469274,1.092971582713866,1.103452688382153,1.087824725843122,1.128256689682546,1.136779650735622,1.103452688382153,1.087824725843122,1.128256689682546,1.136779650735622,1.103452688382153,1.087824725843122,1.128256689682546,1.136779650735622
2.333147113594041,1.092952271324685,1.094775224974565,1.062655645210203,1.182597493204475,1.154717903715942,1.094775224974565,1.062655645210203,1.2485592662693505,1.0248182611760646,1.094775224974565,1.062655645210203,1.3804828123991015,0.7650189760963092
2.336629422718808,1.09315266665071,1.097927001434609,1.084683215048353,1.22686236455645,1.163853982596661,1.097927001434609,1.084683215048353,1.22686236455645,1.276473786750578,1.097927001434609,1.084683215048353,1.22686236455645,1.5017133950584118
2.340111731843575,1.093223238123231,1.072497516221825,1.067452601622008,1.079133231226838,1.184489227959083,1.072497516221825,1.1193093113317039,1.079133231226838,1.184489227959083,1.072497516221825,1.2230227307510952,1.079133231226838,1.184489227959083
2.343594040968343,1.093305937683956,1.100134310955452,1.115766109361743,1.051406770986247,1.123578479355118,1.100134310955452,1.115766109361743,1.051406770986247,1.3652855404714273,1.100134310955452,1.115766109361743,1.051406770986247,1.8486996627040453
2.34707635009311,1.093296350329337,1.080682588311723,1.093798156327475,1.079748185225625,1.088437946624707,1.080682588311723,1.093798156327475,1.079748185225625,1.2135329500144159,1.080682588311723,1.093798156327475,1.079748185225625,1.4637229567938337
2.350558659217877,1.093242107491368,1.095363931251138,1.096182634529045,1.137695310785128,0.9781453491247806,1.095363931251138,1.096182634529045,1.137695310785128,0.9781453491247806,1.095363931251138,1.096182634529045,1.137695310785128,0.9781453491247806
2.354040968342645,1.093202110487122,1.113538021415946,1.109147296989975,1.107502022130932,0.9592069652152548,1.113538021415946,0.9337675705147676,1.107502022130932,0.9592069652152548,1.113538021415946,0.5830081175643529,1.107502022130932,0.9592069652152548
2.357523277467412,1.093138183873702,1.092809935423193,1.075565169395887,1.053066166982817,1.12126562440711,1.092809935423193,1.075565169395887,0.8910334436186036,1.12126562440711,1.092809935423193,1.075565169395887,0.5669679968901771,1.12126562440711
2.361005586592179,1.093101757112696,1.086003010974037,1.091076786430034,1.079350823504686,1.083346468807701,1.086003010974037,1.091076786430034,1.079350823504686,1.2493397470892909,1.086003010974037,1.091076786430034,1.079350823504686,1.5813263036524705
2.364487895716946,1.093155817784056,1.089639959752144,1.046175623930047,1.067787730248532,1.10281936858633,1.089639959752144,1.046175623930047,1.067787730248532,1.10281936858633,1.089639959752144,1.046175623930047,1.067787730248532,1.10281936858633
2.367970204841713,1.093042330019513,1.105848031839352,1.071156272745689,1.135082370404388,1.069932675031765,1.1962323990808852,1.071156272745689,1.135082370404388,0.9756062907675279,1.3770011335639516,1.071156272745689,1.135082370404388,0.7869535222390538
2.371452513966481,1.092997627601675,1.095054768936238,1.120586241720285,1.089895132074279,1.1423605486654,1.095054768936238,0.9443725458584392,1.089895132074279,1.1423605486654,1.095054768936238,0.5919451541347477,1.089895132074279,1.1423605486654
2.374934823091248,1.0928525448056161,1.094857376549615,1.127572167705811,1.212280406960926,1.008497785744878,1.094857376549615,1.127572167705811,1.212280406960926,1.008497785744878,1.094857376549615,1.127572167705811,1.212280406960926,1.008497785744878
2.378417132216015,1.092687861971746,1.097060802692646,1.10102683880364,1.10156643315403,1.017286037529934,1.1914931598413439,1.10102683880364,1.10156643315403,1.017286037529934,1.3803578741387394,1.10102683880364,1.10156643315403,1.017286037529934
2.381899441340782,1.092556946602013,1.103290216119628,1.082472702691035,1.084595106086152,1.014494204162505,1.103290216119628,1.082472702691035,1.084595106086152,1.014494204162505,1.103290216119628,1.082472702691035,1.084595106086152,1.014494204162505
2.385381750465549,1.092394641351979,1.075780968989727,1.072678955536454,1.117731249261828,1.131273994430537,1.075780968989727,1.072678955536454,1.117731249261828,1.131273994430537,1.075780968989727,1.072678955536454,1.117731249261828,1.131273994430537
2.388864059590317,1.092214266604684,1.09422614131088,1.120551090662035,0.9788212090913336,0.9971783926653917,1.0654566507185912,1.120551090662035,0.9788212090913336,0.9971783926653917,1.0079176695340133,1.120551090662035,0.9788212090913336,0.9971783926653917
2.392346368715084,1.092028508161936,1.091078284993657,1.06124351401544,1.023145679387554,1.22747098690571,1.091078284993657,1.06124351401544,1.023145679387554,1.22747098690571,1.091078284993657,1.06124351401544,1.023145679387554,1.22747098690571
2.395828677839851,1.091826033046138,1.083912328115936,1.104431395395285,1.126531057999426,1.244753531619042,1.083912328115936,1.104431395395285,1.126531057999426,1.244753531619042,1.083912328115936,1.104431395395285,1.126531057999426,1.244753531619042
2.399310986964618,1.091583411834599,1.104281545659022,1.112133255312426,1.040088836031982,1.164060379598804,1.104281545659022,0.9424689711218021,1.040088836031982,1.164060379598804,1.104281545659022,0.6031404027405544,1.040088836031982,1.164060379598804
2.402793296089386,1.091414197258473,1.089239261919406,1.049669488453544,1.109009505298141,1.118190547482639,1.089239261919406,1.049669488453544,1.109009505298141,1.118190547482639,1.089239261919406,1.049669488453544,1.109009505298141,1.118190547482639
2.406275605214153,1.091155347460609,1.08812884523376,1.086641411235416,1.050767826914891,1.065309459648805,1.08812884523376,1.086641411235416,1.050767826914891,1.065309459648805,1.08812884523376,1.086641411235416,1.050767826914891,1.065309459648805
2.40975791433892,1.090964734939006,1.104722042043334,1.083721114147544,1.160980924603094,1.067311033925207,1.104722042043334,1.083721114147544,1.160980924603094,1.067311033925207,1.104722042043334,1.083721114147544,1.160980924603094,1.067311033925207
2.413240223463687,1.090642336330084,1.090654259279088,1.005794267659649,1.105556169243177,1.138750470442679,1.090654259279088,1.005794267659649,1.105556169243177,1.138750470442679,1.090654259279088,1.005794267659649,1.105556169243177,1.138750470442679
2.416722532588454,1.09035187212028,1.099905044795806,1.067686512133106,1.0019843860906399,1.161783602419396,1.099905044795806,1.067686512133106,1.0019843860906399,1.161783602419396,1.099905044795806,1.067686512133106,1.0019843860906399,1.161783602419396
2.420204841713222,1.090006819201542,1.088976158734385,1.09023841132841,1.119850581342839,1.118841830373226,1.088976158734385,1.09023841132841,1.119850581342839,1.2766408502479754,1.088976158734385,1.09023841132841,1.119850581342839,1.5922388899974742
2.423687150837989,1.089817926118196,1.083992570805335,1.078627544452907,1.084613848846706,1.003647625552527,1.083992570805335,1.078627544452907,1.084613848846706,1.003647625552527,1.083992570805335,1.078627544452907,1.084613848846706,1.003647625552527
2.427169459962756,1.089397155682908,1.085632810474279,1.084711287663632,1.092750719104739,1.137412471730938,1.085632810474279,1.1354912142460358,1.092750719104739,1.137412471730938,1.085632810474279,1.2370510674108433,1.092750719104739,1.137412471730938
2.430651769087524,1.089051301640427,1.102906609854175,1.069925118943599,1.09556032017683,0.9641628090497928,1.102906609854175,1.069925118943599,1.09556032017683,0.9641628090497928,1.102906609854175,1.069925118943599,1.09556032017683,0.9641628090497928
2.434134078212291,1.08864366618349,1.098365333451701,1.122108190536103,1.17264890698991,1.044602520583015,1.098365333451701,1.122108190536103,1.17264890698991,1.044602520583015,1.098365333451701,1.122108190536103,1.17264890698991,1.044602520583015
2.437616387337058,1.0883919042165069,1.08875354480038,1.126366429088703,1.091851365433523,1.095743247061138,1.08875354480038,1.126366429088703,1.091851365433523,1.095743247061138,1.08875354480038,1.126366429088703,1.091851365433523,1.095743247061138
2.441098696461825,1.088035971995926,1.083748150745325,1.085391979711688,1.255883087929641,1.146216946928318,1.083748150745325,1.085391979711688,1.255883087929641,1.134729483056653,1.083748150745325,1.085391979711688,1.255883087929641,1.1117545553133226
2.444581005586592,1.087588636385503,1.077903983690554,1.095169402919876,1.092687125933119,1.102691461638583,1.077903983690554,1.0398784164267008,1.1881130936576658,1.102691461638583,1.077903983690554,0.9292964434403501,1.3789650291067592,1.102691461638583
2.44806331471136,1.08718849717832,1.086375546185641,1.091954108190802,1.054529913260908,0.9959547556565936,1.086375546185641,1.091954108190802,1.0178193122871815,0.9959547556565936,1.086375546185641,1.091954108190802,0.9443981103397285,0.9959547556565936
2.451545623836127,1.086765453595328,1.083032033838451,1.173810069290918,1.066023585730124,0.9993309990260548,1.083032033838451,1.0956727771773076,1.066023585730124,0.9993309990260548,1.083032033838451,0.9393981929500869,1.066023585730124,0.9993309990260548
2.455027932960894,1.086320737266871,1.100644705838991,1.100853738543402,1.052667073282667,1.069048264037332,1.100644705838991,1.100853738543402,1.052667073282667,1.069048264037332,1.100644705838991,1.100853738543402,1.052667073282667,1.069048264037332
2.458510242085661,1.085934217042362,1.078850116067813,1.126401559093805,1.01079829231841,1.253497058093157,1.078850116067813,1.126401559093805,1.01079829231841,1.253497058093157,1.078850116067813,1.126401559093805,1.01079829231841,1.253497058093157
2.461992551210428,1.08549442062187,1.083176820289883,1.148135198306373,1.084943995176563,1.146266805256836,1.083176820289883,1.148135198306373,1.084943995176563,1.146266805256836,1.083176820289883,1.148135198306373,1.084943995176563,1.146266805256836
2.465474860335195,1.085079362346649,1.081112592399058,1.060668049200373,1.065827603321603,1.136028544590351,1.081112592399058,1.060668049200373,1.065827603321603,1.136028544590351,1.081112592399058,1.060668049200373,1.065827603321603,1.136028544590351
2.468957169459963,1.084592304597972,1.073494748748652,1.110645338689519,1.130731439570895,0.9865650045969612,1.073494748748652,1.110645338689519,1.130731439570895,0.9865650045969612,1.073494748748652,1.110645338689519,1.130731439570895,0.9865650045969612
2.47243947858473,1.08417566926151,1.095836424538681,1.094604832231949,1.070965779432331,0.9193214617475612,1.095836424538681,1.094604832231949,1.070965779432331,0.9193214617475612,1.095836424538681,1.094604832231949,1.070965779432331,0.9193214617475612
2.475921787709497,1.083664962432512,1.084037029000386,1.09492321388365,1.117830536391589,1.031806804631581,1.084037029000386,1.09492321388365,1.117830536391589,1.031806804631581,1.084037029000386,1.09492321388365,1.117830536391589,1.031806804631581
2.479404096834265,1.083166029963938,1.092280103817725,1.094235869737936,1.01955311236429,1.071087287142748,1.092280103817725,1.094235869737936,1.1366634048355584,1.071087287142748,1.092280103817725,1.094235869737936,1.3708839897780947,1.071087287142748
2.482886405959032,1.08271547720797,1.083403786815689,1.078656095162245,1.067871811992744,1.052212637826073,1.083403786815689,1.078656095162245,1.067871811992744,1.052212637826073,1.083403786815689,1.078656095162245,1.067871811992744,1.052212637826073
2.486368715083799,1.082198804827307,1.076210347457888,1.056924038022458,1.014191706476399,1.18998694904038,1.076210347457888,1.2201299010113658,1.014191706476399,1.18998694904038,1.076210347457888,1.546541626989181,1.014191706476399,1.18998694904038
2.489851024208566,1.081716503736666,1.087675201766038,1.074232991397582,1.047372192873908,1.09509660306729,1.087675201766038,1.074232991397582,1.047372192873908,1.09509660306729,1.087675201766038,1.074232991397582,1.047372192873908,1.09509660306729
2.493333333333334,1.081176796952443,1.087608580784508,1.072868933303357,1.070131934018961,1.086416206644123,1.087608580784508,1.072868933303357,1.070131934018961,1.1219710148359112,1.087608580784508,1.072868933303357,1.070131934018961,1.1930806312194877
2.496815642458101,1.080566798597362,1.086185175329905,1.12108995822054,1.024123985255077,1.103833114518301,1.086185175329905,1.12108995822054,1.024123985255077,1.103833114518301,1.086185175329905,1.12108995822054,1.024123985255077,1.103833114518301
2.500297951582868,1.080092026136367,1.096288817121561,1.080059234025773,1.019785675090779,1.147061709503352,1.096288817121561,1.080059234025773,1.019785675090779,1.147061709503352,1.096288817121561,1.080059234025773,1.019785675090779,1.147061709503352
2.503780260707635,1.079560223777956,1.097181012161689,1.050071227079619,1.096471207118203,1.088431859397716,1.097181012161689,1.050071227079619,1.096471207118203,0.9400784781759814,1.097181012161689,1.050071227079619,1.096471207118203,0.6433717157325123
2.507262569832402,1.078982693171965,1.08812132914582,1.105904752823629,1.048048210800773,1.047642247095384,1.08812132914582,1.105904752823629,0.7738868227855906,1.047642247095384,1.08812132914582,1.105904752823629,0.2255640467552259,1.047642247095384
2.51074487895717,1.07842075902711,1.062365538441027,1.040330478291874,1.113762694649,1.162016997075508,1.062365538441027,1.041797453913073,1.113762694649,1.162016997075508,1.062365538441027,1.044731405155471,1.113762694649,1.162016997075508
2.514227188081937,1.07785048554091,1.094260465335454,1.028530384763246,1.053130444247532,1.057955379532876,1.094260465335454,1.028530384763246,1.053130444247532,1.1221127047311086,1.094260465335454,1.028530384763246,1.053130444247532,1.250427355127574
2.517709497206704,1.077299367566032,1.054470387153901,1.152474078321662,1.037399128011111,0.9493812238293168,1.054470387153901,1.152474078321662,1.037399128011111,0.9493812238293168,1.054470387153901,1.152474078321662,1.037399128011111,0.9493812238293168
2.521191806331471,1.076686865664814,1.086786962890919,1.046758256689498,1.042864027375933,1.073937165841754,1.086786962890919,1.046758256689498,1.042864027375933,1.073937165841754,1.086786962890919,1.046758256689498,1.042864027375933,1.073937165841754
2.524674115456238,1.076218155743071,1.086031500025052,1.132770451086265,1.0827747090669,1.158224134612639,0.9793915335727854,1.132770451086265,1.0827747090669,1.158224134612639,0.7661116006682525,1.132770451086265,1.0827747090669,1.158224134612639
2.528156424581006,1.075685308644871,1.066952872178923,1.073350817943351,1.114714232188426,1.138071055250945,1.066952872178923,1.073350817943351,1.2039868221869583,1.138071055250945,1.066952872178923,1.073350817943351,1.3825320021840228,1.138071055250945
2.531638733705773,1.075131675533105,1.077879840858281,1.072782184696035,1.153660030411287,1.185790714895516,1.077879840858281,1.072782184696035,1.153660030411287,1.185790714895516,1.077879840858281,1.072782184696035,1.153660030411287,1.185790714895516
2.53512104283054,1.074557446566918,1.060116272615125,1.054984078781281,1.182517122955755,1.075728608169362,1.060116272615125,1.054984078781281,1.3086237181856284,1.075728608169362,1.060116272615125,1.054984078781281,1.5608369086453753,1.075728608169362
2.538603351955307,1.073925940382983,1.072858448483831,1.100361867501759,1.010213206344742,1.168591356435568,1.072858448483831,1.100361867501759,1.010213206344742,1.168591356435568,1.072858448483831,1.100361867501759,1.010213206344742,1.168591356435568
2.542085661080074,1.073449732700021,1.068258315103304,1.093675847683145,1.118262719000096,1.038100556157968,1.068258315103304,1.093675847683145,1.118262719000096,1.038100556157968,1.068258315103304,1.093675847683145,1.118262719000096,1.038100556157968
2.545567970204842,1.072806484122089,1.076420630735336,1.094424074608307,1.123036879125455,1.154094170954479,1.076420630735336,1.094424074608307,1.123036879125455,0.972460461373819,1.076420630735336,1.094424074608307,1.123036879125455,0.609193042212499
2.549050279329609,1.07224331555729,1.093394561677219,1.0280767142475,1.060168619771631,1.024586320271732,1.093394561677219,1.0280767142475,1.060168619771631,1.024586320271732,1.093394561677219,1.0280767142475,1.060168619771631,1.024586320271732
2.552532588454376,1.071695736996165,1.064082798214241,1.059845245791356,1.176733523940518,1.092104880087804,1.064082798214241,1.059845245791356,1.176733523940518,1.092104880087804,1.064082798214241,1.059845245791356,1.176733523940518,1.092104880087804
2.556014897579144,1.070855754446876,1.088870977637765,1.059744401982734,1.092741436258866,1.031016376126811,1.088870977637765,1.059744401982734,1.092741436258866,1.031016376126811,1.088870977637765,1.059744401982734,1.092741436258866,1.031016376126811
2.559497206703911,1.070449995119717,1.090276425083479,1.107306507890533,1.049394518298934,1.110472339167312,1.090276425083479,1.107306507890533,1.049394518298934,1.110472339167312,1.090276425083479,1.107306507890533,1.049394518298934,1.110472339167312
2.562979515828678,1.069964783415741,1.067005553454571,1.103770696596249,1.149737952177635,1.043651647317807,1.067005553454571,1.1508977734053807,1.149737952177635,1.043651647317807,1.067005553454571,1.245151927023644,1.149737952177635,1.043651647317807
2.566461824953445,1.069347551401505,1.073545765259038,1.054659729536132,1.101948190353284,1.096756516054506,1.073545765259038,1.054659729536132,1.101948190353284,1.096756516054506,1.073545765259038,1.054659729536132,1.101948190353284,1.096756516054506
2.569944134078213,1.068885561907717,1.060120774905714,1.080412650222464,1.003916764672457,1.027518965716654,1.060120774905714,1.080412650222464,1.003916764672457,1.027518965716654,1.060120774905714,1.080412650222464,1.003916764672457,1.027518965716654
2.57342644320298,1.068155881792304,1.077077754450111,1.038226731616622,1.082727837954903,1.084872280901466,1.077077754450111,1.038226731616622,1.082727837954903,1.084872280901466,1.077077754450111,1.038226731616622,1.082727837954903,1.084872280901466
2.576908752327747,1.067623514386812,1.070862604151341,1.082149938367865,1.038774263434258,0.9593018363938992,1.2111506716756684,1.082149938367865,1.038774263434258,0.9593018363938992,1.4917268067243232,1.082149938367865,1.038774263434258,0.9593018363938992
2.580391061452514,1.067014438336042,1.063949356931721,1.072416841961024,1.060486485829748,1.112952030417007,1.063949356931721,1.072416841961024,1.060486485829748,1.112952030417007,1.063949356931721,1.072416841961024,1.060486485829748,1.112952030417007
2.583873370577281,1.066540074995868,1.062642577508034,1.08446897264528,1.044521790922454,1.041435007216495,1.062642577508034,1.08446897264528,1.044521790922454,1.041435007216495,1.062642577508034,1.08446897264528,1.044521790922454,1.041435007216495
2.587355679702048,1.065919913015924,1.072599983683935,1.082617410472685,1.126970698910383,1.134687933970833,1.072599983683935,1.082617410472685,1.126970698910383,1.134687933970833,1.072599983683935,1.082617410472685,1.126970698910383,1.134687933970833
2.590837988826816,1.065410990042172,1.062410936067489,1.119996234523427,1.003709532040178,1.161067822771427,1.164968849819429,1.119996234523427,1.003709532040178,1.161067822771427,1.3700846773233093,1.119996234523427,1.003709532040178,1.161067822771427
2.594320297951583,1.064882427466452,1.0598824445575321,1.043498185833067,1.075807939069879,1.131873386383541,1.0598824445575321,1.043498185833067,1.075807939069879,1.131873386383541,1.0598824445575321,1.043498185833067,1.075807939069879,1.131873386383541
2.59780260707635,1.064321079348966,1.0404496771646,1.06890584409447,1.117488144393732,1.133993462916523,1.0404496771646,0.9580639740102274,1.1134435485682472,1.133993462916523,1.0404496771646,0.7363802338417419,1.105354356917278,1.133993462916523
2.601284916201117,1.063651138352671,1.07212569660332,0.9963057554303224,1.081983604405225,1.083316973578772,1.07212569660332,0.9963057554303224,1.081983604405225,1.083316973578772,1.07212569660332,0.9963057554303224,1.081983604405225,1.083316973578772
2.604767225325885,1.063049923286746,1.061188100033454,1.079245569363946,1.122680075065488,0.967168441607078,1.061188100033454,1.079245569363946,1.122680075065488,0.967168441607078,1.061188100033454,1.079245569363946,1.122680075065488,0.967168441607078
2.608249534450652,1.062533112931205,1.079343916455793,1.08961288073545,1.069612156604854,1.1110004874371051,1.079343916455793,1.08961288073545,1.069612156604854,1.1110004874371051,1.079343916455793,1.08961288073545,1.069612156604854,1.1110004874371051
2.611731843575419,1.062042332528513,1.05194292266418,1.062500144490636,1.062835307236261,1.159848828271629,1.05194292266418,1.0285751590652268,1.062835307236261,1.159848828271629,1.05194292266418,0.9607251882144082,1.062835307236261,1.159848828271629
2.615214152700186,1.061421756356218,1.044865671475206,1.101360258924485,1.078364788755972,1.095416044785054,1.044865671475206,1.101360258924485,1.078364788755972,1.095416044785054,1.044865671475206,1.101360258924485,1.078364788755972,1.095416044785054
2.618696461824954,1.060872023145586,1.070996498924517,1.066184424945951,1.085881667791651,1.114522274981249,1.070996498924517,1.066184424945951,1.1608058329641,1.114522274981249,1.070996498924517,1.066184424945951,1.310654163308998,1.114522274981249
2.622178770949721,1.060279243122515,1.072571657978709,1.056301067977191,1.099338547338333,1.139940981414136,1.072571657978709,1.056301067977191,1.099338547338333,1.139940981414136,1.072571657978709,1.056301067977191,1.099338547338333,1.139940981414136
2.625661080074488,1.059785988900512,1.051120089624713,1.066414282041348,1.026015280534333,1.184423268377993,1.051120089624713,1.066414282041348,1.026015280534333,1.184423268377993,1.051120089624713,1.066414282041348,1.026015280534333,1.184423268377993
2.629143389199255,1.059227889851843,1.073442318001,1.077168153826313,1.011475488582497,1.13453366893088,1.073442318001,1.077168153826313,1.011475488582497,1.13453366893088,1.073442318001,1.077168153826313,1.011475488582497,1.13453366893088
2.632625698324023,1.058709841924351,1.047109103853495,1.021353658443526,1.068302562378874,1.035010366367428,1.047109103853495,1.021353658443526,1.068302562378874,1.0074960212702868,1.047109103853495,1.021353658443526,1.068302562378874,0.9524673310760046
2.63610800744879,1.058160021585373,1.059089157353064,1.076379225742853,1.084907300183851,0.976373451646604,1.059089157353064,1.144205850791771,1.084907300183851,0.976373451646604,1.059089157353064,1.2798591008896067,1.084907300183851,0.976373451646604
2.639590316573557,1.05764922832703,1.066187029801888,1.042748670770848,0.9390197783894686,1.033237869016905,1.066187029801888,1.042748670770848,0.9390197783894686,1.033237869016905,1.066187029801888,1.042748670770848,0.9390197783894686,1.033237869016905
2.643072625698324,1.057212463776884,1.059011735490133,1.009524119467267,1.000103857398429,1.06344171389017,1.059011735490133,1.009524119467267,1.000103857398429,1.06344171389017,1.059011735490133,1.009524119467267,1.000103857398429,1.06344171389017
2.646554934823091,1.056643810626695,1.048068781122036,1.047592538451544,1.00046957486859,1.076688184368735,1.048068781122036,1.047592538451544,1.00046957486859,1.076688184368735,1.048068781122036,1.047592538451544,1.00046957486859,1.076688184368735
2.650037243947859,1.056286627293253,1.070333454554842,1.024730056109043,1.05134177062931,1.004364972366011,1.070333454554842,1.024730056109043,1.05134177062931,1.004364972366011,1.070333454554842,1.024730056109043,1.05134177062931,1.004364972366011
2.653519553072626,1.055804039268407,1.052111243211094,0.972933887970966,0.9999635451643828,1.117189031397504,1.052111243211094,0.972933887970966,0.9999635451643828,1.117189031397504,1.052111243211094,0.972933887970966,0.9999635451643828,1.117189031397504
2.657001862197393,1.055204944400664,1.061541302721397,0.9848888417360112,1.035786008577123,1.10391825153532,1.1671141271098073,0.9848888417360112,1.035786008577123,1.10391825153532,1.3782597758866282,0.9848888417360112,1.035786008577123,1.10391825153532
2.66048417132216,1.054652706789624,1.06049593217003,1.055051988019005,1.069710590498891,1.034299951649825,1.06049593217003,1.055051988019005,1.069710590498891,1.0274970284750198,1.06049593217003,1.055051988019005,1.069710590498891,1.0138911821254093
2.663966480446927,1.054312352056655,1.048942430778675,1.046202316148686,1.041572079900213,1.051471794997326,1.067770292683105,1.046202316148686,1.041572079900213,1.051471794997326,1.1054260164919647,1.046202316148686,1.041572079900213,1.051471794997326
2.667448789571695,1.053706164474945,1.054041798418667,1.02885056000329,1.028121366605606,1.047086130365979,1.054041798418667,1.02885056000329,1.028121366605606,0.9716236850360571,1.054041798418667,1.02885056000329,1.028121366605606,0.8206987943762134
2.670931098696462,1.053366100342241,1.04568483075849,1.065406109428223,1.03398977482992,0.9766447320851293,1.04568483075849,1.065406109428223,1.03398977482992,0.9766447320851293,1.04568483075849,1.065406109428223,1.03398977482992,0.9766447320851293
2.674413407821229,1.052911754100193,1.053722135028504,1.081816327621847,1.025676764957878,0.9970622895057154,1.053722135028504,1.081816327621847,1.025676764957878,0.9970622895057154,1.053722135028504,1.081816327621847,1.025676764957878,0.9970622895057154
2.677895716945996,1.0525748024107071,1.059055505132428,1.052744442088353,1.096026804907518,1.089889525529246,1.059055505132428,1.052744442088353,1.096026804907518,1.089889525529246,1.059055505132428,1.052744442088353,1.096026804907518,1.089889525529246
2.681378026070764,1.05214742723443,1.067967265645781,1.027943073626111,1.059674393597436,1.102551701671786,1.067967265645781,1.027943073626111,1.059674393597436,1.102551701671786,1.067967265645781,1.027943073626111,1.059674393597436,1.102551701671786
2.684860335195531,1.051711769682774,1.074555013802276,1.046851379654572,0.9881073448138384,1.036700024536934,1.074555013802276,1.046851379654572,0.8799220664207621,1.036700024536934,1.074555013802276,1.046851379654572,0.6635515096346094,1.036700024536934
2.688342644320298,1.051102873598909,1.056334682532716,1.029106159088522,1.062871797639173,1.151325415664505,1.056334682532716,1.029106159088522,1.1225695062878716,1.151325415664505,1.056334682532716,1.029106159088522,1.2419649235852688,1.151325415664505
2.691824953445066,1.050397368883009,1.042969927731433,1.013220491058227,1.094937395034501,1.070759788249087,1.042969927731433,1.013220491058227,1.094937395034501,1.070759788249087,1.042969927731433,1.013220491058227,1.094937395034501,1.070759788249087
2.695307262569833,1.049205905917244,1.045447088851577,1.076894631583564,1.049969547285661,0.9416206184791543,1.045447088851577,1.076894631583564,1.049969547285661,0.9416206184791543,1.045447088851577,1.076894631583564,1.049969547285661,0.9416206184791543
2.6987895716946,1.047943224349105,1.030216944165066,1.078674166636906,1.001187230111814,1.046270579894625,1.030216944165066,0.9368784625545551,1.001187230111814,1.046270579894625,1.030216944165066,0.6532870543898535,1.001187230111814,1.046270579894625
2.702271880819367,1.046360761471596,1.050013746168809,1.092643412890509,1.053911322862707,0.8692517197616898,1.050013746168809,1.092643412890509,1.053911322862707,0.8692517197616898,1.050013746168809,1.092643412890509,1.053911322862707,0.8692517197616898
2.705754189944134,1.044627123746793,1.052528803842364,1.047385122212446,1.017060407452952,0.9675350394976624,1.052528803842364,1.047385122212446,1.017060407452952,0.9675350394976624,1.052528803842364,1.047385122212446,1.017060407452952,0.9675350394976624
2.709236499068902,1.042689428296031,1.031847297556653,1.014815379717872,1.12031387712457,1.10812635301575,1.031847297556653,1.014815379717872,1.12031387712457,1.0662817859048515,1.031847297556653,1.014815379717872,1.12031387712457,0.9825926516830543
2.712718808193669,1.04053948434514,1.04206115922498,1.005520351199302,1.025200524501799,1.092485135058064,1.04206115922498,1.024226530876225,1.025200524501799,1.092485135058064,1.04206115922498,1.061638890230071,1.025200524501799,1.092485135058064
2.716201117318436,1.038371487777461,1.032065578865567,0.9992433146335667,1.001715249663713,1.130476253168444,1.032065578865567,0.9992433146335667,1.001715249663713,1.047571124037826,1.032065578865567,0.9992433146335667,1.001715249663713,0.8817608657765903
2.719683426443203,1.035727695665047,1.02602569234389,1.010097719384382,1.075019328258978,1.058630670061929,1.02602569234389,1.010097719384382,1.075019328258978,1.058630670061929,1.02602569234389,1.010097719384382,1.075019328258978,1.058630670061929
2.72316573556797,1.033465888001093,1.025841930335313,1.041318394599417,0.9859180599277698,1.159655869173015,1.025841930335313,1.1668704880871918,0.9859180599277698,1.159655869173015,1.025841930335313,1.4179746750627416,0.9859180599277698,1.159655869173015
2.726648044692737,1.030808711551241,1.040885833030982,1.056541608744647,0.9390136880904558,1.067358935672685,1.040885833030982,1.056541608744647,0.9390136880904558,1.067358935672685,1.040885833030982,1.056541608744647,0.9390136880904558,1.067358935672685
2.730130353817505,1.02797115159331,1.017270711709516,1.080567837676038,0.9845563958333092,0.9529064969160892,1.017270711709516,1.080567837676038,0.9845563958333092,0.9529064969160892,1.017270711709516,1.080567837676038,0.9845563958333092,0.9529064969160892
2.733612662942272,1.025023504062698,1.032467883152497,1.004580750070097,1.002489698211145,0.954859392467333,0.8673376145379359,1.004580750070097,1.002489698211145,0.954859392467333,0.537077077308814,1.004580750070097,1.002489698211145,0.954859392467333
2.737094972067039,1.022159606513882,1.004922704479436,1.079018590616176,0.9696824887759072,1.016982020415438,1.004922704479436,1.079018590616176,0.9696824887759072,1.0455696287229774,1.004922704479436,1.079018590616176,0.9696824887759072,1.1027448453380564
2.740577281191806,1.019467717002363,1.032900791199234,1.048703003905494,1.051813382188714,1.057639995834056,1.032900791199234,1.048703003905494,1.051813382188714,1.057639995834056,1.032900791199234,1.048703003905494,1.051813382188714,1.057639995834056
2.744059590316573,1.016356220836047,1.048415998484994,1.032303006853676,1.057978177775243,0.9530911001581404,1.048415998484994,1.032303006853676,1.057978177775243,0.9530911001581404,1.048415998484994,1.032303006853676,1.057978177775243,0.9530911001581404
2.747541899441341,1.013530121948147,1.010704999974324,1.039763987129842,0.9592076312904496,1.008023430446474,1.010704999974324,1.039763987129842,0.9592076312904496,1.008023430446474,1.010704999974324,1.039763987129842,0.9592076312904496,1.008023430446474
2.751024208566108,1.010565531374579,1.024032573258343,1.022977064816024,0.96557262152405,0.8999656299589711,1.024032573258343,1.022977064816024,0.96557262152405,0.8999656299589711,1.024032573258343,1.022977064816024,0.96557262152405,0.8999656299589711
2.754506517690875,1.007517943767944,1.00615158702446,1.057599095681165,1.089674273575564,1.027936114256038,1.00615158702446,1.057599095681165,1.089674273575564,1.027936114256038,1.00615158702446,1.057599095681165,1.089674273575564,1.027936114256038
2.757988826815643,1.004625675518908,0.9919072957971552,1.009952453582883,1.086395514501077,1.104469683634011,0.9919072957971552,1.009952453582883,1.086395514501077,1.104469683634011,0.9919072957971552,1.009952453582883,1.086395514501077,1.104469683634011
2.76147113594041,1.00181800370878,1.013104046454048,0.9763227244218736,0.9279241312850912,1.082801722830833,1.013104046454048,0.9763227244218736,0.9279241312850912,1.082801722830833,1.013104046454048,0.9763227244218736,0.9279241312850912,1.082801722830833
2.764953445065177,0.9987579214876868,0.9781079373888886,0.9841207937542014,1.095123022420829,1.001051102618513,0.8425460309204658,0.9841207937542014,1.095123022420829,1.001051102618513,0.5714222179836201,0.9841207937542014,1.095123022420829,1.001051102618513
2.768435754189944,0.996066101798772,1.02015854841998,1.032170118077984,0.969055101466251,1.059384168475729,1.02015854841998,1.032170118077984,0.969055101466251,1.059384168475729,1.02015854841998,1.032170118077984,0.969055101466251,1.059384168475729
2.771918063314712,0.9935241427210136,0.9760190289531092,0.970453578631962,1.064183574829939,0.9321710771486904,0.9760190289531092,0.970453578631962,1.064183574829939,0.9321710771486904,0.9760190289531092,0.970453578631962,1.064183574829939,0.9321710771486904
2.775400372439479,0.9911016727886058,0.9987322167862696,0.9817836943885272,0.9875718238864392,0.942504411232182,0.9987322167862696,0.9817836943885272,0.9875718238864392,0.942504411232182,0.9987322167862696,0.9817836943885272,0.9875718238864392,0.942504411232182
2.778882681564246,0.9886708265519464,0.988423260057404,1.031454413767336,1.028789313172778,0.9253033900926348,0.988423260057404,1.0206563572728153,1.0533655034983522,0.9253033900926348,0.988423260057404,0.9990602442837742,1.1025178841495002,0.9253033900926348
2.782364990689013,0.9864093117225664,0.9822810419218044,0.980791574502548,1.08238741140169,0.924295735416648,0.9822810419218044,0.980791574502548,1.08238741140169,0.924295735416648,0.9822810419218044,0.980791574502548,1.08238741140169,0.924295735416648
2.78584729981378,0.98445482448105,0.9916994979642304,0.9624246610613698,0.9062454192855284,0.9200657101951109,0.9916994979642304,0.9624246610613698,0.9062454192855284,0.9200657101951109,0.9916994979642304,0.9624246610613698,0.9062454192855284,0.9200657101951109
2.789329608938548,0.982481724813958,0.9917694511861344,0.944671031164636,1.02521293758743,0.9703945265840036,0.9917694511861344,0.944671031164636,1.02521293758743,0.9703945265840036,0.9917694511861344,0.944671031164636,1.02521293758743,0.9703945265840036
2.792811918063315,0.9805922177976844,0.97129779669358,0.950351385967096,1.025080488765768,0.9872713690041462,0.97129779669358,0.950351385967096,1.025080488765768,0.9872713690041462,0.97129779669358,0.950351385967096,1.025080488765768,0.9872713690041462
2.796294227188082,0.9790461827799866,0.971423843443959,1.015741241694969,0.9074475510903988,1.068903137756993,0.9714657158614771,1.015741241694969,0.9074475510903988,1.068903137756993,0.9715494606965133,1.015741241694969,0.9074475510903988,1.068903137756993
2.799776536312849,0.9775377539373024,0.9745350374368944,1.000092542602223,0.9550656539215512,1.044153503920449,0.9601880014800742,1.000092542602223,0.9550656539215512,1.044153503920449,0.9314939295664338,1.000092542602223,0.9550656539215512,1.044153503920449
2.803258845437616,0.9764203617297482,0.952853123205474,0.976065132906609,1.016761038719047,1.063284845533581,0.952853123205474,0.976065132906609,1.016761038719047,1.063284845533581,0.952853123205474,0.976065132906609,1.016761038719047,1.063284845533581
2.806741154562384,0.9754300989632794,0.9681460228574008,0.948508611640752,0.996567588716036,0.9201579081755727,0.9681460228574008,0.948508611640752,0.996567588716036,0.9201579081755727,0.9681460228574008,0.948508611640752,0.996567588716036,0.9201579081755727
2.810223463687151,0.9744487693179,0.986619138366838,0.928863971809528,0.964528498934756,0.9619409388516428,0.986619138366838,0.928863971809528,0.964528498934756,0.9619409388516428,0.986619138366838,0.928863971809528,0.964528498934756,0.9619409388516428
2.813705772811918,0.9739808025307156,0.9804251928470326,1.046545848458295,0.9655479127592378,0.9943794561439552,0.9804251928470326,1.046545848458295,0.9655479127592378,0.9943794561439552,0.9804251928470326,1.046545848458295,0.9655479127592378,0.9943794561439552
2.817188081936686,0.9735753046404244,0.967035723900714,0.9439771505210268,0.9916172221791826,1.131599193085412,0.967035723900714,0.9439771505210268,0.9916172221791826,1.131599193085412,0.967035723900714,0.9439771505210268,0.9916172221791826,1.131599193085412
2.820670391061453,0.9733925727445614,0.972700949226878,0.9418807987995612,1.028101886709903,1.041082188960057,0.972700949226878,0.9418807987995612,1.0354566637027012,0.9455809363618254,0.972700949226878,0.9418807987995612,1.0501662176882978,0.7545784311653623
2.82415270018622,0.973423188349886,0.9779035610901264,0.9780180350151004,0.969111788007222,0.9783333371961378,0.9779035610901264,0.9780180350151004,0.9546782243498974,0.9783333371961378,0.9779035610901264,0.9780180350151004,0.925811097035248,0.9783333371961378
2.827635009310987,0.9735481537940832,0.9738124673984578,0.9753632246934776,0.9076700632098864,0.9661115521742212,0.9738124673984578,0.9753632246934776,0.9076700632098864,0.9661115521742212,0.9738124673984578,0.9753632246934776,0.9076700632098864,0.9661115521742212
2.831117318435754,0.974078143026078,0.981149086170876,0.9494361937356464,0.9801233490864348,0.9019878030677796,0.981149086170876,0.9494361937356464,1.1304453654788977,0.9019878030677796,0.981149086170876,0.9494361937356464,1.4310893982638233,0.9019878030677796
2.834599627560522,0.9748858401881744,0.9643226466358892,0.9557078519227404,0.9383013284881762,0.8384851494820684,0.9643226466358892,0.9557078519227404,0.9383013284881762,0.8384851494820684,0.9643226466358892,0.9557078519227404,0.9383013284881762,0.8384851494820684
2.838081936685289,0.975728813893032,0.9751197830883354,0.9627272943097774,1.018544695302516,0.9755241804601432,0.9751197830883354,0.9627272943097774,1.018544695302516,0.9755241804601432,0.9751197830883354,0.9627272943097774,1.018544695302516,0.9755241804601432
2.841564245810056,0.976846788696539,0.9708118250762456,0.9697301515207628,0.9306740606979929,0.9057695184400176,0.9708118250762456,0.910282403219735,0.9306740606979929,0.9057695184400176,0.9708118250762456,0.7913869066176794,0.9306740606979929,0.9057695184400176
2.845046554934823,0.9780692487595888,0.9778503779963444,0.9736645682193243,0.9974863654491812,0.9190379128067304,0.9778503779963444,0.9736645682193243,0.9974863654491812,0.9190379128067304,0.9778503779963444,0.9736645682193243,0.9974863654491812,0.9190379128067304
2.84852886405959,0.9795927266836104,0.9715798237318298,0.9590700841566012,0.9058520590700796,0.9577991743055172,0.9979111125387856,0.9590700841566012,0.9058520590700796,0.9577991743055172,1.0505736901526972,0.9590700841566012,0.9058520590700796,0.9577991743055172
2.852011173184358,0.9810445380583191,0.9732607686231298,0.9887353297718864,1.066481694141011,0.9722536485228218,0.9732607686231298,0.9887353297718864,1.066481694141011,0.9722536485228218,0.9732607686231298,0.9887353297718864,1.066481694141011,0.9722536485228218
2.855493482309125,0.9828794306983684,0.99589277268209,1.002308381127089,0.923695725065498,0.9825839835124603,0.99589277268209,1.002308381127089,0.923695725065498,0.9825839835124603,0.99589277268209,1.002308381127089,0.923695725065498,0.9825839835124603
2.858975791433892,0.9850286126259936,0.9885212285411152,0.977701618214288,1.057311582609685,1.015106441940979,1.1454102465159273,0.977701618214288,1.1199298934413346,1.015106441940979,1.459188282465551,0.977701618214288,1.2451665151046336,1.015106441940979
2.862458100558659,0.9872792480424905,0.9958077893963322,1.010207798275999,1.009262481005883,0.9481846212428572,0.9958077893963322,1.010207798275999,1.009262481005883,0.9481846212428572,0.9958077893963322,1.010207798275999,1.009262481005883,0.9481846212428572
2.865940409683426,0.9894486789281848,0.9846073120119774,0.9589030064352018,0.9475548139228436,1.14507940178777,0.9846073120119774,0.9589030064352018,0.9475548139228436,1.14507940178777,0.9846073120119774,0.9589030064352018,0.9475548139228436,1.14507940178777
2.869422718808194,0.99199551497233,0.9891603711887588,0.9600937897493907,1.072921411263055,1.026927029349521,0.9891603711887588,0.9600937897493907,1.072921411263055,1.319817103114987,0.9891603711887588,0.9600937897493907,1.072921411263055,1.905597250645919
2.872905027932961,0.9945941085169548,1.007560135443862,0.982358712168696,1.014178255280093,0.9136989078115706,1.007560135443862,0.982358712168696,1.014178255280093,0.9136989078115706,1.007560135443862,0.982358712168696,1.014178255280093,0.9136989078115706
2.876387337057728,0.997212685956192,0.979901670474502,1.049144774792316,0.9944546023332204,1.042437432154007,0.8529970543802305,1.049144774792316,0.9944546023332204,1.042437432154007,0.5991878221916874,1.049144774792316,0.9944546023332204,1.042437432154007
2.879869646182495,0.9997535066396368,0.9941582242706426,1.002599221811256,0.9173751173764748,0.9789763921444928,0.9941582242706426,1.002599221811256,0.9173751173764748,0.9789763921444928,0.9941582242706426,1.002599221811256,0.9173751173764748,0.9789763921444928
2.883351955307263,1.002616613424833,1.009903902815471,0.998016889024914,0.9237095695960176,1.031931798603344,1.009903902815471,0.998016889024914,0.9237095695960176,1.031931798603344,1.009903902815471,0.998016889024914,0.9237095695960176,1.031931798603344
2.88683426443203,1.005431902980771,1.015251202768434,0.989798939525987,0.970636882886254,1.132404345959273,1.015251202768434,0.989798939525987,0.970636882886254,1.132404345959273,1.015251202768434,0.989798939525987,0.970636882886254,1.132404345959273
2.890316573556797,1.008542969075832,1.018048377039652,1.005280761026402,1.077209265510043,0.9945589118172488,1.018048377039652,1.005280761026402,1.077209265510043,0.9945589118172488,1.018048377039652,1.005280761026402,1.077209265510043,0.9945589118172488
2.893798882681565,1.011487744626219,1.031802348343474,1.074923240129041,0.97562751960225,1.025852719998829,1.031802348343474,1.074923240129041,0.97562751960225,1.025852719998829,1.031802348343474,1.074923240129041,0.97562751960225,1.025852719998829
2.897281191806332,1.01450620623162,1.016579317928069,1.034385779866765,0.9776032603319784,1.21693749297335,1.016579317928069,1.034385779866765,0.9776032603319784,1.21693749297335,1.016579317928069,1.034385779866765,0.9776032603319784,1.21693749297335
2.900763500931099,1.017370996158198,1.032652921873339,0.9936849778483992,1.01130914329127,0.9652136125951596,1.032652921873339,0.9936849778483992,1.01130914329127,0.9652136125951596,1.032652921873339,0.9936849778483992,1.01130914329127,0.9652136125951596
2.904245810055866,1.020231534728041,1.020175567236413,0.963689518455078,1.075658879228655,1.108624047560368,1.020175567236413,0.963689518455078,1.0856408046225186,1.108624047560368,1.020175567236413,0.963689518455078,1.1056046554102459,1.108624047560368
2.907728119180633,1.023287622956129,1.016446623168096,1.005465214655945,1.066704925749387,0.9356530916979025,1.016446623168096,0.9909330895930156,1.066704925749387,0.9356530916979025,1.016446623168096,0.9618688394671566,1.066704925749387,0.9356530916979025
2.911210428305401,1.026108608199229,1.036816637536777,1.049804395818648,0.9326923207622164,1.115950362713621,1.036816637536777,1.049804395818648,0.9326923207622164,1.115950362713621,1.036816637536777,1.049804395818648,0.9326923207622164,1.115950362713621
2.914692737430168,1.028906009725852,1.017373682810526,1.032956287928337,1.077742479235944,0.9351840325781476,1.017373682810526,1.032956287928337,1.0232548693309509,0.9351840325781476,1.017373682810526,1.032956287928337,0.9142796495209644,0.9351840325781476
2.918175046554935,1.031614008343346,1.0234882677282,1.035944783436606,1.013699303496465,0.907369391326676,1.0234882677282,1.035944783436606,1.013699303496465,0.907369391326676,1.0234882677282,1.035944783436606,1.013699303496465,0.907369391326676
2.921657355679702,1.034000998199738,1.045119837608074,1.035053275922158,1.011261864616011,1.033632253606276,1.045119837608074,1.035053275922158,1.1069617065036073,1.033632253606276,1.045119837608074,1.035053275922158,1.2983613902788003,1.033632253606276
2.925139664804469,1.036672229351026,1.060478105278934,1.084643991588039,1.01995485982189,1.153252632759304,1.060478105278934,1.084643991588039,1.01995485982189,1.153252632759304,1.060478105278934,1.084643991588039,1.01995485982189,1.153252632759304
2.928621973929237,1.039058948396773,1.049000822893076,1.078352987747656,1.095823683785923,0.972384226327984,1.049000822893076,1.078352987747656,1.095823683785923,0.972384226327984,1.049000822893076,1.078352987747656,1.095823683785923,0.972384226327984
2.932104283054004,1.041212961354366,1.038182129516738,1.019671986283833,0.9692275972542156,1.08210115369087,1.038182129516738,1.019671986283833,0.9692275972542156,1.08210115369087,1.038182129516738,1.019671986283833,0.9692275972542156,1.08210115369087
2.935586592178771,1.043236146149319,1.04664022204221,1.055424525945104,1.079239908861963,1.229665145092998,1.04664022204221,0.9759446573399789,1.079239908861963,1.4314174671404376,1.04664022204221,0.8169849201297288,1.079239908861963,1.8349221112353162
2.939068901303538,1.045051915094136,1.030236855265855,1.082052102773297,1.087865931931156,1.031290775401366,1.030236855265855,1.082052102773297,1.087865931931156,1.031290775401366,1.030236855265855,1.082052102773297,1.087865931931156,1.031290775401366
2.942551210428306,1.046706450727992,1.037914480540646,1.029324693747729,1.011928137197043,1.104422734424694,1.037914480540646,1.029324693747729,1.011928137197043,1.104422734424694,1.037914480540646,1.029324693747729,1.011928137197043,1.104422734424694
2.946033519553072,1.047982690880284,1.077403334524938,1.036091586249271,0.9585209483238988,1.185448771108013,1.077403334524938,1.036091586249271,0.9253888278784305,1.185448771108013,1.077403334524938,1.036091586249271,0.8591245869874939,1.185448771108013
2.94951582867784,1.049316784563737,1.059590561991936,1.044783471202201,0.9665398610933804,1.058686998126995,1.059590561991936,1.044783471202201,0.9665398610933804,1.058686998126995,1.059590561991936,1.044783471202201,0.9665398610933804,1.058686998126995
2.952998137802608,1.050280985546063,1.053395807037615,1.026292777464512,0.9347616821160554,1.043165034325436,1.053395807037615,1.026292777464512,0.9347616821160554,1.074637473342571,1.053395807037615,1.026292777464512,0.9347616821160554,1.1375823513768413
2.956480446927374,1.050989179997482,1.044325987717505,1.054064969346131,1.026452588187641,1.008862561884479,1.044325987717505,1.054064969346131,1.026452588187641,1.008862561884479,1.044325987717505,1.054064969346131,1.026452588187641,1.008862561884479
2.959962756052142,1.051519411039449,1.043687842589731,1.017450801894729,1.13362486747911,0.868775528888289,1.043687842589731,1.017450801894729,1.13362486747911,0.868775528888289,1.043687842589731,1.017450801894729,1.13362486747911,0.868775528888289
2.963445065176909,1.051669785192487,1.04344635599989,1.046389857694951,0.970677470308285,0.9349692480650452,1.04344635599989,1.046389857694951,0.979286867047688,0.9349692480650452,1.04344635599989,1.046389857694951,0.996505660526494,0.9349692480650452
2.966927374301676,1.052447013925978,1.065717478822107,1.036244836822655,1.040027735749931,1.013649234395422,0.882790389704892,1.036244836822655,1.040027735749931,1.013649234395422,0.5169362114704619,1.036244836822655,1.040027735749931,1.013649234395422
2.970409683426444,1.05271661528789,1.05718598055803,1.087437353479874,1.097295759097434,1.03781646449658,1.05718598055803,1.087437353479874,1.1994635092292099,1.03781646449658,1.05718598055803,1.087437353479874,1.403799009492762,1.03781646449658
2.973891992551211,1.053143050625547,1.05942971059532,1.047447029685277,1.072845312092238,1.066103724992765,1.05942971059532,1.047447029685277,1.072845312092238,1.066103724992765,1.05942971059532,1.047447029685277,1.072845312092238,1.066103724992765
2.977374301675978,1.053799410089312,1.041622013813307,1.013631843554475,1.059216868107379,1.023446287432255,1.041622013813307,1.013631843554475,1.145510265240506,1.023446287432255,1.041622013813307,1.013631843554475,1.3180970595067598,1.023446287432255
2.980856610800745,1.054245465983782,1.054259315161169,1.053000335853593,1.06508545428098,1.06032814928056,1.054259315161169,1.053000335853593,1.06508545428098,1.06032814928056,1.054259315161169,1.053000335853593,1.06508545428098,1.06032814928056
2.984338919925512,1.054747506252759,1.055558100865894,1.065944272177267,1.101934324642851,1.063824925723641,1.055558100865894,1.065944272177267,1.101934324642851,1.063824925723641,1.055558100865894,1.065944272177267,1.101934324642851,1.063824925723641
2.987821229050279,1.055064346972011,1.054445566677865,1.025125453631644,1.040566779324212,0.9910834042609192,1.054445566677865,1.025125453631644,1.040566779324212,0.9910834042609192,1.054445566677865,1.025125453631644,1.040566779324212,0.9910834042609192
2.991303538175047,1.055823548062355,1.044256626324722,1.067035602641243,1.004548292553426,1.034898579200923,0.9687826021609097,0.937206659666461,1.004548292553426,1.034898579200923,0.8178345538332852,0.6775487737168968,1.004548292553426,1.034898579200923
2.994785847299814,1.056317803036747,1.060144722809379,1.039446177735047,1.040898902358953,0.9940842529183106,1.060144722809379,1.039446177735047,1.040898902358953,0.9940842529183106,1.060144722809379,1.039446177735047,1.040898902358953,0.9940842529183106
2.9982681564245812,1.056828860716863,1.054493885853539,1.026576514768536,1.027081356264654,1.117195066548418,1.054493885853539,1.026576514768536,1.027081356264654,1.117195066548418,1.054493885853539,1.026576514768536,1.027081356264654,1.117195066548418
3.001750465549348,1.057339253836336,1.055804931584151,1.041691526502161,0.9216129430416968,1.056037617056289,1.055804931584151,1.041691526502161,0.9216129430416968,1.056037617056289,1.055804931584151,1.041691526502161,0.9216129430416968,1.056037617056289
3.005232774674115,1.057942797768883,1.054716251955367,1.042152216041806,1.111761075922325,1.090257004565421,1.054716251955367,1.042152216041806,1.111761075922325,1.090257004565421,1.054716251955367,1.042152216041806,1.111761075922325,1.090257004565421
3.008715083798883,1.058529425021319,1.068431618234293,1.061589052512387,1.065253717934852,0.9868911526310828,1.068431618234293,1.061589052512387,1.065253717934852,0.9868911526310828,1.068431618234293,1.061589052512387,1.065253717934852,0.9868911526310828
3.01219739292365,1.058974142515025,1.053386479231908,1.086040690832515,1.110861440932164,1.076535438952409,1.0284582714504875,1.086040690832515,1.110861440932164,1.076535438952409,0.9786018558876461,1.086040690832515,1.110861440932164,1.076535438952409
3.015679702048417,1.059505473020123,1.050209393966088,1.072274658093765,1.135756817462058,1.065190056217263,1.050209393966088,1.099147230462957,1.135756817462058,1.065190056217263,1.050209393966088,1.152892375201341,1.135756817462058,1.065190056217263
3.019162011173185,1.060065793854638,1.066224975767625,1.099680556073719,1.181449800785273,1.115311887459141,1.066224975767625,1.099680556073719,1.181449800785273,1.115311887459141,1.066224975767625,1.099680556073719,1.181449800785273,1.115311887459141
3.022644320297952,1.06079433616327,1.06646374762517,1.021540608278576,1.006706281136799,1.193680687712845,1.06646374762517,1.021540608278576,1.006706281136799,1.193680687712845,1.06646374762517,1.021540608278576,1.006706281136799,1.193680687712845
3.026126629422719,1.061393856731696,1.061237825331594,1.07626719606856,0.9949984818180002,0.9548399618734642,1.061237825331594,1.07626719606856,0.9949984818180002,0.8952229933874521,1.061237825331594,1.07626719606856,0.9949984818180002,0.775989056415428
3.029608938547486,1.061905614563228,1.074480189170429,1.035537606644098,1.043850164899243,1.078476000010666,1.074480189170429,1.035537606644098,1.043850164899243,1.078476000010666,1.074480189170429,1.035537606644098,1.043850164899243,1.078476000010666
3.033091247672253,1.062588991494938,1.079916783863426,1.047480308372991,1.049118259083542,1.093325247612467,1.079916783863426,1.047480308372991,1.1152301200753554,1.093325247612467,1.079916783863426,1.047480308372991,1.2474538420589822,1.093325247612467
3.036573556797021,1.063201819300696,1.066537779795899,1.034717109803748,1.066213013260889,1.150482393101504,1.066537779795899,1.034717109803748,1.066213013260889,1.150482393101504,1.066537779795899,1.034717109803748,1.066213013260889,1.150482393101504
3.040055865921788,1.063789007586275,1.054820965113853,1.057190117159077,1.108457938636279,1.15802522645992,1.054820965113853,1.057190117159077,1.108457938636279,1.15802522645992,1.054820965113853,1.057190117159077,1.108457938636279,1.15802522645992
3.043538175046555,1.064375736183414,1.044769261973228,1.025548967257973,1.042568964871604,1.050825375693968,1.0208058456601588,1.025548967257973,1.042568964871604,1.050825375693968,0.97287901303402,1.025548967257973,1.042568964871604,1.050825375693968
3.047020484171322,1.064975843535318,1.063010032944798,1.094217180450994,1.038126703108289,1.173350006963962,1.063010032944798,1.094217180450994,1.038126703108289,1.173350006963962,1.063010032944798,1.094217180450994,1.038126703108289,1.173350006963962
3.05050279329609,1.065565928581284,1.047894142925027,1.059141949160373,1.11474414210613,1.144385778079211,1.047894142925027,1.059141949160373,1.11474414210613,1.144385778079211,1.047894142925027,1.059141949160373,1.11474414210613,1.144385778079211
3.053985102420857,1.066248026079476,1.056975504213675,1.014509134669967,1.121909344756555,1.065432430042976,1.056975504213675,1.014509134669967,1.1598706152987963,1.065432430042976,1.056975504213675,1.014509134669967,1.235793156383279,1.065432430042976
3.057467411545624,1.06695952763612,1.057300264043855,1.096963328047059,1.078529568837289,0.965940533375909,1.057300264043855,1.096963328047059,1.078529568837289,0.965940533375909,1.057300264043855,1.096963328047059,1.078529568837289,0.965940533375909
3.060949720670391,1.067408542027351,1.060321969278139,1.054319099380121,1.026856647512937,1.094650006007354,1.060321969278139,1.054319099380121,1.026856647512937,1.094650006007354,1.060321969278139,1.054319099380121,1.026856647512937,1.094650006007354
3.064432029795158,1.068233922405095,1.066990634912874,1.084977366547795,1.059115202310991,0.9638624314214128,1.066990634912874,1.084977366547795,1.059115202310991,0.9638624314214128,1.066990634912874,1.084977366547795,1.059115202310991,0.9638624314214128
3.067914338919926,1.068657197662103,1.068944438057292,1.031577625427738,1.079408698115621,0.9410211533863396,1.068944438057292,1.031577625427738,1.079408698115621,0.9410211533863396,1.068944438057292,1.031577625427738,1.079408698115621,0.9410211533863396
3.071396648044693,1.069294065076858,1.070314337419108,1.033105066061263,1.050553562172556,1.065932741323466,1.1409083458937872,1.033105066061263,1.050553562172556,1.065932741323466,1.2820963628431459,1.033105066061263,1.050553562172556,1.065932741323466
3.07487895716946,1.070052520535364,1.065622418447233,1.083362926864951,1.070276594464872,1.213031288195505,1.065622418447233,1.083362926864951,1.070276594464872,1.213031288195505,1.065622418447233,1.083362926864951,1.070276594464872,1.213031288195505
3.078361266294227,1.07080991679504,1.073930133246019,1.093039802470672,1.077097781792113,1.11955171505475,1.073930133246019,1.093039802470672,1.077097781792113,1.11955171505475,1.073930133246019,1.093039802470672,1.077097781792113,1.11955171505475
3.081843575418994,1.071435505000189,1.085850980094268,1.050331627546339,1.046875526532245,1.049107462933259,1.085850980094268,1.1228315984039698,1.046875526532245,1.049107462933259,1.085850980094268,1.2678315401192313,1.046875526532245,1.049107462933259
3.085325884543762,1.072034857396603,1.066201831235274,1.055181546525598,1.030672759436063,1.114306933997807,1.0945150783678412,0.7630519449770663,1.030672759436063,1.114306933997807,1.1511415726329757,0.17879274188000294,1.030672759436063,1.114306933997807
3.088808193668529,1.072744313269563,1.070596748572267,1.088469896326099,1.016252665130124,0.97762092524436806,1.070596748572267,1.088469896326099,1.031018276821839,0.97762092524436806,1.070596748572267,1.088469896326099,1.0605495002052687,0.97762092524436806
3.092290502793296,1.073318425057558,1.060337538519905,1.091056680614619,1.094310386557311,1.0857696477564731,1.060337538519905,1.091056680614619,1.094310386557311,1.0857696477564731,1.060337538519905,1.091056680614619,1.094310386557311,1.0857696477564731
3.095772811918064,1.073985118754925,1.07638552609887,1.089951600934315,1.108364506866797,1.046583075835274,1.07638552609887,1.089951600934315,1.108364506866797,1.046583075835274,1.07638552609887,1.089951600934315,1.108364506866797,1.046583075835274
3.099255121042831,1.074625429886104,1.075857884287437,1.096375021021157,1.039434592939352,0.9892524745936736,1.075857884287437,1.096375021021157,1.039434592939352,0.9892524745936736,1.075857884287437,1.096375021021157,1.039434592939352,0.9892524745936736
3.102737430167598,1.0752829100733,1.070191744906054,1.085978942481842,1.065974210015134,1.035991545943271,1.070191744906054,1.0807087871894767,1.065974210015134,1.0398835455601954,1.070191744906054,1.0701684766047461,1.065974210015134,1.0476675447940444
3.106219739292365,1.075887924456745,1.09313698049865,1.077710983778834,1.141758807578025,0.9469859820969124,1.09313698049865,1.077710983778834,1.141758807578025,0.9469859820969124,1.09313698049865,1.077710983778834,1.141758807578025,0.9469859820969124
3.109702048417132,1.076545151217982,1.083576489100436,1.091248306497521,1.079658057983672,1.188602498102305,1.083576489100436,1.0585213886328362,1.079658057983672,1.188602498102305,1.083576489100436,0.9930675529034667,1.079658057983672,1.188602498102305
3.1131843575419,1.07721044119916,1.05141221322709,1.022989534035545,1.132581227145288,1.022084562239922,1.05141221322709,1.022989534035545,1.132581227145288,1.022084562239922,1.05141221322709,1.022989534035545,1.132581227145288,1.022084562239922
3.116666666666667,1.077928075188841,1.073272038721036,1.107703330794972,1.122335306794111,1.035271354098899,1.073272038721036,1.107703330794972,1.122335306794111,1.035271354098899,1.073272038721036,1.107703330794972,1.122335306794111,1.035271354098899
3.120148975791434,1.078447642552846,1.090217471710956,1.020380858475544,1.095231377418371,1.10893487816556,1.0664525809554948,1.020380858475544,1.095231377418371,1.10893487816556,1.018922799444572,1.020380858475544,1.095231377418371,1.10893487816556
3.123631284916201,1.079093137049693,1.094642636707269,1.055641591573174,1.153697757355885,1.007735729523953,1.094642636707269,1.055641591573174,1.153697757355885,1.007735729523953,1.094642636707269,1.055641591573174,1.153697757355885,1.007735729523953
3.127113594040968,1.079695745604932,1.096726238517034,1.063877366923932,1.070124928267171,1.128859982488252,1.096726238517034,1.063877366923932,1.070124928267171,1.1409533570421058,1.096726238517034,1.063877366923932,1.070124928267171,1.1651401061498132
3.130595903165736,1.080292232091155,1.074906489943852,1.055890749356959,1.045009899578546,1.229986936543846,1.074906489943852,1.1006156068953334,1.045009899578546,1.229986936543846,1.074906489943852,1.1900653219720825,1.045009899578546,1.229986936543846
3.134078212290503,1.080934472004306,1.068032604696247,1.090775243431765,1.003852688767745,1.017701531255585,1.068032604696247,1.090775243431765,1.003852688767745,1.017701531255585,1.068032604696247,1.090775243431765,1.003852688767745,1.017701531255585
3.13756052141527,1.081506049000873,1.085206239291357,1.061462732867713,0.9825162579002223,1.085617790634854,1.085206239291357,1.061462732867713,0.9825162579002223,1.085617790634854,1.085206239291357,1.061462732867713,0.9825162579002223,1.085617790634854
3.141042830540037,1.082119574675682,1.084381085386767,1.073606842595519,1.085233700500035,1.035739555535692,1.1154684475791117,1.073606842595519,1.085233700500035,1.035739555535692,1.1776431719638008,1.073606842595519,1.085233700500035,1.035739555535692
3.144525139664805,1.082721710634595,1.099630455549905,1.101103401959531,1.096079947869378,1.151028526175299,1.099630455549905,1.101103401959531,1.096079947869378,1.151028526175299,1.099630455549905,1.101103401959531,1.096079947869378,1.151028526175299
3.148007448789572,1.083346623263737,1.090868517758579,1.085432562285471,1.039772843245723,1.014111049629277,1.090868517758579,1.085432562285471,1.039772843245723,1.014111049629277,1.090868517758579,1.085432562285471,1.039772843245723,1.014111049629277
3.151489757914339,1.083866450571733,1.093633437588698,1.080603753422716,1.067716697173679,1.211568678453103,1.093633437588698,1.080603753422716,1.067716697173679,1.211568678453103,1.093633437588698,1.080603753422716,1.067716697173679,1.211568678453103
3.154972067039107,1.084498663225297,1.083803434986193,1.049799213582879,1.111862897158812,1.141279421633172,1.083803434986193,1.139579735657139,1.111862897158812,1.141279421633172,1.083803434986193,1.3191407798056594,1.111862897158812,1.141279421633172
3.158454376163873,1.08504324343187,1.078463591457479,1.071252362088325,1.100833748587858,1.149219360217058,1.078463591457479,1.071252362088325,1.100833748587858,1.149219360217058,1.078463591457479,1.071252362088325,1.100833748587858,1.149219360217058
3.161936685288641,1.085631128780509,1.089821875833376,1.092508789764032,1.143941423985713,1.138910519887593,1.089821875833376,1.092508789764032,1.143941423985713,1.138910519887593,1.089821875833376,1.092508789764032,1.143941423985713,1.138910519887593
3.165418994413408,1.08609552686306,1.090811239355595,1.121139538765631,1.153719387088128,1.253556509504284,1.090811239355595,1.121139538765631,1.153719387088128,1.253556509504284,1.090811239355595,1.121139538765631,1.153719387088128,1.253556509504284
3.168901303538175,1.086704217185738,1.08278060124954,1.088898282076227,1.090294258695668,1.099859910986725,1.08278060124954,1.088898282076227,1.139414168484786,1.099859910986725,1.08278060124954,1.088898282076227,1.237653988063022,1.099859910986725
3.172383612662943,1.087166421422408,1.099319048049358,1.086185451444529,1.036871371638163,1.116315784107544,1.099319048049358,1.187185592661,1.036871371638163,1.116315784107544,1.099319048049358,1.389185875093942,1.036871371638163,1.116315784107544
3.17586592178771,1.087696482008493,1.073060350441076,1.082164588206396,1.095261590875992,1.129252117762988,1.073060350441076,1.082164588206396,1.095261590875992,1.129252117762988,1.073060350441076,1.082164588206396,1.095261590875992,1.129252117762988
3.179348230912477,1.08818121473928,1.093325735316432,1.045110020227503,1.049029332767188,1.126529157658116,1.093325735316432,1.045110020227503,1.1498119827637483,1.126529157658116,1.093325735316432,1.045110020227503,1.3513772827568686,1.126529157658116
3.182830540037244,1.088684670740468,1.087588088560338,1.123676828367991,1.05927592359613,1.100131111190146,1.087588088560338,1.123676828367991,1.05927592359613,1.100131111190146,1.087588088560338,1.123676828367991,1.05927592359613,1.100131111190146
3.186312849162011,1.089193903229355,1.109950453702525,1.055267311131223,1.092618695737159,1.096948097844268,1.109950453702525,1.055267311131223,1.092618695737159,1.1004576249315918,1.109950453702525,1.055267311131223,1.092618695737159,1.1074766791062391
3.189795158286779,1.089590439410481,1.0942304976597,1.093735769732115,1.034015183369349,1.070744515287149,1.0942304976597,1.093735769732115,1.034015183369349,1.070744515287149,1.0942304976597,1.093735769732115,1.034015183369349,1.070744515287149
3.193277467411546,1.090231481665929,1.103159450134924,1.119085855260377,1.050568114992234,1.009776165375561,1.103159450134924,1.119085855260377,1.050568114992234,1.009776165375561,1.103159450134924,1.119085855260377,1.050568114992234,1.009776165375561
3.196759776536313,1.09045231243538,1.094199818601295,1.093319525088343,1.127323529886565,1.003904321676947,1.094199818601295,1.1067469479204481,1.1354950182649146,1.003904321676947,1.094199818601295,1.133601793584659,1.151837995021614,1.003904321676947
3.20024208566108,1.090854671242466,1.080590510892861,1.141060584150171,1.050997999161756,1.133172304797764,0.9121834226881712,1.141060584150171,1.050997999161756,1.133172304797764,0.5753692462787916,1.141060584150171,1.050997999161756,1.133172304797764
3.203724394785847,1.091359458268939,1.109946355519631,1.103470767753295,1.046437921041636,1.044528628210007,1.109946355519631,1.0982046646311838,1.046437921041636,1.044528628210007,1.109946355519631,1.087672458386962,1.046437921041636,1.044528628210007
3.207206703910614,1.091680765364218,1.098529543477159,1.123453660260245,1.053902633864872,1.250643455598578,1.098529543477159,1.123453660260245,1.053902633864872,1.4680312922948329,1.098529543477159,1.123453660260245,1.053902633864872,1.9028069656873425
3.210689013035382,1.092023896175404,1.109137703431792,1.126257645845702,1.065888861804278,1.067288477073482,1.109137703431792,1.126257645845702,1.065888861804278,1.067288477073482,1.109137703431792,1.126257645845702,1.065888861804278,1.067288477073482
3.214171322160149,1.092339383766429,1.09742170434605,1.088911442374872,1.162583777667605,1.06901353274517,1.09742170434605,1.088911442374872,1.162583777667605,1.06901353274517,1.09742170434605,1.088911442374872,1.162583777667605,1.06901353274517
3.217653631284916,1.092753123441021,1.099899160108938,1.094011534987049,1.107706249962384,1.057162616603656,1.099899160108938,1.094011534987049,1.107706249962384,1.057162616603656,1.099899160108938,1.094011534987049,1.107706249962384,1.057162616603656
3.221135940409684,1.092983588276233,1.104736744019524,1.153338134933952,1.053465629398525,1.062369948671678,1.104736744019524,1.153338134933952,1.0624296921033667,1.062369948671678,1.104736744019524,1.153338134933952,1.0803578175130504,1.062369948671678
3.224618249534451,1.093412332277313,1.101158122884664,1.088114214795192,1.100635742138989,1.096436942055822,1.1980124008007251,1.088114214795192,1.100635742138989,1.096436942055822,1.3917209566328475,1.088114214795192,1.100635742138989,1.096436942055822
3.228100558659218,1.093632068023375,1.090235892996198,1.058382592356679,1.025662382147424,1.078549493496421,1.090235892996198,1.058382592356679,1.025662382147424,1.078549493496421,1.090235892996198,1.058382592356679,1.025662382147424,1.078549493496421
3.231582867783986,1.09379580282443,1.107505983353824,1.06499492639634,0.9805022691028296,1.141131448437292,1.1235018491062423,1.06499492639634,0.9805022691028296,1.141131448437292,1.1554935806110784,1.06499492639634,0.9805022691028296,1.141131448437292
3.235065176908752,1.094099623447399,1.093201626162233,1.081597054989018,1.144871407273001,1.01249896185606,1.093201626162233,1.0077589079190359,1.144871407273001,1.01249896185606,1.093201626162233,0.8600826137790716,1.144871407273001,1.01249896185606
3.23854748603352,1.094367721006459,1.065043012436477,1.106645176941717,1.12887631632431,1.147120527173415,1.065043012436477,1.106645176941717,1.12887631632431,1.1280229523039071,1.065043012436477,1.106645176941717,1.12887631632431,1.089827802564891
3.242029795158287,1.094592524814625,1.101270624827992,1.108116374246965,1.12966264062551,1.069047961231471,1.101270624827992,1.108116374246965,1.12966264062551,1.069047961231471,1.101270624827992,1.108116374246965,1.12966264062551,1.069047961231471
3.245512104283054,1.094744058372348,1.095271410577408,1.130314302199869,1.179165017354833,1.237303725903839,1.095271410577408,1.130314302199869,1.179165017354833,1.237303725903839,1.095271410577408,1.130314302199869,1.179165017354833,1.237303725903839
3.248994413407821,1.094993350319109,1.078460139144175,1.097862879809964,1.227625946019186,1.072591505683139,1.078460139144175,1.097862879809964,1.227625946019186,1.0132786296010226,1.078460139144175,1.097862879809964,1.227625946019186,0.8946528774367898
3.252476722532589,1.095043495201276,1.091651888237504,1.042601952883825,1.091738349766839,1.228326440287869,1.0400525590801892,1.042601952883825,1.0470213497968122,1.228326440287869,0.9368539007655601,1.042601952883825,0.957587349856759,1.228326440287869
3.255959031657356,1.09523335925371,1.106006025298224,1.054044019113519,1.11862113897789,1.058299676209658,1.106006025298224,1.054044019113519,1.1115539667070393,1.058299676209658,1.106006025298224,1.054044019113519,1.0974196221653383,1.058299676209658
3.259441340782123,1.0953385289688,1.107338313598508,1.133637414765265,1.239998848835777,0.9855852645644936,1.107338313598508,1.133637414765265,1.239998848835777,0.9855852645644936,1.107338313598508,1.133637414765265,1.239998848835777,0.9855852645644936
3.26292364990689,1.095420145151523,1.103725861639746,1.065627190609629,1.060606525789562,1.078475376609731,1.103725861639746,1.065627190609629,1.060606525789562,1.078475376609731,1.103725861639746,1.065627190609629,1.060606525789562,1.078475376609731
3.266405959031657,1.095466709017355,1.090853335789842,1.068786825513652,1.035916016052211,1.048516628546716,1.0198372002882006,1.068786825513652,1.035916016052211,1.048516628546716,0.8778049292849174,1.068786825513652,1.035916016052211,1.048516628546716
3.269888268156425,1.09553704058847,1.089169379291437,1.114617913753389,1.10733905789843,0.9974195829354948,1.089169379291437,1.114617913753389,1.10733905789843,0.9974195829354948,1.089169379291437,1.114617913753389,1.10733905789843,0.9974195829354948
3.273370577281192,1.095578495902074,1.109839077907784,1.126452764621798,1.248637981510346,1.09324657791459,1.109839077907784,1.1409412907281091,1.248637981510346,1.2243747386741857,1.109839077907784,1.1699183429407312,1.248637981510346,1.4866310601933774
3.276852886405959,1.095603201693393,1.0916828626064221,1.103020361277558,1.150577332958685,1.132336075154041,1.0916828626064221,1.103020361277558,1.150577332958685,1.0561228196462835,1.0916828626064221,1.103020361277558,1.150577332958685,0.9036963086307689
3.280335195530727,1.09554635304251,1.102641218972191,1.102643175088703,1.091874198365914,1.091558106414484,1.102641218972191,1.102643175088703,1.091874198365914,0.9137625280386479,1.102641218972191,1.102643175088703,1.091874198365914,0.558171371286976
3.283817504655493,1.095653671479856,1.118595842710987,1.166657611012427,1.099424147057775,1.08708569359234,1.1298187808694689,1.166657611012427,1.099424147057775,1.08708569359234,1.1522646571864326,1.166657611012427,1.099424147057775,1.08708569359234
3.287299813780261,1.09546399091395,1.080218663872301,1.106465617637626,1.067603186531056,1.156275966995451,1.080218663872301,1.106465617637626,1.067603186531056,1.156275966995451,1.080218663872301,1.106465617637626,1.067603186531056,1.156275966995451
3.290782122905028,1.095381694150366,1.105665645881533,1.086766343279356,1.110289743954817,1.227202178993687,1.105665645881533,1.086766343279356,1.083002919812058,1.227202178993687,1.105665645881533,1.086766343279356,1.0284292715265406,1.227202178993687
3.294264432029795,1.095381498144615,1.086092257845179,1.117400080792725,1.202124572497532,1.123617550482241,1.086092257845179,1.117400080792725,1.202124572497532,1.123617550482241,1.086092257845179,1.117400080792725,1.202124572497532,1.123617550482241
3.297746741154563,1.095129520754025,1.092126526380743,1.064122929563822,1.049053399909351,1.10181386893545,1.092126526380743,1.064122929563822,1.049053399909351,1.10181386893545,1.092126526380743,1.064122929563822,1.049053399909351,1.10181386893545
3.30122905027933,1.09496557441044,1.080665077587144,1.042329589055486,1.168636980902786,1.225763981231406,1.080665077587144,1.1902881427762664,1.168636980902786,1.2545984085281385,1.080665077587144,1.4862052502178273,1.168636980902786,1.3122672631216032
3.304711359404097,1.094793545030811,1.116902766238786,1.160105919976907,0.9888669809349846,0.9133294467956792,1.116902766238786,1.160105919976907,0.9888669809349846,0.9133294467956792,1.116902766238786,1.160105919976907,0.9888669809349846,0.9133294467956792
3.308193668528864,1.09464562937548,1.10966412038122,1.050208961143106,1.13134319271811,1.122349758843838,1.1913082316413781,1.050208961143106,1.13134319271811,1.122349758843838,1.354596454161694,1.050208961143106,1.13134319271811,1.122349758843838
3.311675977653632,1.094449847588048,1.10945278662981,1.092400147827391,1.161460378893108,1.133413266145144,1.10945278662981,1.092400147827391,1.0408989538865603,1.133413266145144,1.10945278662981,1.092400147827391,0.7997761038734653,1.133413266145144
3.315158286778399,1.094182584787427,1.100319661696832,1.08751903177114,1.028026278479277,1.065666434520441,1.100319661696832,1.08751903177114,1.028026278479277,1.065666434520441,1.100319661696832,1.08751903177114,1.028026278479277,1.065666434520441
3.318640595903166,1.093928762597465,1.080541287899215,1.127971821358504,1.129562112720562,1.017888753338953,1.080541287899215,1.127971821358504,1.129562112720562,1.017888753338953,1.080541287899215,1.127971821358504,1.129562112720562,1.017888753338953
3.322122905027933,1.093673826073607,1.09414515175241,1.143733420990956,1.107721814066186,1.061533831712792,1.09414515175241,1.143733420990956,1.1147162000530948,1.061533831712792,1.09414515175241,1.143733420990956,1.1287049720269127,1.061533831712792
3.3256052141527,1.093385515425561,1.086915769209298,1.100838845647116,1.14890056486983,1.104461391481715,0.9872556101948704,1.100838845647116,1.14890056486983,1.104461391481715,0.7879352921660151,1.100838845647116,1.14890056486983,1.104461391481715
3.329087523277467,1.093175977622878,1.099374162258539,1.131680849466194,1.066725939762921,1.036513690367053,1.099374162258539,1.131680849466194,1.066725939762921,1.036513690367053,1.099374162258539,1.131680849466194,1.066725939762921,1.036513690367053
3.332569832402235,1.092732188117251,1.106073949627343,1.114849897792617,1.180459296481692,1.125982742592039,1.106073949627343,1.114849897792617,1.180459296481692,1.125982742592039,1.106073949627343,1.114849897792617,1.180459296481692,1.125982742592039
3.336052141527002,1.092281296869413,1.088823468115299,1.030960360588632,0.9793979752857944,1.178057367491427,1.088823468115299,1.030960360588632,0.9793979752857944,1.1028410365049524,1.088823468115299,1.030960360588632,0.9793979752857944,0.9524083745320033
3.339534450651769,1.092004044538158,1.091504380790846,1.049152002362248,1.124690481416118,1.019936902544339,1.091504380790846,1.049152002362248,1.124690481416118,1.019936902544339,1.091504380790846,1.049152002362248,1.124690481416118,1.019936902544339
3.343016759776536,1.091480875874679,1.084218090168919,1.122108554472635,1.118144324570017,1.046419896532214,1.084218090168919,1.122108554472635,1.118144324570017,1.046419896532214,1.084218090168919,1.122108554472635,1.118144324570017,1.046419896532214
3.346499068901304,1.091070415392437,1.093011407359737,1.067776040630561,1.041991836718447,1.046928704277001,1.093011407359737,1.067776040630561,1.041991836718447,1.046928704277001,1.093011407359737,1.067776040630561,1.041991836718447,1.046928704277001
3.349981378026071,1.090667390397349,1.091899300676875,1.084728960397332,1.142744835899734,1.214656163510609,1.091899300676875,0.927282693785377,1.1617997480733988,1.214656163510609,1.091899300676875,0.612390160561467,1.199909572420728,1.214656163510609
3.353463687150838,1.090221699403693,1.079918674579936,1.07752944799754,1.044613123928481,1.118756174918665,1.079918674579936,1.07752944799754,1.044613123928481,1.118756174918665,1.079918674579936,1.07752944799754,1.044613123928481,1.118756174918665
3.356945996275606,1.089891237150397,1.099506192875716,1.076839104576858,1.132210844414224,1.191578732947259,1.099506192875716,1.076839104576858,1.132210844414224,1.191578732947259,1.099506192875716,1.076839104576858,1.132210844414224,1.191578732947259
3.360428305400372,1.089232712557674,1.0952055301876371,1.073095801205818,1.153272043579111,1.08483630121553,1.0952055301876371,1.073095801205818,1.153272043579111,1.08483630121553,1.0952055301876371,1.073095801205818,1.153272043579111,1.08483630121553
3.36391061452514,1.088709437065167,1.10131598630726,1.087623873704439,1.033032954372683,1.118545458945764,1.10131598630726,1.087623873704439,1.033032954372683,1.118545458945764,1.10131598630726,1.087623873704439,1.033032954372683,1.118545458945764
3.367392923649907,1.088142190732521,1.099587404129081,1.105388983788108,1.071705277233644,1.1101735048575,1.099587404129081,1.105388983788108,1.071705277233644,1.1101735048575,1.099587404129081,1.105388983788108,1.071705277233644,1.1101735048575
3.370875232774674,1.087540500483617,1.090467895377621,1.118808044785361,1.126701349632678,1.16509962945929,1.090467895377621,1.118808044785361,1.126701349632678,1.16509962945929,1.090467895377621,1.118808044785361,1.126701349632678,1.16509962945929
3.374357541899442,1.086997077474618,1.073659820562222,1.06787988077289,1.144955572460779,1.060280738358546,1.073659820562222,1.06787988077289,1.144955572460779,1.060280738358546,1.073659820562222,1.06787988077289,1.144955572460779,1.060280738358546
3.377839851024209,1.086349384029955,1.095299842035009,1.072430946409353,0.9941434887677818,1.179056308158851,1.2718886575379766,1.072430946409353,0.9941434887677818,1.179056308158851,1.625066288543912,1.072430946409353,0.9941434887677818,1.179056308158851
3.381322160148976,1.085689390033114,1.08251415641463,1.119385740611754,1.067577257074561,1.078655967777999,1.08251415641463,1.119385740611754,1.067577257074561,1.078655967777999,1.08251415641463,1.119385740611754,1.067577257074561,1.078655967777999
3.384804469273743,1.085313016666149,1.080642315897122,1.079279761515709,1.038158863128883,1.126142030988473,1.080642315897122,1.079279761515709,1.038158863128883,1.126142030988473,1.080642315897122,1.079279761515709,1.038158863128883,1.126142030988473
3.38828677839851,1.084485339310639,1.074268886192069,1.047154321255946,1.153672133339663,0.934033878382724,1.074268886192069,1.047154321255946,1.153672133339663,0.934033878382724,1.074268886192069,1.047154321255946,1.153672133339663,0.934033878382724
3.391769087523278,1.083818235447957,1.092815852521105,1.027534376942197,1.068332502607006,1.136824358980359,1.092815852521105,1.027534376942197,0.981389041491971,1.136824358980359,1.092815852521105,1.027534376942197,0.807502119261901,1.136824358980359
3.395251396648045,1.083137549891647,1.09380695848445,1.115993366761514,1.085504361342443,1.081100999310663,1.09380695848445,1.115993366761514,1.085504361342443,1.081100999310663,1.09380695848445,1.115993366761514,1.085504361342443,1.081100999310663
3.398733705772812,1.082598589211478,1.084663098042531,1.049664452909584,1.12102110597457,1.178606187307972,1.084663098042531,1.049664452909584,1.12102110597457,1.178606187307972,1.084663098042531,1.049664452909584,1.12102110597457,1.178606187307972
3.402216014897579,1.08183580498555,1.091559147881557,1.073278513373087,1.105020869377222,1.006607114880313,1.0510135784207453,1.073278513373087,1.105020869377222,1.006607114880313,0.9699224394991217,1.073278513373087,1.105020869377222,1.006607114880313
3.405698324022347,1.081084836828219,1.079335390444535,1.011223485300873,1.042934546330849,1.000128594676004,1.079335390444535,1.011223485300873,1.042934546330849,1.000128594676004,1.079335390444535,1.011223485300873,1.042934546330849,1.000128594676004
3.409180633147114,1.080230461538639,1.072532161928341,1.074295377168418,1.066352592006655,0.9420151539464614,1.072532161928341,1.074295377168418,1.0290178046110972,0.8714237856499188,1.072532161928341,1.074295377168418,0.9543482298199815,0.7302410490568338
3.412662942271881,1.079575238267467,1.065904794615546,1.075201930203597,1.067574739992134,0.9847227344269148,1.065904794615546,1.075201930203597,0.9256858566744236,0.9847227344269148,1.065904794615546,1.075201930203597,0.6419080900390026,0.9847227344269148
3.416145251396648,1.07891814902031,1.085551407758252,1.086093727060822,1.094777632967067,1.089641557786757,1.085551407758252,1.086093727060822,1.062391159611003,1.089641557786757,1.085551407758252,1.086093727060822,0.9976182128988746,1.089641557786757
3.419627560521415,1.077916325037154,1.071542260659952,1.0440465049935581,1.101942615256478,1.0577405462649,1.071542260659952,1.0440465049935581,1.101942615256478,1.0577405462649,1.071542260659952,1.0440465049935581,1.101942615256478,1.0577405462649
3.423109869646183,1.077216294692301,1.051827663865911,1.074235117415845,1.159310351106525,1.019690841129984,1.051827663865911,1.074235117415845,1.159310351106525,1.019690841129984,1.051827663865911,1.074235117415845,1.159310351106525,1.019690841129984
3.42659217877095,1.076386348940071,1.055513878136513,1.079880507881911,1.064152015668461,1.071997649431219,1.055513878136513,1.079880507881911,1.064152015668461,1.071997649431219,1.055513878136513,1.079880507881911,1.064152015668461,1.071997649431219
3.430074487895717,1.075549719626953,1.094868766982366,1.080345315997058,1.076328195550948,0.9441826329107116,1.094868766982366,1.080345315997058,1.076328195550948,0.9441826329107116,1.094868766982366,1.080345315997058,1.076328195550948,0.9441826329107116
3.433556797020485,1.074567411285682,1.059561784923722,1.101133470141608,1.043109462383877,1.03504380086845,1.059561784923722,1.101133470141608,1.1307258192134824,0.9592091511544237,1.059561784923722,1.101133470141608,1.3059585328726933,0.8075398517263712
3.437039106145252,1.073826581524917,1.065462730667317,1.130668661240323,1.081727661810778,1.043551078012616,1.065462730667317,1.130668661240323,1.081727661810778,0.9905095245067942,1.065462730667317,1.130668661240323,1.081727661810778,0.8844264174951506
3.440521415270019,1.073001257402217,1.068709501754214,1.090958226705662,1.146089364990714,1.181187677771623,1.068709501754214,1.090958226705662,1.146089364990714,1.181187677771623,1.068709501754214,1.090958226705662,1.146089364990714,1.181187677771623
3.444003724394786,1.072132459782243,1.071382805795725,1.080907800038333,1.102896889308915,1.102649495297158,1.071382805795725,1.080907800038333,1.102896889308915,1.102649495297158,1.071382805795725,1.080907800038333,1.102896889308915,1.102649495297158
3.447486033519553,1.071255197436965,1.063153642959614,1.071319336900005,1.072648681094101,1.042904131001851,1.063153642959614,1.071319336900005,1.0703039536579597,1.042904131001851,1.063153642959614,1.071319336900005,1.065614498785677,1.042904131001851
3.450968342644321,1.070331634401279,1.078935855850664,1.080689901345309,1.089958719009335,0.9535434491491964,1.078935855850664,1.080689901345309,1.089958719009335,0.9535434491491964,1.078935855850664,1.080689901345309,1.089958719009335,0.9535434491491964
3.454450651769088,1.069398787748972,1.072022620533786,1.084497704996044,0.9551096542877536,1.067262234024551,1.072022620533786,1.084497704996044,0.9551096542877536,1.067262234024551,1.072022620533786,1.084497704996044,0.9551096542877536,1.067262234024551
3.457932960893855,1.068530315522247,1.071365719043742,1.075752752947216,1.019949300529017,1.087580879016657,1.071365719043742,1.075752752947216,0.9596022510450807,1.087580879016657,1.071365719043742,1.075752752947216,0.8389081520772079,1.087580879016657
3.461415270018622,1.067660973773956,1.075001383483461,1.090968873707265,1.081904520771081,1.090989080264535,1.075001383483461,1.1268779199313352,1.1005802545762347,1.090989080264535,1.075001383483461,1.198696012379476,1.1379317221865424,1.090989080264535
3.464897579143389,1.066779548925455,1.057485173310817,1.111055220789863,1.112062512560911,1.010025310043473,1.057485173310817,1.111055220789863,1.112062512560911,1.010025310043473,1.057485173310817,1.111055220789863,1.112062512560911,1.010025310043473
3.468379888268156,1.065970647606525,1.062679829325411,1.032809219233685,1.035292229529027,1.121017598738754,1.062679829325411,0.9991570854775931,1.035292229529027,1.121017598738754,1.062679829325411,0.931852817965409,1.035292229529027,1.121017598738754
3.471862197392924,1.064944348805417,1.068096614644846,1.049674506196945,1.013025820198054,1.000599928921638,1.068096614644846,1.049674506196945,1.013025820198054,1.000599928921638,1.068096614644846,1.049674506196945,1.013025820198054,1.000599928921638
3.475344506517691,1.064088428195539,1.068903399641896,0.9885173371118536,1.051333747896636,1.079118534373068,1.068903399641896,1.0343585025459583,1.051333747896636,1.079118534373068,1.068903399641896,1.1260408334141674,1.051333747896636,1.079118534373068
3.478826815642458,1.063055229969432,1.05661659502799,1.036540951563148,1.063799970384694,0.9156517048367794,1.05661659502799,1.036540951563148,1.063799970384694,0.9156517048367794,1.05661659502799,1.036540951563148,1.063799970384694,0.9156517048367794
3.482309124767226,1.062185677839335,1.057235005653715,1.075253858294082,1.058805044020372,1.121488735305565,1.057235005653715,1.075253858294082,1.058805044020372,1.121488735305565,1.057235005653715,1.075253858294082,1.058805044020372,1.121488735305565
3.485791433891992,1.061312737078081,1.060753690092813,1.063191101261557,1.035240434280009,1.081784879636951,1.060753690092813,1.063191101261557,1.035240434280009,1.081784879636951,1.060753690092813,1.063191101261557,1.035240434280009,1.081784879636951
3.48927374301676,1.060254228138345,1.057280858293394,1.123353566171656,0.9761466840330882,1.019702869208893,1.057280858293394,1.1995000661387478,0.9761466840330882,1.0731014527805556,1.057280858293394,1.3517930660729316,0.9761466840330882,1.179898619923881
3.492756052141527,1.059320372713807,1.079549728922528,1.061816729429206,1.050547754926492,1.029106729794429,1.079549728922528,1.061816729429206,1.050547754926492,1.015067587980205,1.079549728922528,1.061816729429206,1.050547754926492,0.9869893043517566
3.496238361266294,1.058461620795391,1.048272066525059,1.067304273634234,1.04298786430778,0.9867770281278974,1.2252798730968892,1.067304273634234,1.04298786430778,0.9867770281278974,1.5792954862405493,1.067304273634234,1.04298786430778,0.9867770281278974
3.499720670391062,1.057469300118905,1.056157965640869,1.073940497911091,1.067374239493472,1.060675082602833,1.056157965640869,1.073940497911091,1.067374239493472,1.060675082602833,1.056157965640869,1.073940497911091,1.067374239493472,1.060675082602833
3.503202979515829,1.056607277617117,1.070477683787147,1.053339572796665,1.148531366898468,1.195089738051761,1.070477683787147,1.053339572796665,1.148531366898468,1.195089738051761,1.070477683787147,1.053339572796665,1.148531366898468,1.195089738051761
3.506685288640596,1.055597609084612,1.051345875292078,1.038390277853571,1.111135294229749,0.9125337484449892,1.051345875292078,1.038390277853571,1.111135294229749,0.9125337484449892,1.051345875292078,1.038390277853571,1.111135294229749,0.9125337484449892
3.510167597765363,1.054804443969254,1.051933523912162,1.011072500916447,1.071857119244669,1.118561346526365,1.051933523912162,1.011072500916447,1.071857119244669,1.2204461940253999,1.051933523912162,1.011072500916447,1.071857119244669,1.4242158890234697
3.513649906890131,1.0537668217525,1.053823673508559,0.9973792679545168,1.037956259358502,1.145871293197687,1.053823673508559,0.9973792679545168,1.037956259358502,1.145871293197687,1.053823673508559,0.9973792679545168,1.037956259358502,1.145871293197687
3.517132216014898,1.052816635574866,1.051235194862609,1.086011116975739,1.063569670730778,1.088516953786131,1.051235194862609,1.086011116975739,1.063569670730778,1.088516953786131,1.051235194862609,1.086011116975739,1.063569670730778,1.088516953786131
3.520614525139665,1.051940372283698,1.041662598694136,1.032830590769077,1.041803823070315,1.162132606776583,1.0810543031499682,1.032830590769077,1.041803823070315,1.162132606776583,1.1598377120616328,1.032830590769077,1.041803823070315,1.162132606776583
3.524096834264432,1.050885329073618,1.057108261907901,1.097311260364761,1.031698438050467,1.186771457781061,1.057108261907901,1.097311260364761,1.031698438050467,1.186771457781061,1.057108261907901,1.097311260364761,1.031698438050467,1.186771457781061
3.527579143389199,1.049968232354123,1.058785413769177,1.09013496746194,1.042079467346072,0.9455993309480966,1.058785413769177,1.09013496746194,1.042079467346072,0.9455993309480966,1.058785413769177,1.09013496746194,1.042079467346072,0.9455993309480966
3.531061452513967,1.049198273851647,1.047521264250913,1.003307036076156,1.000635988814783,1.146379839443883,1.2088057277737017,1.003307036076156,1.000635988814783,1.146379839443883,1.5313746548192788,1.003307036076156,1.000635988814783,1.146379839443883
3.534543761638734,1.048412115774021,1.053945533140292,1.007917326299268,1.121528856615988,1.094357747438102,1.053945533140292,1.007917326299268,1.121528856615988,1.094357747438102,1.053945533140292,1.007917326299268,1.121528856615988,1.094357747438102
3.538026070763501,1.047429661931077,1.054966464936055,1.083264173774977,1.011927440856273,1.17651990756846,1.054966464936055,1.083264173774977,1.011927440856273,1.17651990756846,1.054966464936055,1.083264173774977,1.011927440856273,1.17651990756846
3.541508379888268,1.046515483097124,1.031118215218893,1.043689915575612,1.099654709605059,1.04706045465294,1.031118215218893,1.043689915575612,1.099654709605059,1.04706045465294,1.031118215218893,1.043689915575612,1.099654709605059,1.04706045465294
3.544990689013035,1.045644237188263,1.045993454794899,1.143151723611582,1.069813035385902,1.007008897893466,1.045993454794899,1.143151723611582,1.069813035385902,1.000419416699041,1.045993454794899,1.143151723611582,1.069813035385902,0.9872404543101913
3.548472998137803,1.044857389726174,1.029528959021718,1.076314233742874,0.9830678972827444,1.112854503152122,1.029528959021718,1.076314233742874,0.9830678972827444,1.112854503152122,1.029528959021718,1.076314233742874,0.9830678972827444,1.112854503152122
3.55195530726257,1.043886630120274,1.047479378458148,1.059960724159833,1.155109408828194,0.8281423534713928,1.047479378458148,1.059960724159833,1.155109408828194,0.8281423534713928,1.047479378458148,1.059960724159833,1.155109408828194,0.8281423534713928
3.555437616387337,1.042996193024979,1.047595353706725,0.9882317866649368,1.00306151620953,1.110925141981812,1.047595353706725,0.9882317866649368,1.00306151620953,1.110925141981812,1.047595353706725,0.9882317866649368,1.00306151620953,1.110925141981812
3.558919925512105,1.042122678099194,1.051286012022982,1.045837122177774,0.965521892073864,1.03165581968029,1.051286012022982,1.045837122177774,0.965521892073864,1.03165581968029,1.051286012022982,1.045837122177774,0.965521892073864,1.03165581968029
3.562402234636872,1.041276504872533,1.029690636685149,1.035621970751957,1.042296546509819,1.034354257471523,1.029690636685149,1.035621970751957,1.042296546509819,1.034354257471523,1.029690636685149,1.035621970751957,1.042296546509819,1.034354257471523
3.565884543761639,1.040339999787763,1.048440987179192,1.059628189303526,0.9662020412011008,1.002099756187522,1.048440987179192,1.2232964663318455,0.9662020412011008,1.002099756187522,1.048440987179192,1.550633020388485,0.9662020412011008,1.002099756187522
3.569366852886406,1.039613219817034,1.051862468594623,0.983151910976312,1.112863656300196,1.105726844179619,1.051862468594623,0.983151910976312,1.112863656300196,1.068011464518777,1.051862468594623,0.983151910976312,1.112863656300196,0.9925807051970932
3.572849162011173,1.038824506741333,1.019154231424945,1.045289288622532,1.119675482023763,0.9806838304980756,1.019154231424945,1.045289288622532,0.9570560545631437,0.9806838304980756,1.019154231424945,1.045289288622532,0.6318171996419049,0.9806838304980756
3.576331471135941,1.038068213682573,1.035949556323119,0.992072966593936,1.031071520625604,1.160825527815004,1.035949556323119,0.992072966593936,1.031071520625604,1.160825527815004,1.035949556323119,0.992072966593936,1.031071520625604,1.160825527815004
3.579813780260708,1.037294254369803,1.053398977994184,1.075151156242501,1.035710701684494,0.9634503088062666,1.053398977994184,1.075151156242501,1.035710701684494,0.9634503088062666,1.053398977994184,1.075151156242501,1.035710701684494,0.9634503088062666
3.583296089385475,1.0362392540932721,1.031742151028903,1.031165614471668,1.078110438320565,0.9871246098248696,1.031742151028903,1.031165614471668,1.078110438320565,0.9871246098248696,1.031742151028903,1.031165614471668,1.078110438320565,0.9871246098248696
3.586778398510242,1.035686222997134,1.029329153023643,1.053614232822141,0.9961636169965146,1.012695868583722,1.029329153023643,1.053614232822141,0.9961636169965146,1.012695868583722,1.029329153023643,1.053614232822141,0.9961636169965146,1.012695868583722
3.590260707635009,1.03496126435172,1.053108753622552,1.007813733125208,0.9976359653694256,1.063183316320805,1.0341771838462046,0.9350859489477561,0.9976359653694256,1.063183316320805,0.9963140442935098,0.7896303805928523,0.9976359653694256,1.063183316320805
3.593743016759777,1.034241786704251,1.011297694860501,1.008235510870094,1.013499105306144,1.091396291459277,1.011297694860501,1.008235510870094,1.013499105306144,1.091396291459277,1.011297694860501,1.008235510870094,1.013499105306144,1.091396291459277
3.597225325884544,1.033518573840712,1.038318429300559,1.065393275181481,0.9490243717673535,1.105379284649265,1.038318429300559,1.1092773438999208,0.9490243717673535,1.105379284649265,1.038318429300559,1.1970454813368006,0.9490243717673535,1.105379284649265
3.600707635009311,1.032801783101762,1.043706455631388,1.059020980900064,1.02701311597344,0.9888019377784664,1.043706455631388,1.059020980900064,1.02701311597344,0.9888019377784664,1.043706455631388,1.059020980900064,1.02701311597344,0.9888019377784664
3.604189944134078,1.032083093368016,1.037128646431537,1.044755894517343,1.002941675007314,1.117187420666517,1.037128646431537,1.044755894517343,1.002941675007314,1.117187420666517,1.037128646431537,1.044755894517343,1.002941675007314,1.117187420666517
3.607672253258846,1.030669974981024,1.024684432680471,0.996794599571718,1.001749508850385,1.107999985302791,1.024684432680471,0.996794599571718,1.001749508850385,1.107999985302791,1.024684432680471,0.996794599571718,1.001749508850385,1.107999985302791
3.611154562383613,1.027721871311265,1.013711347123166,1.020643118010974,1.062124852277689,1.028010952416277,1.013711347123166,1.020643118010974,1.062124852277689,1.028010952416277,1.013711347123166,1.020643118010974,1.062124852277689,1.028010952416277
3.61463687150838,1.023850573041774,1.023245299694235,1.045839967034544,1.05193401323963,0.9757089053807194,1.023245299694235,1.045839967034544,1.05193401323963,0.9757089053807194,1.023245299694235,1.045839967034544,1.05193401323963,0.9757089053807194
3.618119180633147,1.018992443885299,1.015053291305107,1.086614689193466,0.9156843013349169,0.9972366553618656,1.015053291305107,1.086614689193466,0.9156843013349169,1.0905453764113147,1.015053291305107,1.086614689193466,0.9156843013349169,1.2771628185102124
3.621601489757914,1.013437014415189,1.007847861876567,1.021401935229201,1.009596062604379,0.9627089647250062,1.007847861876567,1.021401935229201,1.009596062604379,0.9627089647250062,1.007847861876567,1.021401935229201,1.009596062604379,0.9627089647250062
3.625083798882682,1.007093451266907,0.9978289341402063,1.006997815921733,0.9338964264562124,1.031836806112816,0.9978289341402063,1.006997815921733,0.9338964264562124,1.031836806112816,0.9978289341402063,1.006997815921733,0.9338964264562124,1.031836806112816
3.628566108007449,1.000319105206464,1.002964584524459,1.003986760813854,1.005104201127787,0.9475163770340982,1.002964584524459,1.0144136960109944,1.005104201127787,0.9475163770340982,1.002964584524459,1.0352675664052755,1.005104201127787,0.9475163770340982
3.632048417132216,0.992889795889206,1.008130313554667,0.9848095276448728,0.9825555804546082,1.034019102114061,1.008130313554667,0.9848095276448728,0.9825555804546082,1.034019102114061,1.008130313554667,0.9848095276448728,0.9825555804546082,1.034019102114061
3.635530726256984,0.9850159633099448,0.982335837153276,1.044547622626764,1.015078852478016,0.8784006859332021,0.982335837153276,1.044547622626764,1.015078852478016,0.8784006859332021,0.982335837153276,1.044547622626764,1.015078852478016,0.8784006859332021
3.639013035381751,0.976723815788249,0.9872258056288928,0.9690061291833604,0.991507122422064,0.9193408195368112,0.9872258056288928,0.9690061291833604,0.991507122422064,0.9193408195368112,0.9872258056288928,0.9690061291833604,0.991507122422064,0.9193408195368112
3.642495344506518,0.9679460103844107,0.978636080176142,1.024265062766174,0.9562955649721492,0.9637403318077988,0.978636080176142,1.024265062766174,0.9562955649721492,0.9637403318077988,0.978636080176142,1.024265062766174,0.9562955649721492,0.9637403318077988
3.645977653631285,0.959024055365166,0.948812928427891,0.9563003698926954,0.9114564722816668,1.001425520984885,0.948812928427891,0.9563003698926954,0.9114564722816668,1.001425520984885,0.948812928427891,0.9563003698926954,0.9114564722816668,1.001425520984885
3.649459962756052,0.9494352273178936,0.95038053444258,0.9428295495822872,0.8876736705817515,0.9238129000400468,0.95038053444258,0.9428295495822872,0.8876736705817515,0.9238129000400468,0.95038053444258,0.9428295495822872,0.8876736705817515,0.9238129000400468
3.65294227188082,0.9398258209355822,0.941897092897046,0.9662068862125404,1.011146910551471,0.8458243819272222,0.941897092897046,0.9662068862125404,1.011146910551471,0.8458243819272222,0.941897092897046,0.9662068862125404,1.011146910551471,0.8458243819272222
3.656424581005587,0.9299553040211228,0.914525427896291,0.9322471223516616,0.899300715737791,0.9487348629844524,0.914525427896291,0.9322471223516616,0.899300715737791,0.9487348629844524,0.914525427896291,0.9322471223516616,0.899300715737791,0.9487348629844524
3.659906890130354,0.9198463196668694,0.910071118260679,0.9514542549571016,0.8843098774160673,0.9696058916692064,0.910071118260679,0.9514542549571016,0.8843098774160673,0.9696058916692064,0.910071118260679,0.9514542549571016,0.8843098774160673,0.9696058916692064
3.663389199255121,0.9095512567091194,0.9170904747595432,0.9377268084172908,0.8553039517806174,0.8301123697822214,0.9170904747595432,0.9377268084172908,0.8553039517806174,0.8301123697822214,0.9170904747595432,0.9377268084172908,0.8553039517806174,0.8301123697822214
3.666871508379888,0.8992208516506357,0.888730143589947,0.8882218158142087,0.9292483391937992,0.7538412973848496,0.888730143589947,0.8882218158142087,0.9292483391937992,0.7538412973848496,0.888730143589947,0.8882218158142087,0.9292483391937992,0.7538412973848496
3.670353817504656,0.8889885018983408,0.8959700765497296,0.8646418889518122,0.8713601865560479,0.8763216947034154,0.8959700765497296,0.8646418889518122,0.8713601865560479,0.8763216947034154,0.8959700765497296,0.8646418889518122,0.8713601865560479,0.8763216947034154
3.673836126629423,0.8785695791551614,0.898516092249571,0.8952047083531547,0.8795251130502794,0.8027098637175615,0.898516092249571,0.8952047083531547,0.8795251130502794,0.8027098637175615,0.898516092249571,0.8952047083531547,0.8795251130502794,0.8027098637175615
3.67731843575419,0.8681740164114797,0.8665890322391235,0.8280953784063118,0.8941310765168005,0.9025007752241518,0.8665890322391235,0.8280953784063118,0.8941310765168005,0.9025007752241518,0.8665890322391235,0.8280953784063118,0.8941310765168005,0.9025007752241518
3.680800744878957,0.8579380440410281,0.8623915226951504,0.8563950905513484,0.8479401239527313,0.7840575359991508,1.0575611551744366,0.8563950905513484,0.8479401239527313,0.7840575359991508,1.447900420133009,0.8563950905513484,0.8479401239527313,0.7840575359991508
3.684283054003725,0.8478169490814746,0.833779141215269,0.8646648425965447,0.8166283702979125,0.7618379918537992,0.833779141215269,0.8778079222013488,0.8166283702979125,0.7618379918537992,0.833779141215269,0.9040940814109572,0.8166283702979125,0.7618379918537992
3.687765363128492,0.837852319499662,0.8449327198388331,0.8212127341970289,0.8083732674134503,0.9666493795803746,0.8449327198388331,0.8212127341970289,0.8083732674134503,0.9666493795803746,0.8449327198388331,0.8212127341970289,0.8083732674134503,0.9666493795803746
3.691247672253259,0.8282207313643463,0.8448246787484675,0.8424996436566673,0.805200253872797,0.7156309790022319,0.8448246787484675,0.8424996436566673,0.805200253872797,0.7156309790022319,0.8448246787484675,0.8424996436566673,0.805200253872797,0.7156309790022319
3.694729981378027,0.8189244678555183,0.8242734058582092,0.790595563347852,0.8402896014016595,0.8499975440787351,0.8242734058582092,0.790595563347852,0.8402896014016595,0.8499975440787351,0.8242734058582092,0.790595563347852,0.8402896014016595,0.8499975440787351
3.698212290502793,0.8101493576178661,0.7990772981612192,0.77954788804157,0.7543225265211928,0.9289487623725698,0.7990772981612192,0.77954788804157,0.7543225265211928,0.9289487623725698,0.7990772981612192,0.77954788804157,0.7543225265211928,0.9289487623725698
3.701694599627561,0.801658360877433,0.8013978533021209,0.7459634158680563,0.8673879529443227,0.8457490205459282,0.8013978533021209,0.7823847225043806,0.8673879529443227,0.7373225260982543,0.8013978533021209,0.8552273357770295,0.8673879529443227,0.5204695372029069
3.705176908752328,0.7935945000665611,0.7902000746980065,0.709102377828865,0.8079522534156387,0.8356470148512232,0.7902000746980065,0.709102377828865,0.8079522534156387,0.8356470148512232,0.7902000746980065,0.709102377828865,0.8079522534156387,0.8356470148512232
3.708659217877095,0.7861210352021569,0.7942109698584514,0.8225623348115025,0.7747402551931851,0.7809879042182956,0.7942109698584514,0.8225623348115025,0.7747402551931851,0.7809879042182956,0.7942109698584514,0.8225623348115025,0.7747402551931851,0.7809879042182956
3.712141527001863,0.7794074000093552,0.7838943466627857,0.795297392620753,0.7650924975323907,0.7570038913944468,0.7838943466627857,0.795297392620753,0.7669113865881861,0.7570038913944468,0.7838943466627857,0.795297392620753,0.7705491646997769,0.7570038913944468
3.71562383612663,0.7731036586657803,0.7817399185263003,0.7291044992646165,0.7896185766122951,0.7290901420141972,0.7817399185263003,0.8003715053025762,0.7896185766122951,0.7290901420141972,0.7817399185263003,0.9429055173784955,0.7896185766122951,0.7290901420141972
3.719106145251397,0.7677346167597414,0.7692558461845426,0.7529396220058783,0.7815244268819689,0.7629038342178555,0.7692558461845426,0.7529396220058783,0.7815244268819689,0.7629038342178555,0.7692558461845426,0.7529396220058783,0.7815244268819689,0.7629038342178555
3.722588454376164,0.762996680600511,0.7555388421906097,0.738789561764886,0.7341055663494687,0.6857570066992835,0.7555388421906097,0.738789561764886,0.7341055663494687,0.6857570066992835,0.7555388421906097,0.738789561764886,0.7341055663494687,0.6857570066992835
3.726070763500931,0.7592608056130516,0.7858999052681516,0.7837981070300849,0.7553809701367381,0.7820947991491684,0.7858999052681516,0.7837981070300849,0.7553809701367381,0.7820947991491684,0.7858999052681516,0.7837981070300849,0.7553809701367381,0.7820947991491684
3.729553072625698,0.7560191819532935,0.7610096702706137,0.7664157443713422,0.7166182175069638,0.7104969354042602,0.7610096702706137,0.7664157443713422,0.7166182175069638,0.7104969354042602,0.7610096702706137,0.7664157443713422,0.7166182175069638,0.7104969354042602
3.733035381750466,0.7538932166511754,0.7312302166627959,0.8110921489827434,0.6921515756922053,0.7418310889743496,0.7312302166627959,0.8110921489827434,0.6921515756922053,0.7418310889743496,0.7312302166627959,0.8110921489827434,0.6921515756922053,0.7418310889743496
3.736517690875233,0.7526695520300369,0.7513909008518205,0.7337018667884694,0.7793533489690035,0.7389119312995742,0.7513909008518205,0.7337018667884694,0.7793533489690035,0.7389119312995742,0.7513909008518205,0.7337018667884694,0.7793533489690035,0.7389119312995742
3.74,0.7522989688517777,0.7502473049676698,0.7102083237051613,0.7134131412039718,0.6988082945757353,0.7502473049676698,0.7102083237051613,0.7134131412039718,0.6988082945757353,0.7502473049676698,0.7102083237051613,0.7134131412039718,0.6988082945757353
3.743482309124767,0.7528086188735292,0.7556131111070059,0.7700260128980227,0.7249915537951263,0.7896265400558635,0.7556131111070059,0.7952715914101032,0.7990965553831337,0.6100291253126487,0.7556131111070059,0.8457627484342642,0.9473065585591488,0.2508342958262192
3.746964618249535,0.7541374019603497,0.7650344664118902,0.7153952093049027,0.6773610376810368,0.6181372318812628,0.7650344664118902,0.7153952093049027,0.808716223952364,0.6181372318812628,0.7650344664118902,0.7153952093049027,1.071426596495018,0.6181372318812628
3.750446927374302,0.7565925270514527,0.7645426294580576,0.7558335127753687,0.7743799230800814,0.825922965736627,0.7645426294580576,0.7558335127753687,0.7743799230800814,0.825922965736627,0.7645426294580576,0.7558335127753687,0.7743799230800814,0.825922965736627
3.753929236499069,0.7596207247101704,0.7398818762810024,0.798874136101932,0.694824416614432,0.9392818269346171,0.7398818762810024,0.798874136101932,0.694824416614432,0.9392818269346171,0.7398818762810024,0.798874136101932,0.694824416614432,0.9392818269346171
3.757411545623836,0.76367279975467806,0.7598395218453116,0.7550442973908171,0.7332645714979112,0.7746760769953139,0.7598395218453116,0.7550442973908171,0.7332645714979112,0.7746760769953139,0.7598395218453116,0.7550442973908171,0.7332645714979112,0.7746760769953139
3.760893854748604,0.7684524267037024,0.7696458270083514,0.7421500878743121,0.7931113491796316,0.7340249302090455,0.7696458270083514,0.7421500878743121,0.7931113491796316,0.7340249302090455,0.7696458270083514,0.7421500878743121,0.7931113491796316,0.7340249302090455
3.764376163873371,0.7740573155307228,0.7854990249519842,0.7854190022314916,0.8104631958613597,0.8771723018485867,0.7854990249519842,0.7854190022314916,0.8104631958613597,0.8771723018485867,0.7854990249519842,0.7854190022314916,0.8104631958613597,0.8771723018485867
3.767858472998138,0.7802933840481733,0.7655630587882674,0.7599916541923397,0.7418860438216467,0.8098723905680733,0.7655630587882674,0.7599916541923397,0.7418860438216467,0.6711351892823352,0.7655630587882674,0.7599916541923397,0.7418860438216467,0.39366078671085897
3.771340782122905,0.7871479434211759,0.7794556961166904,0.74083734489136,0.7629463802271568,0.7697006202591835,0.7794556961166904,0.74083734489136,0.7629463802271568,0.7697006202591835,0.7794556961166904,0.74083734489136,0.7629463802271568,0.7697006202591835
3.774823091247673,0.7945912401210189,0.7946935693021362,0.7935154321175226,0.8568888526112441,0.8902530337634319,0.7946935693021362,0.7935154321175226,0.8568888526112441,0.8902530337634319,0.7946935693021362,0.7935154321175226,0.8568888526112441,0.8902530337634319
3.77830540037244,0.8027804545845115,0.8051932427674795,0.8247614988930654,0.809965654236426,0.7418807924906141,0.8051932427674795,0.7462623122160348,0.809965654236426,0.7418807924906141,0.8051932427674795,0.5892639388619737,0.809965654236426,0.7418807924906141
3.781787709497207,0.8113327980549707,0.8145010580043919,0.7565546489261495,0.9074779783687752,0.8745950302084106,0.8145010580043919,0.7565546489261495,0.9074779783687752,0.8745950302084106,0.8145010580043919,0.7565546489261495,0.9074779783687752,0.8745950302084106
3.785270018621974,0.8203010242450826,0.8073851053422366,0.8467950576572317,0.7525433719842513,0.7429525298686522,0.8073851053422366,0.8467950576572317,0.7525433719842513,0.7429525298686522,0.8073851053422366,0.8467950576572317,0.7525433719842513,0.7429525298686522
3.788752327746741,0.8297648551273739,0.8421820970589253,0.8296849977534548,0.8387829098722629,0.9315765110381704,0.8421820970589253,0.8075976898066963,0.8387829098722629,0.9315765110381704,0.8421820970589253,0.7634230739131792,0.8387829098722629,0.9315765110381704
3.792234636871509,0.839417021772115,0.8232261705535473,0.8583571242158975,0.8689663523667457,0.7531981900736235,0.8232261705535473,0.8583571242158975,0.8689663523667457,0.7531981900736235,0.8232261705535473,0.8583571242158975,0.8689663523667457,0.7531981900736235
3.795716945996276,0.849387153470327,0.8567368857798655,0.8902078326031957,0.8672163465697341,0.8466548351760657,0.8567368857798655,0.8902078326031957,0.8672163465697341,0.8466548351760657,0.8567368857798655,0.8902078326031957,0.8672163465697341,0.8466548351760657
3.799199255121043,0.8595964947307069,0.8525117421026528,0.8969206344184595,0.8562371929125173,1.06314947389477,0.8525117421026528,0.8969206344184595,0.8562371929125173,1.06314947389477,0.8525117421026528,0.8969206344184595,0.8562371929125173,1.06314947389477
3.80268156424581,0.8699164847031327,0.8605704287787102,0.868937466721453,0.9557846443823584,0.9220453112493922,0.8605704287787102,0.868937466721453,0.9557846443823584,0.9220453112493922,0.8605704287787102,0.868937466721453,0.9557846443823584,0.9220453112493922
3.806163873370577,0.8802809170033372,0.8796027491285349,0.8563923614309416,0.91095925462149,0.8962636872264628,0.8796027491285349,0.8563923614309416,0.91095925462149,0.8962636872264628,0.8796027491285349,0.8563923614309416,0.91095925462149,0.8962636872264628
3.809646182495345,0.8906887466851114,0.8778793421043904,0.9186503387372,0.8862243170417442,0.9509244893574792,0.8778793421043904,0.9186503387372,0.8862243170417442,0.9509244893574792,0.8778793421043904,0.9186503387372,0.8862243170417442,0.9509244893574792
3.813128491620112,0.9010575707980018,0.9044642784838254,0.8795222367555005,0.7864876510614204,0.9336739287776096,0.9044642784838254,0.8795222367555005,0.7864876510614204,0.9336739287776096,0.9044642784838254,0.8795222367555005,0.7864876510614204,0.9336739287776096
3.816610800744879,0.9114352193129628,0.921544186237614,0.8601203236761116,0.99413157672199,0.9649906135001846,0.921544186237614,0.8601203236761116,0.99413157672199,0.9649906135001846,0.921544186237614,0.8601203236761116,0.99413157672199,0.9649906135001846
3.820093109869646,0.9216988791617212,0.9246694024872092,0.9294047490824612,0.8821621829870241,0.8115452145416177,0.9246694024872092,0.9294047490824612,0.8821621829870241,0.6114242135875863,0.9246694024872092,0.9294047490824612,0.8821621829870241,0.21118221167952356
3.8235754189944142,0.9318718572139564,0.9391922702114386,0.9451318789008112,0.8876625488178649,0.815068363382744,0.9391922702114386,0.9451318789008112,0.8876625488178649,0.815068363382744,0.9391922702114386,0.9451318789008112,0.8876625488178649,0.815068363382744
3.827057728119181,0.9417885033275528,0.9404094484487034,0.9502125335129556,0.922159744892434,0.8389581352539999,0.9404094484487034,0.9502125335129556,0.922159744892434,0.8389581352539999,0.9404094484487034,0.9502125335129556,0.922159744892434,0.8389581352539999
3.830540037243948,0.9513667123927376,0.9473444308744284,0.9625268439371044,0.996540329534534,0.9074056378352646,1.1056423851118895,0.9623315315716525,0.996540329534534,0.9074056378352646,1.4222382935868114,0.9619409068407487,0.996540329534534,0.9074056378352646
3.834022346368715,0.9607610371813472,0.9689399227209256,0.985310172452304,1.016433803294063,1.157230557522699,0.9689399227209256,0.985310172452304,1.016433803294063,1.157230557522699,0.9689399227209256,0.985310172452304,1.016433803294063,1.157230557522699
3.837504655493483,0.9699423963063196,0.9639194139780828,0.9612581000181036,0.932568378092533,1.005646953071859,0.9639194139780828,0.9612581000181036,0.932568378092533,1.005646953071859,0.9639194139780828,0.9612581000181036,0.932568378092533,1.005646953071859
3.84098696461825,0.9786155961523888,0.978507588454763,0.9589010216543482,0.9683242166980172,1.11704953455025,0.978507588454763,0.9589010216543482,0.9683242166980172,1.11704953455025,0.978507588454763,0.9589010216543482,0.9683242166980172,1.11704953455025
3.844469273743017,0.9869448934627032,0.9989758235756664,0.9789851282784902,1.042666165622595,1.066071665527718,0.9989758235756664,0.9789851282784902,1.042666165622595,1.066071665527718,0.9989758235756664,0.9789851282784902,1.042666165622595,1.066071665527718
3.847951582867784,0.9947566146484226,0.9915423535637626,0.9600357841957358,0.936764473788763,1.001702559010763,0.9915423535637626,0.9600357841957358,0.936764473788763,1.001702559010763,0.9915423535637626,0.9600357841957358,0.936764473788763,1.001702559010763
3.851433891992551,1.002102103530248,1.003259921481004,0.9758754644776196,1.127377514689439,1.075859972262599,1.003259921481004,1.0827263246939531,1.0791595318838028,1.075859972262599,1.003259921481004,1.29642804512662,0.9827235662725304,1.075859972262599
3.854916201117319,1.008964367156371,1.016261124523382,0.9901139349319706,0.938354044257862,1.148507308403504,1.016261124523382,0.9901139349319706,0.938354044257862,1.148507308403504,1.016261124523382,0.9901139349319706,0.938354044257862,1.148507308403504
3.858398510242086,1.01519430001729,1.006278149719154,1.038099880065892,1.024275555382538,0.9285110799088075,1.006278149719154,1.038099880065892,1.024275555382538,0.9285110799088075,1.006278149719154,1.038099880065892,1.024275555382538,0.9285110799088075
3.861880819366853,1.020632295604328,1.039197693019504,1.04247102362366,1.00556717266464,1.016866139013765,1.039197693019504,1.04247102362366,1.0237810058997912,1.016866139013765,1.039197693019504,1.04247102362366,1.0602086723700936,1.016866139013765
3.86536312849162,1.02536578525176,1.032927079302359,1.008973005941771,1.083486201425276,1.014121354514327,1.032927079302359,1.008973005941771,1.083486201425276,1.014121354514327,1.032927079302359,1.008973005941771,1.083486201425276,1.014121354514327
3.868845437616387,1.029216325148245,1.025767394116759,1.020451501097492,1.001732223643738,0.992761915769546,1.025767394116759,1.020451501097492,1.001732223643738,0.992761915769546,1.025767394116759,1.020451501097492,1.001732223643738,0.992761915769546
3.872327746741155,1.031974401636011,1.035068750976966,1.054974458115584,1.07734618837238,0.8863835541725921,1.035068750976966,1.054974458115584,1.07734618837238,0.8863835541725921,1.035068750976966,1.054974458115584,1.07734618837238,0.8863835541725921
3.875810055865922,1.033082824852375,1.033920560108113,0.983025961188623,0.948053438653196,1.0566921153222,1.0954887233631752,0.983025961188623,0.948053438653196,1.0566921153222,1.2186250498732996,0.983025961188623,0.948053438653196,1.0566921153222
3.879292364990689,1.033777521439781,1.051610265576349,1.04333546211089,1.132663787033727,1.130202524825281,1.051610265576349,1.04333546211089,1.132663787033727,1.130202524825281,1.051610265576349,1.04333546211089,1.132663787033727,1.130202524825281
3.882774674115456,1.034452225245585,1.025260102012193,1.019845085339889,1.061324669154653,1.049286531261141,1.025260102012193,1.019845085339889,1.061324669154653,1.049286531261141,1.025260102012193,1.019845085339889,1.061324669154653,1.049286531261141
3.886256983240224,1.035102147942442,1.030467862448157,1.026037384780855,1.059997620098296,0.9785753811880342,1.1197504832101477,1.026037384780855,1.059997620098296,0.9785753811880342,1.2983157247341297,1.026037384780855,1.059997620098296,0.9785753811880342
3.889739292364991,1.035869834521361,1.058417684508561,1.017868047878153,1.078653446547219,0.9635431868138914,1.058417684508561,1.017868047878153,1.078653446547219,0.9635431868138914,1.058417684508561,1.017868047878153,1.078653446547219,0.9635431868138914
3.893221601489758,1.036576635700255,1.029631697953047,0.987481647588047,1.042865574199693,1.002313219505963,1.029631697953047,0.987481647588047,1.042865574199693,1.002313219505963,1.029631697953047,0.987481647588047,1.042865574199693,1.002313219505963
3.896703910614526,1.037375701049458,1.021883539173915,1.037011524917119,1.008864325431918,1.061293827267096,1.021883539173915,1.037011524917119,1.008864325431918,1.061293827267096,1.021883539173915,1.037011524917119,1.008864325431918,1.061293827267096
3.900186219739293,1.0380066104884491,1.018841584458444,1.054112630052682,1.034855705636189,0.9954657819807488,1.018841584458444,1.054112630052682,1.034855705636189,0.8388085342238982,1.018841584458444,1.054112630052682,1.034855705636189,0.5254940387101972
3.90366852886406,1.038759672910407,1.046532988216977,1.015202808123757,1.110157746146369,0.9122085539083284,1.046532988216977,1.015202808123757,1.110157746146369,0.9122085539083284,1.046532988216977,1.015202808123757,1.110157746146369,0.9122085539083284
3.907150837988827,1.039491472994445,1.040988464922501,1.071918875651005,1.009456476951167,0.9019635255681016,1.040988464922501,1.071918875651005,1.009456476951167,0.9019635255681016,1.040988464922501,1.071918875651005,1.009456476951167,0.9019635255681016
3.910633147113594,1.040336343586913,1.03865508582432,1.098617479889381,1.068620690658391,1.1039207654117,1.03865508582432,1.098617479889381,1.068620690658391,1.1039207654117,1.03865508582432,1.098617479889381,1.068620690658391,1.1039207654117
3.914115456238362,1.04101883304537,1.048428791463264,1.051139524451729,1.111088934317994,0.952639445568998,1.048428791463264,1.051139524451729,1.111088934317994,0.952639445568998,1.048428791463264,1.051139524451729,1.111088934317994,0.952639445568998
3.917597765363129,1.041868771564937,1.038208724698263,1.093197519640018,1.055421459631491,0.973053311529328,1.038208724698263,1.093197519640018,1.055421459631491,0.973053311529328,1.038208724698263,1.093197519640018,1.055421459631491,0.973053311529328
3.921080074487896,1.042723381595722,1.040223545268876,1.003264499644056,1.043569147791388,1.086820062784195,1.040223545268876,1.003264499644056,1.043569147791388,1.086820062784195,1.040223545268876,1.003264499644056,1.043569147791388,1.086820062784195
3.924562383612663,1.043471066833611,1.04241011546873,1.041972384328385,1.084167525695802,1.174086985687605,1.04241011546873,1.041972384328385,1.084167525695802,1.174086985687605,1.04241011546873,1.041972384328385,1.084167525695802,1.174086985687605
3.92804469273743,1.044323551607376,1.040131167278614,1.048179243746104,0.980956821784042,1.02648342965112,1.040131167278614,1.048179243746104,0.980956821784042,1.02648342965112,1.040131167278614,1.048179243746104,0.980956821784042,1.02648342965112
3.931527001862198,1.045162593147891,1.020900379740334,1.086888553834097,1.07690086058055,1.220209878469028,1.020900379740334,1.086888553834097,1.07690086058055,1.220209878469028,1.020900379740334,1.086888553834097,1.07690086058055,1.220209878469028
3.935009310986965,1.045951825390824,1.03741152748333,1.02533267536031,1.009461507806708,1.05733963115884,1.03741152748333,1.02533267536031,1.009461507806708,1.05733963115884,1.03741152748333,1.02533267536031,1.009461507806708,1.05733963115884
3.938491620111732,1.046735785130001,1.058019839587793,1.046500676630902,1.161003118216161,1.028283046742531,1.058019839587793,1.046500676630902,1.161003118216161,1.028283046742531,1.058019839587793,1.046500676630902,1.161003118216161,1.028283046742531
3.941973929236499,1.047594602639875,1.062662465299437,1.021877702369553,1.146624669717846,1.139531572139612,1.062662465299437,1.021877702369553,1.146624669717846,1.139531572139612,1.062662465299437,1.021877702369553,1.146624669717846,1.139531572139612
3.945456238361266,1.048447331321551,1.050812746569571,1.072931150509093,0.9937959966312324,1.00066168265144,1.050812746569571,1.031907759942461,0.9937959966312324,1.00066168265144,1.050812746569571,0.949860978809197,0.9937959966312324,1.00066168265144
3.948938547486034,1.049295295020932,1.054607317499127,1.016339883516058,1.032821142130698,0.9962243442086554,1.054607317499127,1.016339883516058,1.032821142130698,0.9962243442086554,1.054607317499127,1.016339883516058,1.032821142130698,0.9962243442086554
3.952420856610801,1.050105951478041,1.039940094892244,1.064765100544688,1.033680443348124,1.037436916708638,1.039940094892244,1.064765100544688,1.033680443348124,1.037436916708638,1.039940094892244,1.064765100544688,1.033680443348124,1.037436916708638
3.955903165735568,1.050907211085776,1.068263201138212,1.042598262981866,1.049532475167585,1.198324186426264,1.068263201138212,1.042598262981866,1.049532475167585,1.198324186426264,1.068263201138212,1.042598262981866,1.049532475167585,1.198324186426264
3.959385474860335,1.051746196450886,1.029021260529473,1.056631071988115,1.110764247655887,0.9904928886060612,1.029021260529473,1.056631071988115,1.110764247655887,0.9904928886060612,1.029021260529473,1.056631071988115,1.110764247655887,0.9904928886060612
3.962867783985103,1.052618681123986,1.05263562498632,1.063700317194892,1.014899402138226,1.169983690682352,1.05263562498632,1.063700317194892,1.014899402138226,1.169983690682352,1.05263562498632,1.063700317194892,1.014899402138226,1.169983690682352
3.96635009310987,1.053493735149311,1.03955408033466,1.072175365363464,1.025134992538459,1.158309590352423,1.03955408033466,1.072175365363464,1.025134992538459,1.158309590352423,1.03955408033466,1.072175365363464,1.025134992538459,1.158309590352423
3.969832402234637,1.054203012369291,1.044833767369663,1.038890781526763,1.023693751799191,1.12151300974821,1.044833767369663,1.038890781526763,1.023693751799191,1.12151300974821,1.044833767369663,1.038890781526763,1.023693751799191,1.12151300974821
3.973314711359405,1.055217504490278,1.065749777423602,1.053379808592393,0.9857500729766128,1.112613789755181,1.065749777423602,1.053379808592393,0.9857500729766128,1.222328252302468,1.065749777423602,1.053379808592393,0.9857500729766128,1.441757177397042
3.976797020484172,1.055886110994086,1.060506931271652,1.068599367915691,1.069268217773224,0.9776902101838923,1.060506931271652,1.068599367915691,1.069268217773224,1.0236074301809555,1.060506931271652,1.068599367915691,1.069268217773224,1.1154418701750812
3.980279329608939,1.056840608367077,1.070672770758464,1.046798213107546,1.086156949528475,1.122581004985819,1.070672770758464,1.046798213107546,1.086156949528475,1.1026248241200156,1.070672770758464,1.046798213107546,1.086156949528475,1.0627124623884092
3.983761638733706,1.057676874612067,1.063782517616078,1.02756134385697,1.025442484319951,1.119992607635183,1.063782517616078,1.02756134385697,1.025442484319951,1.119992607635183,1.063782517616078,1.02756134385697,1.025442484319951,1.119992607635183
3.987243947858473,1.058426999171761,1.067058226736066,1.048532540387776,1.08626913729519,1.038691715381052,1.067058226736066,1.048532540387776,1.08626913729519,1.0675395255816436,1.067058226736066,1.048532540387776,1.08626913729519,1.125235145982827
3.99072625698324,1.059346072877655,1.059272851609853,1.04946242819528,1.160546218483941,1.092223794993427,1.1700318641144938,1.04946242819528,1.160546218483941,1.092223794993427,1.3915498891237752,1.04946242819528,1.160546218483941,1.092223794993427
3.994208566108008,1.060218849586775,1.062399479480061,1.072855873805621,1.122584912945816,1.077317715470749,1.062399479480061,1.072855873805621,1.122584912945816,1.077317715470749,1.062399479480061,1.072855873805621,1.122584912945816,1.077317715470749
3.997690875232775,1.061079139818544,1.074973148913951,1.059341255683695,1.05209775423487,1.052179228096183,1.074973148913951,1.059341255683695,1.05209775423487,1.052179228096183,1.074973148913951,1.059341255683695,1.05209775423487,1.052179228096183
4.001173184357542,1.061878052726641,1.082512463310787,1.042708598418372,1.076982801232675,0.9547028515283998,1.082512463310787,1.042708598418372,1.076982801232675,0.9547028515283998,1.082512463310787,1.042708598418372,1.076982801232675,0.9547028515283998
4.00465549348231,1.062704485607572,1.067855241924322,1.039789417389355,1.052391309769593,1.107620204809704,1.067855241924322,1.039789417389355,1.052391309769593,1.107620204809704,1.067855241924322,1.039789417389355,1.052391309769593,1.107620204809704
4.008137802607076,1.063527806841588,1.071414531713806,0.9951326468318008,1.064043127718844,1.095187313738519,1.071414531713806,0.9951326468318008,1.064043127718844,1.095187313738519,1.071414531713806,0.9951326468318008,1.064043127718844,1.095187313738519
4.011620111731844,1.064398741369436,1.059429287413322,1.057779398620445,0.958263326582116,1.103375014267705,1.059429287413322,1.057779398620445,0.958263326582116,1.103375014267705,1.059429287413322,1.057779398620445,0.958263326582116,1.103375014267705
4.015102420856611,1.065363720008756,1.068204910599968,1.077836122597512,1.057027940773428,1.11090510089342,1.0002132056302857,1.077836122597512,1.0005954076291184,1.11090510089342,0.8642297956909208,1.077836122597512,0.8877303413404991,1.11090510089342
4.018584729981378,1.066028635044094,1.078596009029466,1.063887314318158,1.038476533457011,1.014943569054818,1.078596009029466,1.063887314318158,1.038476533457011,1.014943569054818,1.078596009029466,1.063887314318158,1.038476533457011,1.014943569054818
4.022067039106146,1.066852435728469,1.06831730233775,1.090943479547593,1.114143349118734,1.077224698435856,1.06831730233775,1.090943479547593,1.114143349118734,1.077224698435856,1.06831730233775,1.090943479547593,1.114143349118734,1.077224698435856
4.025549348230912,1.06767969383218,1.086767947561288,1.079482750177024,1.05484401853369,0.9672477939213522,1.086767947561288,1.079482750177024,1.05484401853369,0.9672477939213522,1.086767947561288,1.079482750177024,1.05484401853369,0.9672477939213522
4.02903165735568,1.068519113682259,1.059503959617482,1.039551976873609,0.9982477600319114,0.9185034872006624,1.059503959617482,1.039551976873609,0.9982477600319114,0.9185034872006624,1.059503959617482,1.039551976873609,0.9982477600319114,0.9185034872006624
4.032513966480447,1.069312375534223,1.077764281137067,1.06719558959169,1.057393900488637,1.174178700800092,1.077764281137067,1.06719558959169,1.057393900488637,1.174178700800092,1.077764281137067,1.06719558959169,1.057393900488637,1.174178700800092
4.035996275605214,1.069834718441841,1.090136394948223,1.072486393943463,1.113992685720838,1.094698103536293,1.090136394948223,1.072486393943463,1.113992685720838,1.094698103536293,1.090136394948223,1.072486393943463,1.113992685720838,1.094698103536293
4.039478584729982,1.070810063022758,1.069125253160125,1.072416212283279,1.067928535145863,1.098834735336543,1.069125253160125,1.072416212283279,1.067928535145863,1.098834735336543,1.069125253160125,1.072416212283279,1.067928535145863,1.098834735336543
4.042960893854749,1.071644563954842,1.062257802905873,1.081579902024586,1.013518869521233,0.970543022621936,1.062257802905873,1.081579902024586,1.013518869521233,0.970543022621936,1.062257802905873,1.081579902024586,1.013518869521233,0.970543022621936
4.046443202979516,1.072370952039133,1.067184815904386,1.063229075839719,1.045053604556067,1.067741857447408,1.067184815904386,1.097983923588242,1.045053604556067,1.067741857447408,1.067184815904386,1.1674936190852885,1.045053604556067,1.067741857447408
4.049925512104283,1.072999041337185,1.075217722603066,1.139030279160672,1.099661575562788,1.126764479388941,1.0522489880730617,1.139030279160672,1.099661575562788,1.126764479388941,1.0063115190130532,1.139030279160672,1.099661575562788,1.126764479388941
4.053407821229051,1.073913644470386,1.067934453135581,1.012099539038492,1.070932701236546,1.066179757507996,0.891735619585893,1.012099539038492,1.070932701236546,1.066179757507996,0.5393379524865168,1.012099539038492,1.070932701236546,1.066179757507996
4.056890130353818,1.07453905208786,1.082733322999571,1.09808128765453,1.080599751026317,1.085338462978753,1.082733322999571,1.09808128765453,1.080599751026317,1.085338462978753,1.082733322999571,1.09808128765453,1.080599751026317,1.085338462978753
4.060372439478585,1.075392859590405,1.053795926977625,1.045383480616529,1.035636457838689,1.064308963960659,1.053795926977625,1.045383480616529,1.035636457838689,1.064308963960659,1.053795926977625,1.045383480616529,1.035636457838689,1.064308963960659
4.063854748603352,1.076047199458231,1.07464421447005,1.082849980747732,1.07108755863633,1.06181846525721,1.07464421447005,1.082849980747732,1.07108755863633,1.06181846525721,1.07464421447005,1.082849980747732,1.07108755863633,1.06181846525721
4.067337057728119,1.076687243139869,1.0736426467753,1.080655682917463,1.081821113568929,1.087690103957227,1.0736426467753,1.080655682917463,1.081821113568929,1.087690103957227,1.0736426467753,1.080655682917463,1.081821113568929,1.087690103957227
4.070819366852887,1.077425152568704,1.059913252667841,1.10757655675196,1.125163793792969,1.138067369581579,1.059913252667841,1.10757655675196,1.125163793792969,1.138067369581579,1.059913252667841,1.10757655675196,1.125163793792969,1.138067369581579
4.074301675977654,1.078051140716132,1.075620582285112,1.116720913311257,1.095459877382497,1.168665030010125,1.075620582285112,1.116720913311257,1.095459877382497,1.168665030010125,1.075620582285112,1.116720913311257,1.095459877382497,1.168665030010125
4.077783985102421,1.078864070474057,1.089905222702446,1.075982591619942,1.084165632460621,1.100662299204186,1.089905222702446,0.9270894629976587,1.084165632460621,1.100662299204186,1.089905222702446,0.6293032057530925,1.084165632460621,1.100662299204186
4.081266294227189,1.079383952574676,1.073793509342595,1.089824812317429,1.094840174427623,0.9859669806778818,1.073793509342595,1.089824812317429,1.094840174427623,0.9859669806778818,1.073793509342595,1.089824812317429,1.094840174427623,0.9859669806778818
4.084748603351955,1.080060179699941,1.092116387020522,1.073976373463077,1.12541591975733,1.106953626341808,1.092116387020522,1.073976373463077,1.12541591975733,1.106953626341808,1.092116387020522,1.073976373463077,1.12541591975733,1.106953626341808
4.088230912476723,1.080822346084115,1.070974703327099,1.100980725200559,1.119155196958207,1.189112019367829,1.070974703327099,1.100980725200559,1.119155196958207,1.189112019367829,1.070974703327099,1.100980725200559,1.119155196958207,1.189112019367829
4.09171322160149,1.081431573932599,1.071267915334135,1.11764828647906,1.032730458993918,1.111462755135405,1.071267915334135,1.11764828647906,1.032730458993918,1.111462755135405,1.071267915334135,1.11764828647906,1.032730458993918,1.111462755135405
4.095195530726257,1.082029018741235,1.094300198177351,1.105974195330994,1.023837827679358,1.145735872070527,1.094300198177351,1.105974195330994,1.023837827679358,1.145735872070527,1.094300198177351,1.105974195330994,1.023837827679358,1.145735872070527
4.098677839851025,1.082615043259086,1.073155654461223,1.131042965399538,1.075331588621049,1.158349873807236,1.073155654461223,0.9916862076222761,1.075331588621049,1.158349873807236,1.073155654461223,0.7129726920677524,1.075331588621049,1.158349873807236
4.102160148975791,1.083152654668487,1.086227931772425,1.05929226042758,0.9998090496451348,1.200634249807371,1.086227931772425,1.05929226042758,0.9998090496451348,1.200634249807371,1.086227931772425,1.05929226042758,0.9998090496451348,1.200634249807371
4.105642458100559,1.083765839750552,1.077743122252014,1.170036395490017,1.09981610113291,1.144440102313454,1.077743122252014,1.170036395490017,1.09981610113291,1.144440102313454,1.077743122252014,1.170036395490017,1.09981610113291,1.144440102313454
4.109124767225326,1.084233918135363,1.095010695237027,1.086409220682862,0.989712291728565,1.048529113575196,1.095010695237027,1.086409220682862,0.989712291728565,1.048529113575196,1.095010695237027,1.086409220682862,0.989712291728565,1.048529113575196
4.112607076350093,1.084916982450106,1.063808348582486,1.047348765366567,1.071307348685802,1.081559591609763,1.049343990591148,1.047348765366567,1.071307348685802,1.081559591609763,1.0204152746084716,1.047348765366567,1.071307348685802,1.081559591609763
4.116089385474861,1.085191696188738,1.080775743477204,1.122204818658151,1.12654956751687,1.127223703432071,1.080775743477204,1.122204818658151,1.12654956751687,1.0920715926563773,1.080775743477204,1.122204818658151,1.12654956751687,1.0217673711049902
4.119571694599628,1.085767314466199,1.099931396991189,1.034122399460122,1.0178055959612,1.0525815097389,0.9908123211836317,1.034122399460122,1.0178055959612,1.0525815097389,0.7725741695685173,1.034122399460122,1.0178055959612,1.0525815097389
4.123054003724395,1.086300721391922,1.090390527236659,1.085024601481944,1.042170232662021,0.9899473599060218,1.090390527236659,1.120164023393351,1.042170232662021,0.9899473599060218,1.090390527236659,1.1904428672161649,1.042170232662021,0.9899473599060218
4.126536312849162,1.086819526581966,1.103209180268627,1.118055733095036,1.031245573486583,1.073810989263764,1.103209180268627,1.118055733095036,1.031245573486583,1.073810989263764,1.103209180268627,1.118055733095036,1.031245573486583,1.073810989263764
4.13001862197393,1.087286376445513,1.097911663851665,1.08485427117927,1.092661516066671,1.119216580660317,1.097911663851665,1.08485427117927,1.0214649609660886,1.119216580660317,1.097911663851665,1.08485427117927,0.879071850764924,1.119216580660317
4.133500931098697,1.087701666678937,1.093315422216147,1.099714051595639,1.006180115984025,1.102196535572554,1.093315422216147,1.099714051595639,1.006180115984025,1.102196535572554,1.093315422216147,1.099714051595639,1.006180115984025,1.102196535572554
4.136983240223464,1.08814551192955,1.083719505279173,1.097386367748511,1.141858152555076,1.051979858629202,1.083719505279173,1.097386367748511,1.2049488547729046,1.051979858629202,1.083719505279173,1.097386367748511,1.331130259208562,1.051979858629202
4.140465549348231,1.088464822063528,1.100540079892422,1.077004601737686,1.123598385823385,1.079446820217124,1.100540079892422,1.077004601737686,1.123598385823385,1.079446820217124,1.100540079892422,1.077004601737686,1.123598385823385,1.079446820217124
4.143947858472998,1.088849394170446,1.102199377037495,1.091091058734813,1.20191396894768,1.035279943316802,1.102199377037495,1.091091058734813,1.20191396894768,1.035279943316802,1.102199377037495,1.091091058734813,1.20191396894768,1.035279943316802
4.147430167597766,1.089308416578734,1.086598199031562,1.071701143113544,1.061309683329984,1.028081040620138,1.086598199031562,1.071701143113544,1.06235144496709,1.1213200066391595,1.086598199031562,1.071701143113544,1.0644349682413023,1.3077979386772027
4.150912476722532,1.089600628918374,1.07039649663573,1.094635666821866,1.103745093790709,1.077775775106094,1.07039649663573,1.094635666821866,1.103745093790709,1.077775775106094,1.07039649663573,1.094635666821866,1.103745093790709,1.077775775106094
4.1543947858473,1.090049326389547,1.09694530015642,1.153056024447441,1.120063883896407,1.113031070588305,1.09694530015642,1.153056024447441,1.120063883896407,1.113031070588305,1.09694530015642,1.153056024447441,1.120063883896407,1.113031070588305
4.157877094972068,1.090408999837458,1.095917049780429,1.04356792422655,1.051220875252402,1.093233475790384,1.095917049780429,1.04356792422655,1.051220875252402,1.093233475790384,1.095917049780429,1.04356792422655,1.051220875252402,1.093233475790384
4.161359404096834,1.090696792261066,1.091044440695903,1.03935448737395,1.230363221865369,1.119532969485956,1.091044440695903,1.03935448737395,1.230363221865369,1.119532969485956,1.091044440695903,1.03935448737395,1.230363221865369,1.119532969485956
4.164841713221602,1.090957215329048,1.086545164023656,1.089477452499558,1.092381969642784,1.069322770165785,1.086545164023656,1.089477452499558,1.092381969642784,1.069322770165785,1.086545164023656,1.089477452499558,1.092381969642784,1.069322770165785
4.168324022346369,1.091236948166157,1.093660939368512,1.110888503406206,1.054844978860445,1.072892551190676,1.093660939368512,1.110888503406206,1.054844978860445,1.072892551190676,1.093660939368512,1.110888503406206,1.054844978860445,1.072892551190676
4.171806331471136,1.091468892518383,1.074803218083593,1.127765349593932,1.025819942645556,1.023910385635193,1.074803218083593,1.127765349593932,1.0989039769762383,1.023910385635193,1.074803218083593,1.127765349593932,1.245072045637603,1.023910385635193
4.175288640595904,1.091693890442385,1.106269698229467,1.08725830712908,1.062463797775793,0.9454790053094602,1.0063196928269647,1.08725830712908,1.062463797775793,0.9454790053094602,0.80641968202196,1.08725830712908,1.062463797775793,0.9454790053094602
4.17877094972067,1.091967428875434,1.082911597517092,1.072448078594497,1.088742019512647,1.12412612311322,1.082911597517092,1.072448078594497,1.088742019512647,1.12412612311322,1.082911597517092,1.072448078594497,1.088742019512647,1.12412612311322
4.182253258845438,1.092137634089784,1.085874141907184,1.114105595577037,1.053463570799505,1.119593049912898,1.085874141907184,1.114105595577037,1.053463570799505,1.119593049912898,1.085874141907184,1.114105595577037,1.053463570799505,1.119593049912898
4.185735567970205,1.092333625696849,1.08771567558344,1.041939106573324,1.092813082372669,1.146825623758653,1.08771567558344,1.041939106573324,1.092813082372669,1.146825623758653,1.08771567558344,1.041939106573324,1.092813082372669,1.146825623758653
4.189217877094972,1.092486963020024,1.081978273889627,1.103113192274164,1.061366011361156,1.006552095701862,1.081978273889627,1.103113192274164,1.061366011361156,0.9705369181281893,1.081978273889627,1.103113192274164,1.061366011361156,0.8985065629808439
4.192700186219739,1.09264266855217,1.087223041266361,1.04603845449375,1.063548383123153,1.076910513133553,1.087223041266361,1.04603845449375,1.063548383123153,1.076910513133553,1.087223041266361,1.04603845449375,1.063548383123153,1.076910513133553
4.196182495344507,1.092768672520792,1.09715024283531,1.088508387478024,1.101472510650183,1.115795000183707,1.09715024283531,1.088508387478024,1.101472510650183,1.115795000183707,1.09715024283531,1.088508387478024,1.101472510650183,1.115795000183707
4.199664804469274,1.092971582713866,1.099459300078065,1.092565941625848,1.099133229436743,1.153044324581433,1.099459300078065,1.092565941625848,0.9745547612699754,1.153044324581433,1.099459300078065,1.092565941625848,0.72539782493644,1.153044324581433
4.203147113594041,1.092952271324685,1.087198330698673,1.079086747668566,1.088758248179668,1.122561732319921,1.087198330698673,1.079086747668566,1.088758248179668,1.122561732319921,1.087198330698673,1.079086747668566,1.088758248179668,1.122561732319921
4.206629422718809,1.09315266665071,1.076721556471863,1.094417190524647,1.107752889603888,0.9957034164654176,1.076721556471863,1.094417190524647,1.107752889603888,0.9957034164654176,1.076721556471863,1.094417190524647,1.107752889603888,0.9957034164654176
4.210111731843575,1.093223238123231,1.083493320065386,1.160586307488738,1.152343537658633,1.065593173514357,1.083493320065386,1.160586307488738,1.152343537658633,1.065593173514357,1.083493320065386,1.160586307488738,1.152343537658633,1.065593173514357
4.213594040968343,1.093305937683956,1.079893019213088,1.105395773753491,1.068895201623975,1.049431776607351,1.079893019213088,1.105395773753491,1.068895201623975,1.049431776607351,1.079893019213088,1.105395773753491,1.068895201623975,1.049431776607351
4.217076350093111,1.093296350329337,1.092279364773084,1.136945774174163,1.08549188868687,1.054069919257907,1.092279364773084,1.136945774174163,1.08549188868687,1.054069919257907,1.092279364773084,1.136945774174163,1.08549188868687,1.054069919257907
4.220558659217877,1.093242107491368,1.093877157516278,1.039046646464633,1.060296730960653,1.20577975073847,1.1331252662183497,1.039046646464633,1.060296730960653,1.20577975073847,1.211621483622493,1.039046646464633,1.060296730960653,1.20577975073847
4.224040968342645,1.093202110487122,1.072402520535191,1.103028064642593,1.124069384821482,1.224598045302423,1.072402520535191,1.103028064642593,1.124069384821482,1.224598045302423,1.072402520535191,1.103028064642593,1.124069384821482,1.224598045302423
4.227523277467411,1.093138183873702,1.091458553497096,1.081853277324778,1.047930926184217,1.108712977383127,1.091458553497096,1.081853277324778,1.047930926184217,1.108712977383127,1.091458553497096,1.081853277324778,1.047930926184217,1.108712977383127
4.231005586592179,1.093101757112696,1.097445344213269,1.100750622319891,1.008607898790695,1.048700885353463,1.097445344213269,1.100750622319891,0.8970951852015446,1.048700885353463,1.097445344213269,1.100750622319891,0.6740697580232439,1.048700885353463
4.234487895716947,1.093155817784056,1.083100981849762,1.120460532824383,1.194173021795942,1.083845231826989,1.083100981849762,1.120460532824383,1.194173021795942,1.083845231826989,1.083100981849762,1.120460532824383,1.194173021795942,1.083845231826989
4.237970204841713,1.093042330019513,1.098690667802667,1.086038119750584,1.07412128218271,1.091741586166111,1.098690667802667,1.086038119750584,1.3387664033832722,1.091741586166111,1.098690667802667,1.086038119750584,1.8680566457843963,1.091741586166111
4.241452513966481,1.092997627601675,1.087441453875905,1.070321094098064,1.175658062274686,1.141929252176908,1.087441453875905,1.070321094098064,1.175658062274686,1.141929252176908,1.087441453875905,1.070321094098064,1.175658062274686,1.141929252176908
4.244934823091248,1.0928525448056161,1.10257644649463,1.110280108520872,1.073928505575971,1.041834263013156,1.10257644649463,1.110280108520872,1.073928505575971,1.041834263013156,1.10257644649463,1.110280108520872,1.073928505575971,1.041834263013156
4.248417132216015,1.092687861971746,1.094900752671031,1.07728602160373,1.099019477788165,0.974804417090779,1.094900752671031,1.07728602160373,1.099019477788165,0.974804417090779,1.094900752671031,1.07728602160373,1.099019477788165,0.974804417090779
4.251899441340782,1.092556946602013,1.104880594850912,1.05824745166797,1.157779752294604,1.090284040874679,1.104880594850912,1.05824745166797,1.157779752294604,1.090284040874679,1.104880594850912,1.05824745166797,1.157779752294604,1.090284040874679
4.255381750465549,1.092394641351979,1.089266592794102,1.042006410195547,1.085975063622044,0.9956221144728278,1.089266592794102,1.159028687024895,1.1322330322042429,0.9956221144728278,1.089266592794102,1.3930732406835908,1.2247489693686404,0.9956221144728278
4.258864059590317,1.092214266604684,1.09718964560495,1.099414184554858,1.133209077392533,1.026497054831994,1.09718964560495,1.099414184554858,1.133209077392533,1.026497054831994,1.09718964560495,1.099414184554858,1.133209077392533,1.026497054831994
4.262346368715084,1.092028508161936,1.100009198675071,1.116223298338666,1.077046643323471,1.112046766131036,1.100009198675071,1.116223298338666,1.077046643323471,1.112046766131036,1.100009198675071,1.116223298338666,1.077046643323471,1.112046766131036
4.265828677839851,1.091826033046138,1.085636186510038,1.049668229953138,1.140077487399198,1.033728877519198,1.085636186510038,0.9023640916807952,1.0907975528857636,1.137951627842296,1.085636186510038,0.6077558151361098,0.9922376838588951,1.3463971284884924
4.269310986964618,1.091583411834599,1.103561061665737,1.076507729640109,1.01891298093035,1.096116156073,1.103561061665737,1.076507729640109,1.01891298093035,1.0307954623957856,1.103561061665737,1.076507729640109,1.01891298093035,0.9001540750413568
4.272793296089386,1.091414197258473,1.079075395428482,1.068700969900745,1.101317016700253,1.138221235759158,1.079075395428482,1.068700969900745,1.101317016700253,1.138221235759158,1.079075395428482,1.068700969900745,1.101317016700253,1.138221235759158
4.276275605214153,1.091155347460609,1.070064899583,1.108191708693117,1.096101584811684,0.9917047801328184,1.070064899583,1.108191708693117,1.096101584811684,0.9917047801328184,1.070064899583,1.108191708693117,1.096101584811684,0.9917047801328184
4.27975791433892,1.090964734939006,1.099100000950548,1.09384533424225,1.070527896488546,1.099324014285737,1.099100000950548,1.09384533424225,1.070527896488546,1.099324014285737,1.099100000950548,1.09384533424225,1.070527896488546,1.099324014285737
4.283240223463688,1.090642336330084,1.103191850708593,1.062008956175281,1.055246194418538,1.187680270326443,1.103191850708593,1.062008956175281,1.055246194418538,1.187680270326443,1.103191850708593,1.062008956175281,1.055246194418538,1.187680270326443
4.286722532588454,1.09035187212028,1.085102649838239,1.100727270215348,1.038823708546904,1.067720626875511,1.085102649838239,1.100727270215348,1.038823708546904,1.067720626875511,1.085102649838239,1.100727270215348,1.038823708546904,1.067720626875511
4.290204841713222,1.090006819201542,1.099104628080421,1.12044484213605,1.131408029351302,1.039320536145588,1.099104628080421,1.12044484213605,1.131408029351302,1.039320536145588,1.099104628080421,1.12044484213605,1.131408029351302,1.039320536145588
4.293687150837989,1.089817926118196,1.079592891493897,1.057885209830161,1.030727693695918,1.124183750707777,1.079592891493897,1.057885209830161,1.030727693695918,1.124183750707777,1.079592891493897,1.057885209830161,1.030727693695918,1.124183750707777
4.297169459962756,1.089397155682908,1.082316433172632,1.066905515805642,1.087227831424552,1.139679257288982,1.082316433172632,1.066905515805642,1.087227831424552,1.139679257288982,1.082316433172632,1.066905515805642,1.087227831424552,1.139679257288982
4.300651769087524,1.089051301640427,1.085780058768052,1.069252547188278,1.086602877256894,1.158597727216113,1.085780058768052,1.069252547188278,1.086602877256894,1.158597727216113,1.085780058768052,1.069252547188278,1.086602877256894,1.158597727216113
4.304134078212291,1.08864366618349,1.085055663744026,1.126826434121264,1.066510493259205,1.000909426143611,1.085055663744026,1.126826434121264,1.066510493259205,1.000909426143611,1.085055663744026,1.126826434121264,1.066510493259205,1.000909426143611
4.307616387337058,1.0883919042165069,1.079931126078494,1.09315780146934,1.066501302596508,0.9987532512584678,1.079931126078494,1.09315780146934,1.066501302596508,0.9987532512584678,1.079931126078494,1.09315780146934,1.066501302596508,0.9987532512584678
4.311098696461825,1.088035971995926,1.107398318309974,1.109994010611563,1.116371297098317,1.102883377636407,1.107398318309974,1.109994010611563,1.116371297098317,1.102883377636407,1.107398318309974,1.109994010611563,1.116371297098317,1.102883377636407
4.314581005586592,1.087588636385503,1.089071644835198,1.043491354191793,1.177973292233387,1.063838771306736,1.089071644835198,1.043491354191793,1.2342782398864438,1.063838771306736,1.089071644835198,1.043491354191793,1.346888135192557,1.063838771306736
4.31806331471136,1.08718849717832,1.095422458795706,0.9855658620676964,1.111387887104824,1.055847772034106,1.133242452076026,0.9855658620676964,1.111387887104824,1.055847772034106,1.2088824386366661,0.9855658620676964,1.111387887104824,1.055847772034106
4.321545623836127,1.086765453595328,1.070812628980909,1.166351844422348,1.081155562890418,0.9701605295489424,1.070812628980909,1.166351844422348,1.081155562890418,0.9701605295489424,1.070812628980909,1.166351844422348,1.081155562890418,0.9701605295489424
4.325027932960894,1.086320737266871,1.088975768190749,1.070464619420874,1.125050355637579,1.03722838517158,1.088975768190749,1.070464619420874,0.9696305177719046,1.03722838517158,1.088975768190749,1.070464619420874,0.6587908420405557,1.03722838517158
4.328510242085661,1.085934217042362,1.097944366369498,1.074063903697762,1.0399635803210041,1.050023111447028,1.0327847911243442,1.074063903697762,1.0399635803210041,1.050023111447028,0.9024656406340364,1.074063903697762,1.0399635803210041,1.050023111447028
4.331992551210429,1.08549442062187,1.071700428343149,1.082921648832048,1.0952025119271,1.106828486425877,1.071700428343149,1.082921648832048,1.0952025119271,1.106828486425877,1.071700428343149,1.082921648832048,1.0952025119271,1.106828486425877
4.335474860335196,1.085079362346649,1.085962716136897,1.056976676485691,1.112654956086053,1.095748629553031,1.198282890468781,1.056976676485691,1.112654956086053,1.095748629553031,1.4229232391325488,1.056976676485691,1.112654956086053,1.095748629553031
4.338957169459963,1.084592304597972,1.077834157966321,1.11681575402108,1.110867140713209,1.12176980342622,1.077834157966321,1.11681575402108,1.110867140713209,1.12176980342622,1.077834157966321,1.11681575402108,1.110867140713209,1.12176980342622
4.34243947858473,1.08417566926151,1.096376813513451,1.074637294026783,0.9676903341736796,0.9632821794060203,1.096376813513451,1.074637294026783,0.9676903341736796,0.9632821794060203,1.096376813513451,1.074637294026783,0.9676903341736796,0.9632821794060203
4.345921787709497,1.083664962432512,1.080437499602503,1.055019384518229,1.010470424414363,1.124772706451935,1.2000006415545155,1.055019384518229,1.010470424414363,1.124772706451935,1.4391269254585402,1.055019384518229,1.010470424414363,1.124772706451935
4.349404096834265,1.083166029963938,1.095490625295005,1.04054590044661,1.089153689699736,1.168413576707716,1.1290553516394244,1.04054590044661,1.089153689699736,1.168413576707716,1.196184804328263,1.04054590044661,1.089153689699736,1.168413576707716
4.352886405959032,1.08271547720797,1.064379685095537,1.114313887294349,1.061978256734069,1.003408266329228,1.064379685095537,0.9885293966487209,1.061978256734069,1.003408266329228,1.064379685095537,0.7369604153574647,1.061978256734069,1.003408266329228
4.356368715083799,1.082198804827307,1.08243261695398,1.073796091304076,1.128265345715442,1.11606717659584,1.08243261695398,1.073796091304076,1.128265345715442,1.11606717659584,1.08243261695398,1.073796091304076,1.128265345715442,1.11606717659584
4.359851024208567,1.081716503736666,1.08905227979938,1.087121947426058,1.162716888865628,1.05511018162949,1.08905227979938,1.087121947426058,1.162716888865628,1.1286869372608945,1.08905227979938,1.087121947426058,1.162716888865628,1.2758404485237034
4.363333333333333,1.081176796952443,1.06760412668744,1.118500709217495,1.142975983550199,1.177506696290194,1.06760412668744,1.2312249765978271,1.142975983550199,1.0984130073697456,1.06760412668744,1.4566735113584914,1.142975983550199,0.9402256295288487
4.366815642458101,1.080566798597362,1.081471616814253,1.078202216161893,1.097298864036491,1.045957114151784,1.081471616814253,1.078202216161893,1.1361882028287535,1.045957114151784,1.081471616814253,1.078202216161893,1.213966880413279,1.045957114151784
4.370297951582868,1.080092026136367,1.072942548743188,1.097865229277954,1.075270318851543,1.201349460901131,1.2777149157266514,1.195326471284888,1.075270318851543,1.201349460901131,1.6872596496935781,1.3902489552987554,1.075270318851543,1.201349460901131
4.373780260707635,1.079560223777956,1.079362734413224,1.09262701814857,1.030814413318963,1.024749593873498,1.079362734413224,1.09262701814857,1.030814413318963,1.024749593873498,1.079362734413224,1.09262701814857,1.030814413318963,1.024749593873498
4.377262569832403,1.078982693171965,1.084544480032489,1.052648444889001,1.097189150225151,0.9461875260546226,1.084544480032489,1.052648444889001,1.097189150225151,0.9461875260546226,1.084544480032489,1.052648444889001,1.097189150225151,0.9461875260546226
4.38074487895717,1.07842075902711,1.0817844416248379,1.062064597353002,1.021174102768176,1.064585115613374,1.0817844416248379,1.062064597353002,1.021174102768176,1.064585115613374,1.0817844416248379,1.062064597353002,1.021174102768176,1.064585115613374
4.384227188081937,1.07785048554091,1.074611250637548,1.147180584593217,1.034297562895777,1.163279432429395,1.074611250637548,1.147180584593217,1.034297562895777,1.163279432429395,1.074611250637548,1.147180584593217,1.034297562895777,1.163279432429395
4.387709497206704,1.077299367566032,1.091014386557303,1.090220342443151,1.078069217430383,1.092457891319777,1.091014386557303,1.090220342443151,1.0820674043077105,1.1368463921025687,1.091014386557303,1.090220342443151,1.0900637780623659,1.2256233936681518
4.391191806331471,1.076686865664814,1.089397053958623,1.116455556521257,1.077404126697789,1.069752277108557,1.089397053958623,1.116455556521257,1.077404126697789,1.069752277108557,1.089397053958623,1.116455556521257,1.077404126697789,1.069752277108557
4.394674115456239,1.076218155743071,1.075184286205578,1.119129933632256,0.9897376116622724,1.06483741483787,1.075184286205578,1.119129933632256,0.9897376116622724,1.06483741483787,1.075184286205578,1.119129933632256,0.9897376116622724,1.06483741483787
4.398156424581006,1.075685308644871,1.079617320567833,1.103808437646991,1.209945828420083,1.120633868265254,1.079617320567833,1.1046821091941508,1.209945828420083,1.120633868265254,1.079617320567833,1.1064294522884703,1.209945828420083,1.120633868265254
4.401638733705773,1.075131675533105,1.076245012307488,1.0882416114085,1.050903522249356,1.021743254050042,1.076245012307488,1.0882416114085,1.050903522249356,1.021743254050042,1.076245012307488,1.0882416114085,1.050903522249356,1.021743254050042
4.40512104283054,1.074557446566918,1.081110726408971,1.102644055495005,1.105477803037066,1.052078829424139,1.081110726408971,1.102644055495005,1.105477803037066,1.052078829424139,1.081110726408971,1.102644055495005,1.105477803037066,1.052078829424139
4.408603351955308,1.073925940382983,1.061361853627461,1.061315254286281,1.115692950326203,1.082884689060043,1.061361853627461,1.061315254286281,1.115692950326203,1.082884689060043,1.061361853627461,1.061315254286281,1.115692950326203,1.082884689060043
4.412085661080074,1.073449732700021,1.071535861733871,1.04973122191934,1.061874068486081,1.073334822756196,1.071535861733871,1.04973122191934,1.061874068486081,1.073334822756196,1.071535861733871,1.04973122191934,1.061874068486081,1.073334822756196
4.415567970204842,1.072806484122089,1.074421359149416,1.097796641175665,1.143717461287868,1.088270623300681,1.074421359149416,1.097796641175665,1.143717461287868,1.088270623300681,1.074421359149416,1.097796641175665,1.143717461287868,1.088270623300681
4.419050279329609,1.07224331555729,1.068172678223573,1.043458905917481,1.05096929437627,1.058983561241737,1.068172678223573,1.043458905917481,1.05096929437627,1.058983561241737,1.068172678223573,1.043458905917481,1.05096929437627,1.058983561241737
4.422532588454376,1.071695736996165,1.068784111361379,1.041495009701405,1.062437698260464,1.096381941336793,1.068784111361379,1.041495009701405,1.062437698260464,1.096381941336793,1.068784111361379,1.041495009701405,1.062437698260464,1.096381941336793
4.426014897579144,1.070855754446876,1.074971104606879,1.082971917546806,1.085596971174656,0.9719966446084304,1.074971104606879,1.082971917546806,1.085596971174656,0.9719966446084304,1.074971104606879,1.082971917546806,1.085596971174656,0.9719966446084304
4.42949720670391,1.070449995119717,1.065973774355807,1.113011034903364,1.111882741621556,1.137536795770351,1.065973774355807,1.113011034903364,1.111882741621556,1.137536795770351,1.065973774355807,1.113011034903364,1.111882741621556,1.137536795770351
4.432979515828678,1.069964783415741,1.052350384900837,1.065332023674007,1.017363300793011,1.154906033652482,1.1775424820459959,1.065332023674007,1.017363300793011,1.154906033652482,1.4279266763363132,1.065332023674007,1.017363300793011,1.154906033652482
4.436461824953446,1.069347551401505,1.051535819925805,1.122972792228914,1.018975171784465,1.003415258595171,1.051535819925805,1.122972792228914,1.018975171784465,1.003415258595171,1.051535819925805,1.122972792228914,1.018975171784465,1.003415258595171
4.439944134078212,1.068885561907717,1.071709212464956,1.097810902832482,1.035773809431211,1.084413518566633,1.071709212464956,1.097810902832482,1.035773809431211,1.084413518566633,1.071709212464956,1.097810902832482,1.035773809431211,1.084413518566633
4.44342644320298,1.068155881792304,1.068592786096382,1.069841196368339,1.04296818319859,1.179012829521972,1.068592786096382,1.069841196368339,1.04296818319859,1.179012829521972,1.068592786096382,1.069841196368339,1.04296818319859,1.179012829521972
4.446908752327747,1.067623514386812,1.0592287744687,1.062111545678798,1.128035950816674,1.146279895548463,1.0592287744687,1.062111545678798,1.128035950816674,1.146279895548463,1.0592287744687,1.062111545678798,1.128035950816674,1.146279895548463
4.450391061452514,1.067014438336042,1.063926643429365,1.068419817095432,1.055355564998489,1.07565935686226,1.2957184256673364,1.068419817095432,1.055355564998489,1.07565935686226,1.7593019901432787,1.068419817095432,1.055355564998489,1.07565935686226
4.453873370577281,1.066540074995868,1.06735318812499,1.047069606856714,1.065669139218514,1.021451055738211,1.06735318812499,1.047069606856714,1.065669139218514,1.021451055738211,1.06735318812499,1.047069606856714,1.065669139218514,1.021451055738211
4.457355679702049,1.065919913015924,1.083451330211221,1.030309179106337,1.128416851398248,1.113498677642214,1.083451330211221,1.030309179106337,1.128416851398248,1.113498677642214,1.083451330211221,1.030309179106337,1.128416851398248,1.113498677642214
4.460837988826816,1.065410990042172,1.036902636843148,1.029298582012697,1.015582619129578,1.116932878697919,1.036902636843148,1.029298582012697,1.015582619129578,1.2005845895796925,1.036902636843148,1.029298582012697,1.015582619129578,1.3678880113432397
4.464320297951583,1.064882427466452,1.058166671907479,1.041059296965843,1.038357674162768,1.042536235785164,1.058166671907479,1.041059296965843,1.038357674162768,1.042536235785164,1.058166671907479,1.041059296965843,1.038357674162768,1.042536235785164
4.467802607076351,1.064321079348966,1.070631327678937,1.037063341904471,1.118516400932749,1.068908468048281,1.070631327678937,1.037063341904471,1.118516400932749,1.068908468048281,1.070631327678937,1.037063341904471,1.118516400932749,1.068908468048281
4.471284916201117,1.063651138352671,1.061861085909279,1.065924419663359,1.135582410205239,1.061118071197449,1.061861085909279,1.1346444723043076,1.135582410205239,1.061118071197449,1.061861085909279,1.272084577586205,1.135582410205239,1.061118071197449
4.474767225325885,1.063049923286746,1.066580425736702,1.085546190443815,1.096421449022726,1.017807513336164,1.066580425736702,1.085546190443815,1.096421449022726,1.017807513336164,1.066580425736702,1.085546190443815,1.096421449022726,1.017807513336164
4.478249534450652,1.062533112931205,1.06431441543755,1.028689863024697,1.000145009204103,1.040047269497374,1.06431441543755,1.028689863024697,1.000145009204103,1.040047269497374,1.06431441543755,1.028689863024697,1.000145009204103,1.040047269497374
4.481731843575419,1.062042332528513,1.062540733875309,1.088984650650976,1.083366344512232,1.11966796106364,1.062540733875309,1.088984650650976,1.083366344512232,1.11966796106364,1.062540733875309,1.088984650650976,1.083366344512232,1.11966796106364
4.485214152700187,1.061421756356218,1.06053938969664,1.052268652506704,1.010547743679702,1.036369185797079,1.06053938969664,1.052268652506704,0.8257827317113551,1.036369185797079,1.06053938969664,1.052268652506704,0.4562527077746614,1.036369185797079
4.488696461824953,1.060872023145586,1.065016235563778,1.07560587118842,0.9982909565875572,1.087106749661158,1.065016235563778,1.07560587118842,0.9982909565875572,1.087106749661158,1.065016235563778,1.07560587118842,0.9982909565875572,1.087106749661158
4.492178770949721,1.060279243122515,1.050933724988091,1.065403060889211,1.061075407790543,1.174274231496557,1.050933724988091,1.065403060889211,1.061075407790543,1.174274231496557,1.050933724988091,1.065403060889211,1.061075407790543,1.174274231496557
4.495661080074489,1.059785988900512,1.067690411949984,1.088501980382785,1.11194051221289,1.090063150319822,1.067690411949984,1.088501980382785,1.11194051221289,1.090063150319822,1.067690411949984,1.088501980382785,1.11194051221289,1.090063150319822
4.499143389199255,1.059227889851843,1.071883619056838,1.021844143202808,1.068995867256547,1.078257809332958,1.071883619056838,1.021844143202808,1.068995867256547,1.078257809332958,1.071883619056838,1.021844143202808,1.068995867256547,1.078257809332958
4.502625698324023,1.058709841924351,1.051089985976763,1.054980170974648,1.068150547260711,1.057771561765123,1.051089985976763,1.054980170974648,1.068150547260711,1.057771561765123,1.051089985976763,1.054980170974648,1.068150547260711,1.057771561765123
4.506108007448789,1.058160021585373,1.050683092638751,1.104098408727526,0.9752608389258464,1.092897342641365,1.050683092638751,1.104098408727526,0.9752608389258464,1.092897342641365,1.050683092638751,1.104098408727526,0.9752608389258464,1.092897342641365
4.509590316573557,1.05764922832703,1.061572554756143,1.1391184879758809,1.114419809154255,1.100333831757864,1.061572554756143,1.1391184879758809,1.114419809154255,1.100333831757864,1.061572554756143,1.1391184879758809,1.114419809154255,1.100333831757864
4.513072625698324,1.057212463776884,1.062579760458375,0.9979667770111246,1.012811913276385,1.119262734913093,0.8625125316005319,0.9775433166785558,1.012811913276385,1.119262734913093,0.4623780738848454,0.9366963960134183,1.012811913276385,1.119262734913093
4.516554934823091,1.056643810626695,1.048288034069253,1.063371387773931,1.083322939321337,1.124462093047423,1.0313856239470411,1.063371387773931,1.083322939321337,1.124462093047423,0.9975808037026173,1.063371387773931,1.083322939321337,1.124462093047423
4.520037243947859,1.056286627293253,1.033887413184839,1.100846773224831,1.047061762833424,0.9729416028950124,1.033887413184839,1.100846773224831,1.047061762833424,0.9729416028950124,1.033887413184839,1.100846773224831,1.047061762833424,0.9729416028950124
4.523519553072626,1.055804039268407,1.049257383385721,1.067144289595077,1.019227563136787,0.9498453429591568,1.049257383385721,1.067144289595077,1.019227563136787,0.9498453429591568,1.049257383385721,1.067144289595077,1.019227563136787,0.9498453429591568
4.527001862197393,1.055204944400664,1.045822728093371,1.070126528764084,1.140553762539501,1.037727004858586,0.8898673460839788,1.070126528764084,1.140553762539501,1.037727004858586,0.5779565820651944,1.070126528764084,1.140553762539501,1.037727004858586
4.53048417132216,1.054652706789624,1.064332797257939,1.0581071751252351,1.054059594444674,1.163264155752265,1.064332797257939,1.0581071751252351,1.054059594444674,1.163264155752265,1.064332797257939,1.0581071751252351,1.054059594444674,1.163264155752265
4.533966480446928,1.054312352056655,1.052710667679853,1.022132101991532,1.072309573235535,1.076962269980593,1.052710667679853,1.022132101991532,1.1805396427136943,1.076962269980593,1.052710667679853,1.022132101991532,1.3969997816700133,1.076962269980593
4.537448789571695,1.053706164474945,1.049890381263065,1.037453912840589,1.094049976536249,1.138428391963842,1.049890381263065,1.037453912840589,1.094049976536249,1.138428391963842,1.049890381263065,1.037453912840589,1.094049976536249,1.138428391963842
4.540931098696462,1.053366100342241,1.057358375099217,1.03933166894501,1.036411807818581,1.025726170510543,1.057358375099217,1.03933166894501,1.036411807818581,1.025726170510543,1.057358375099217,1.03933166894501,1.036411807818581,1.025726170510543
4.54441340782123,1.052911754100193,1.060336923021479,1.066240062001499,1.111115955945209,0.946911568294126,1.060336923021479,1.066240062001499,1.111115955945209,0.946911568294126,1.060336923021479,1.066240062001499,1.111115955945209,0.946911568294126
4.547895716945996,1.0525748024107071,1.048058651044339,1.047936826601258,1.083931740514349,0.9464572190615566,1.048058651044339,1.047936826601258,1.083931740514349,0.9464572190615566,1.048058651044339,1.047936826601258,1.083931740514349,0.9464572190615566
4.551378026070764,1.05214742723443,1.052247793624123,1.039071762155042,1.000913101413117,1.165829631895734,1.052247793624123,1.039071762155042,1.000913101413117,1.165829631895734,1.052247793624123,1.039071762155042,1.000913101413117,1.165829631895734
4.554860335195531,1.051711769682774,1.057846455493634,0.9674127285102948,1.104088784067811,1.10880512291347,1.2381722686487984,0.9674127285102948,1.104088784067811,1.10880512291347,1.5988238949591271,0.9674127285102948,1.104088784067811,1.10880512291347
4.558342644320298,1.051102873598909,1.053242891809274,1.061222244000288,1.014665304152824,1.19222090812745,1.053242891809274,1.061222244000288,1.014665304152824,1.19222090812745,1.053242891809274,1.061222244000288,1.014665304152824,1.19222090812745
4.561824953445066,1.050397368883009,1.048892471464981,1.072729498767671,1.015242255215831,0.9217410497131217,1.048892471464981,1.072729498767671,1.015242255215831,0.9217410497131217,1.048892471464981,1.072729498767671,1.015242255215831,0.9217410497131217
4.565307262569832,1.049205905917244,1.044675088714074,1.064565490692005,1.024401841720692,1.059381486131008,1.0547005496030724,1.064565490692005,1.024401841720692,1.059381486131008,1.0747514713810686,1.064565490692005,1.024401841720692,1.059381486131008
4.5687895716946,1.047943224349105,1.056187484635977,1.058140218912707,0.9653884236583,0.9037549783958324,1.056187484635977,1.058140218912707,0.9653884236583,0.9037549783958324,1.056187484635977,1.058140218912707,0.9653884236583,0.9037549783958324
4.572271880819367,1.046360761471596,1.053568832425881,0.9998005203669068,1.078816373156327,1.072506070760976,1.053568832425881,0.9998005203669068,1.078816373156327,1.072506070760976,1.053568832425881,0.9998005203669068,1.078816373156327,1.072506070760976
4.575754189944134,1.044627123746793,1.044762093842043,1.039472908513936,1.034701566336174,0.9907340380984964,1.044762093842043,1.039472908513936,1.034701566336174,0.9907340380984964,1.044762093842043,1.039472908513936,1.034701566336174,0.9907340380984964
4.579236499068902,1.042689428296031,1.050687576301182,1.052138577229319,0.9992900350269286,1.045856464436638,1.050687576301182,1.052138577229319,0.9992900350269286,1.045856464436638,1.050687576301182,1.052138577229319,0.9992900350269286,1.045856464436638
4.582718808193668,1.04053948434514,1.051042558911991,1.046440956774189,1.039751873218072,1.019410944359445,1.051042558911991,1.046440956774189,1.039751873218072,1.019410944359445,1.051042558911991,1.046440956774189,1.039751873218072,1.019410944359445
4.586201117318436,1.038371487777461,1.033379190033993,1.061573224531924,1.023252593820689,0.9721604559143018,1.033379190033993,1.061573224531924,1.1918930113437864,0.9721604559143018,1.033379190033993,1.061573224531924,1.5291738463899818,0.9721604559143018
4.589683426443203,1.035727695665047,1.034604824485584,0.9800073243893744,1.03736352442393,1.025909463114551,1.034604824485584,0.9800073243893744,1.03736352442393,1.025909463114551,1.034604824485584,0.9800073243893744,1.03736352442393,1.025909463114551
4.59316573556797,1.033465888001093,1.034791605677397,1.014764300781899,1.067069291762105,0.9749620950442895,1.034791605677397,1.014764300781899,1.067069291762105,0.9749620950442895,1.034791605677397,1.014764300781899,1.067069291762105,0.9749620950442895
4.596648044692738,1.030808711551241,1.018086487795362,1.037235508393606,1.091539451458441,1.063274475730048,1.018086487795362,1.037235508393606,1.091539451458441,1.063274475730048,1.018086487795362,1.037235508393606,1.091539451458441,1.063274475730048
4.600130353817505,1.02797115159331,1.025153086170156,1.038093923249863,0.9416347200233997,0.9885169065796884,1.025153086170156,1.038093923249863,0.9416347200233997,0.9885169065796884,1.025153086170156,1.038093923249863,0.9416347200233997,0.9885169065796884
4.603612662942272,1.025023504062698,1.016598658144389,1.013928927428147,1.033923675710141,0.9735899431947772,1.016598658144389,1.013928927428147,1.033923675710141,0.9735899431947772,1.016598658144389,1.013928927428147,1.033923675710141,0.9735899431947772
4.607094972067039,1.022159606513882,1.026699501137962,1.042474404799419,1.002424144160964,0.9842121866823106,1.026699501137962,1.042474404799419,1.002424144160964,1.0569246478848515,1.026699501137962,1.042474404799419,1.002424144160964,1.2023495702899338
4.610577281191807,1.019467717002363,1.028092245967719,1.073442950190178,1.031665763576767,1.180687111892748,1.028092245967719,1.073442950190178,1.031665763576767,1.180687111892748,1.028092245967719,1.073442950190178,1.031665763576767,1.180687111892748
4.614059590316574,1.016356220836047,1.021180448724412,1.004244241185057,1.017753539394882,1.023030144448456,1.021180448724412,1.004244241185057,1.017753539394882,1.023030144448456,1.021180448724412,1.004244241185057,1.017753539394882,1.023030144448456
4.617541899441341,1.013530121948147,1.017448642077206,1.05161962805132,1.004350821725413,0.8612651810752334,1.017448642077206,1.05161962805132,0.9527338276556451,0.8612651810752334,1.017448642077206,1.05161962805132,0.8494998395161094,0.8612651810752334
4.621024208566109,1.010565531374579,1.001555194901955,0.9952673932009332,0.9996209652006568,0.97495149021503,1.001555194901955,0.9952673932009332,0.9996209652006568,0.97495149021503,1.001555194901955,0.9952673932009332,0.9996209652006568,0.97495149021503
4.624506517690875,1.007517943767944,1.029379172655246,0.9665100878337806,1.004743407960152,1.106701055557336,1.029379172655246,0.9665100878337806,1.004743407960152,1.106701055557336,1.029379172655246,0.9665100878337806,1.004743407960152,1.106701055557336
4.627988826815643,1.004625675518908,1.012542052046644,0.9928287460791436,0.9906931973145578,1.025692931273449,1.012542052046644,0.9928287460791436,0.9906931973145578,1.025692931273449,1.012542052046644,0.9928287460791436,0.9906931973145578,1.025692931273449
4.63147113594041,1.00181800370878,1.004267191826985,1.014295255540478,1.049740291612471,0.9688950386507024,1.004267191826985,1.014295255540478,1.049740291612471,0.9688950386507024,1.004267191826985,1.014295255540478,1.049740291612471,0.9688950386507024
4.634953445065177,0.9987579214876868,1.005373691733408,0.9513752077350496,1.012853199565983,0.9764692174721906,1.005373691733408,0.9513752077350496,1.012853199565983,0.9764692174721906,1.005373691733408,0.9513752077350496,1.012853199565983,0.9764692174721906
4.638435754189945,0.996066101798772,0.9954278212507224,1.001492640945474,1.028661682343274,1.046102007473162,0.9954278212507224,1.001492640945474,1.028661682343274,1.046102007473162,0.9954278212507224,1.001492640945474,1.028661682343274,1.046102007473162
4.641918063314711,0.9935241427210136,0.994120585873186,0.9976609127585722,0.9598565616323934,0.9753494924294536,0.994120585873186,0.9976609127585722,0.9598565616323934,0.9753494924294536,0.994120585873186,0.9976609127585722,0.9598565616323934,0.9753494924294536
4.645400372439479,0.9911016727886058,0.9957607812720376,1.024371502598851,0.9641074139788216,0.99216145040195,0.9957607812720376,1.024371502598851,0.9641074139788216,0.99216145040195,0.9957607812720376,1.024371502598851,0.9641074139788216,0.99216145040195
4.648882681564246,0.9886708265519464,0.9911690239529156,0.9918825656950232,0.9922369155634544,1.034736716317393,0.9911690239529156,0.9918825656950232,0.9922369155634544,1.034736716317393,0.9911690239529156,0.9918825656950232,0.9922369155634544,1.034736716317393
4.652364990689013,0.9864093117225664,0.9961973838845358,0.9648981126676892,0.98830915364228,0.903922158946544,0.9961973838845358,0.9648981126676892,0.98830915364228,0.903922158946544,0.9961973838845358,0.9648981126676892,0.98830915364228,0.903922158946544
4.655847299813781,0.98445482448105,0.987984809735494,1.004368013244459,0.9504296257698696,1.023613746679478,0.987984809735494,1.004368013244459,0.9504296257698696,1.023613746679478,0.987984809735494,1.004368013244459,0.9504296257698696,1.023613746679478
4.659329608938548,0.982481724813958,0.9922374997152452,0.9757997778094804,0.993650614773629,0.947894665264906,0.9922374997152452,0.9757997778094804,0.993650614773629,0.947894665264906,0.9922374997152452,0.9757997778094804,0.993650614773629,0.947894665264906
4.662811918063315,0.9805922177976844,0.9898755074380186,1.031296135880898,0.9906570203436488,0.923814869424226,0.9898755074380186,1.031296135880898,0.9906570203436488,1.0995763752500678,0.9898755074380186,1.031296135880898,0.9906570203436488,1.4510993869017517
4.666294227188082,0.9790461827799866,0.9671772175750696,1.039935820690614,1.008775808436466,0.9962435642457084,0.9671772175750696,1.039935820690614,1.008775808436466,0.9962435642457084,0.9671772175750696,1.039935820690614,1.008775808436466,0.9962435642457084
4.669776536312849,0.9775377539373024,0.9635549993463828,0.9974015860944088,0.958397147424674,0.8756548630268883,0.9635549993463828,0.9974015860944088,0.958397147424674,0.8756548630268883,0.9635549993463828,0.9974015860944088,0.958397147424674,0.8756548630268883
4.673258845437616,0.9764203617297482,0.9903889383676926,1.005256702480699,0.9245484060174348,0.9644277953729744,0.9903889383676926,1.005256702480699,0.9245484060174348,0.9644277953729744,0.9903889383676926,1.005256702480699,0.9245484060174348,0.9644277953729744
4.676741154562384,0.9754300989632794,0.9835723007348308,0.9306781323774886,0.9462032732914872,1.056923357005651,0.9835723007348308,0.9306781323774886,0.9462032732914872,1.056923357005651,0.9835723007348308,0.9306781323774886,0.9462032732914872,1.056923357005651
4.680223463687151,0.9744487693179,0.9799814146236476,0.9199485894274028,1.018041901326099,0.9240059055763326,0.9799814146236476,0.9199485894274028,1.018041901326099,0.9240059055763326,0.9799814146236476,0.9199485894274028,1.018041901326099,0.9240059055763326
4.683705772811918,0.9739808025307156,0.9901605523303868,1.022515388514391,0.990081692256899,1.010180971531584,0.8841900181619933,1.022515388514391,0.9151202837093884,1.010180971531584,0.6722489498252062,1.022515388514391,0.7651974666143669,1.010180971531584
4.687188081936686,0.9735753046404244,0.9566572406586052,0.9604429357210228,0.9915536598440752,0.9902256140482584,0.9566572406586052,0.9038475109692867,0.9915536598440752,0.9902256140482584,0.9566572406586052,0.7906566614658146,0.9915536598440752,0.9902256140482584
4.690670391061452,0.9733925727445614,0.9806734274876544,0.9815399906014362,0.908707060491968,0.9550825745690148,0.9806734274876544,0.9815399906014362,0.908707060491968,0.9550825745690148,0.9806734274876544,0.9815399906014362,0.908707060491968,0.9550825745690148
4.69415270018622,0.973423188349886,0.9869163359369088,0.9716641412601712,0.942750307192189,1.043477889633049,0.9869163359369088,0.9716641412601712,0.942750307192189,1.043477889633049,0.9869163359369088,0.9716641412601712,0.942750307192189,1.043477889633049
4.697635009310988,0.9735481537940832,0.9594344219934988,0.972049554281205,1.022602446325556,0.9313469848622212,0.9594344219934988,0.972049554281205,1.022602446325556,0.9313469848622212,0.9594344219934988,0.972049554281205,1.022602446325556,0.9313469848622212
4.701117318435754,0.974078143026078,0.9758656306110928,0.9981882060346584,0.9982865262181236,0.9854934404449442,0.9758656306110928,0.9981882060346584,0.9982865262181236,1.0173629028344693,0.9758656306110928,0.9981882060346584,0.9982865262181236,1.0811018276135196
4.704599627560522,0.9748858401881744,0.9817244933330928,0.9902580112330498,0.975028024965474,0.931909895734582,0.9817244933330928,0.9902580112330498,0.975028024965474,0.931909895734582,0.9817244933330928,0.9902580112330498,0.975028024965474,0.931909895734582
4.708081936685289,0.975728813893032,0.9970982817529472,0.9386579935830954,0.9633634329116222,0.9328239100094032,0.9970982817529472,0.9386579935830954,0.9633634329116222,0.9328239100094032,0.9970982817529472,0.9386579935830954,0.9633634329116222,0.9328239100094032
4.711564245810056,0.976846788696539,0.9683754793332948,0.9909088517821278,0.9456400038772468,0.9495617145197348,0.9683754793332948,0.9909088517821278,0.9456400038772468,0.9495617145197348,0.9683754793332948,0.9909088517821278,0.9456400038772468,0.9495617145197348
4.715046554934823,0.9780692487595888,0.9926416132723338,0.9800615025229308,0.8847315430419966,1.082796450180642,0.9926416132723338,0.9800615025229308,0.8847315430419966,1.1644233596705076,0.9926416132723338,0.9800615025229308,0.8847315430419966,1.327677178650239
4.718528864059591,0.9795927266836104,0.9779042107322556,0.9785202808776474,0.9864088606966276,0.9646019555474163,0.9779042107322556,0.9785202808776474,0.9864088606966276,0.9646019555474163,0.9779042107322556,0.9785202808776474,0.9864088606966276,0.9646019555474163
4.722011173184358,0.9810445380583191,0.976697197489084,1.001304802045523,0.9566419317322752,1.028545347588135,0.976697197489084,1.001304802045523,0.9566419317322752,1.028545347588135,0.976697197489084,1.001304802045523,0.9566419317322752,1.028545347588135
4.725493482309125,0.9828794306983684,0.9854365970183636,0.9841790330385236,0.9254061565963596,0.9932256474459704,0.9854365970183636,0.9841790330385236,0.9254061565963596,0.9932256474459704,0.9854365970183636,0.9841790330385236,0.9254061565963596,0.9932256474459704
4.728975791433892,0.9850286126259936,1.005615509975528,0.9771011486010108,1.00843077363768,0.9587734586243064,0.9626880202218507,0.9771011486010108,1.00843077363768,0.9587734586243064,0.8768330407144963,0.9771011486010108,1.00843077363768,0.9587734586243064
4.732458100558659,0.9872792480424905,0.977137262366091,1.039187150897573,0.9687862449375836,1.04515201433354,0.9275482172081386,0.9317666246834314,0.9687862449375836,1.04515201433354,0.8283701268922339,0.7169255722551484,0.9687862449375836,1.04515201433354
4.735940409683427,0.9894486789281848,1.002662759197085,0.992646559131932,0.8534341990291874,1.061860763423232,0.9840515656016691,0.992646559131932,0.8534341990291874,1.061860763423232,0.9468291784108372,0.992646559131932,0.8534341990291874,1.061860763423232
4.739422718808194,0.99199551497233,0.9798971993649142,1.002267873287409,1.13650328092823,1.022848397188883,0.9798971993649142,1.002267873287409,1.13650328092823,1.022848397188883,0.9798971993649142,1.002267873287409,1.13650328092823,1.022848397188883
4.742905027932961,0.9945941085169548,0.9828767985798796,0.954389368277621,0.9782288209755126,1.11477218884915,0.9828767985798796,0.954389368277621,0.9782288209755126,1.11477218884915,0.9828767985798796,0.954389368277621,0.9782288209755126,1.11477218884915
4.746387337057728,0.997212685956192,1.000169513395689,1.004994070112383,0.981495084859249,0.9844280748698596,1.000169513395689,0.8452475382376177,0.981495084859249,0.9844280748698596,1.000169513395689,0.5257544744880873,0.981495084859249,0.9844280748698596
4.749869646182495,0.9997535066396368,1.007499057411013,0.9971484663924872,1.010687315977755,1.020573030044257,1.007499057411013,0.9971484663924872,1.010687315977755,1.020573030044257,1.007499057411013,0.9971484663924872,1.010687315977755,1.020573030044257
4.753351955307263,1.002616613424833,1.008821968202001,1.012454263735182,0.9644869299582574,1.048891002736929,1.0605685934746623,1.012454263735182,0.9644869299582574,1.048891002736929,1.1640618440199848,1.012454263735182,0.9644869299582574,1.048891002736929
4.75683426443203,1.005431902980771,0.9942835375616612,1.022699244033232,1.006458149358365,0.9936247889511312,0.9942835375616612,1.022699244033232,1.006458149358365,0.9936247889511312,0.9942835375616612,1.022699244033232,1.006458149358365,0.9936247889511312
4.760316573556797,1.008542969075832,0.9978229257225624,1.020433037377311,1.019203992421795,1.070180646090693,0.9978229257225624,1.0434739760139615,1.019203992421795,1.070180646090693,0.9978229257225624,1.0895558532872625,1.019203992421795,1.070180646090693
4.763798882681565,1.011487744626219,1.016137187001005,0.9462678533503618,1.052269581937415,1.144467651019755,0.9529680224493953,0.9462678533503618,1.052269581937415,1.144467651019755,0.8266296933461759,0.9462678533503618,1.052269581937415,1.144467651019755
4.767281191806331,1.01450620623162,1.021734448029665,1.036965163897112,1.020570527927272,0.9494164212744982,1.021734448029665,1.036965163897112,1.020570527927272,0.9494164212744982,1.021734448029665,1.036965163897112,1.020570527927272,0.9494164212744982
4.770763500931099,1.017370996158198,1.022816422906347,1.017141775809788,0.9394081858568204,0.946673279733551,1.022816422906347,1.017141775809788,0.9394081858568204,0.946673279733551,1.022816422906347,1.017141775809788,0.9394081858568204,0.946673279733551
4.774245810055866,1.020231534728041,1.004600488065087,1.048749556366391,0.9634629469522664,0.9923082623998636,1.004600488065087,1.048749556366391,0.9634629469522664,0.9923082623998636,1.004600488065087,1.048749556366391,0.9634629469522664,0.9923082623998636
4.777728119180633,1.023287622956129,1.03159625446367,0.9765072989660448,0.9794652136947318,0.938623270664836,1.03159625446367,0.9765072989660448,0.9794652136947318,0.8228112634415714,1.03159625446367,0.9765072989660448,0.9794652136947318,0.5911872489950423
4.781210428305401,1.026108608199229,1.031526341960121,1.009523224934765,0.991095419974709,1.038727373969686,1.031526341960121,1.009523224934765,0.991095419974709,1.038727373969686,1.031526341960121,1.009523224934765,0.991095419974709,1.038727373969686
4.784692737430168,1.028906009725852,1.038973122505659,1.047378628771923,0.9888813383268736,0.9821843068220572,1.1188913479909606,1.047378628771923,0.9888813383268736,0.9821843068220572,1.2787277989615635,1.047378628771923,0.9888813383268736,0.9821843068220572
4.788175046554935,1.031614008343346,1.043032071581554,1.01668998329613,0.944926614142536,1.141953560879176,1.043032071581554,1.01668998329613,0.944926614142536,1.141953560879176,1.043032071581554,1.01668998329613,0.944926614142536,1.141953560879176
4.791657355679702,1.034000998199738,1.041994204818325,1.029902076072321,1.134483708946448,0.9813874458456284,1.041994204818325,1.029902076072321,1.1309723830522298,0.9813874458456284,1.041994204818325,1.029902076072321,1.1239497312637936,0.9813874458456284
4.79513966480447,1.036672229351026,1.0290099062051281,1.038905936685914,1.076807746617616,1.079122366568066,1.0290099062051281,1.038905936685914,1.076807746617616,1.079122366568066,1.0290099062051281,1.038905936685914,1.076807746617616,1.079122366568066
4.798621973929237,1.039058948396773,1.041048876068518,1.064302024014082,1.05624732645115,1.0691762955706,1.041048876068518,1.064302024014082,0.964623867822844,1.0691762955706,1.041048876068518,1.064302024014082,0.7813769505662321,1.0691762955706
4.802104283054004,1.041212961354366,1.062662738773574,1.005173547967893,1.025554311650277,1.126232218314284,1.062662738773574,1.026406707277787,1.025554311650277,1.126232218314284,1.062662738773574,1.068873025897575,1.025554311650277,1.126232218314284
4.805586592178772,1.043236146149319,1.039508813752932,1.020859320045224,1.076666635746379,1.053174099450557,1.039508813752932,1.020859320045224,1.076666635746379,1.053174099450557,1.039508813752932,1.020859320045224,1.076666635746379,1.053174099450557
4.809068901303538,1.045051915094136,1.05641738191494,1.016546276576222,1.123098755347944,1.125906003740146,1.05641738191494,1.016546276576222,1.123098755347944,1.125906003740146,1.05641738191494,1.016546276576222,1.123098755347944,1.125906003740146
4.812551210428306,1.046706450727992,1.035229124108025,1.090075482260229,1.04090154804139,0.9585465951856956,1.035229124108025,1.090075482260229,1.04090154804139,0.9585465951856956,1.035229124108025,1.090075482260229,1.04090154804139,0.9585465951856956
4.816033519553073,1.047982690880284,1.048016898533281,0.9890741148066348,1.158710665334266,1.245877976160504,1.048016898533281,1.165572556759271,1.158710665334266,1.227079101770408,1.048016898533281,1.5185694406645434,1.158710665334266,1.1894813529902155
4.81951582867784,1.049316784563737,1.061319278152504,1.066400970610465,1.042375021430979,1.104742827703522,1.061319278152504,1.066400970610465,1.0002940793487536,1.104742827703522,1.061319278152504,1.066400970610465,0.9161321951843029,1.104742827703522
4.822998137802608,1.050280985546063,1.059923668524692,1.061906962878713,0.977096918441028,1.0535113759313,1.059923668524692,1.061906962878713,0.977096918441028,1.0535113759313,1.059923668524692,1.061906962878713,0.977096918441028,1.0535113759313
4.826480446927374,1.050989179997482,1.076375635211501,1.059783337871394,1.1094666772187,1.136564231917859,1.076375635211501,1.059783337871394,1.1094666772187,1.136564231917859,1.076375635211501,1.059783337871394,1.1094666772187,1.136564231917859
4.829962756052142,1.051519411039449,1.035411954029541,1.107620330166295,1.07772940125599,0.9284392369925372,1.035411954029541,1.107620330166295,1.0052136378786352,0.9284392369925372,1.035411954029541,1.107620330166295,0.8601821111239258,0.9284392369925372
4.833445065176909,1.051669785192487,1.066757007921815,1.06164225419967,1.086967593107337,1.071871855906446,1.066757007921815,1.06164225419967,1.086967593107337,1.071871855906446,1.066757007921815,1.06164225419967,1.086967593107337,1.071871855906446
4.836927374301676,1.052447013925978,1.067434493917673,1.014006109468222,0.9587518213938746,1.021943311715373,1.067434493917673,1.014006109468222,0.9587518213938746,1.021943311715373,1.067434493917673,1.014006109468222,0.9587518213938746,1.021943311715373
4.840409683426444,1.05271661528789,1.054584381371684,1.05457463737396,1.060166676954222,1.049389486600601,1.054584381371684,1.05457463737396,1.060166676954222,1.049389486600601,1.054584381371684,1.05457463737396,1.060166676954222,1.049389486600601
4.84389199255121,1.053143050625547,1.054708728240792,1.059825305745117,1.066284388139479,0.9899118025013244,1.054708728240792,1.059825305745117,1.066284388139479,0.9899118025013244,1.054708728240792,1.059825305745117,1.066284388139479,0.9899118025013244
4.847374301675978,1.053799410089312,1.061744931799996,1.072126753811498,1.12106863632408,1.068839775231704,1.061744931799996,1.072126753811498,1.0850421951499265,1.068839775231704,1.061744931799996,1.072126753811498,1.0129893128016196,1.068839775231704
4.850856610800745,1.054245465983782,1.051972196901761,1.041494022644409,1.030957123717384,0.9941352800511588,1.051972196901761,1.041494022644409,1.030957123717384,1.1380496229179164,1.051972196901761,1.041494022644409,1.030957123717384,1.4258783086514317
4.854338919925512,1.054747506252759,1.057873738077576,1.033858401129653,1.093483863470985,1.09015322275965,1.057873738077576,1.0072930363711723,1.093483863470985,1.09015322275965,1.057873738077576,0.9541623068542109,1.093483863470985,1.09015322275965
4.85782122905028,1.055064346972011,1.050403422713824,0.9925782419997128,1.081565324851101,0.9948239072202568,1.050403422713824,0.9925782419997128,1.081565324851101,0.9948239072202568,1.050403422713824,0.9925782419997128,1.081565324851101,0.9948239072202568
4.861303538175047,1.055823548062355,1.060316670285174,1.083698650514099,1.008981755775495,1.089462178410457,1.060316670285174,1.083698650514099,1.008981755775495,1.089462178410457,1.060316670285174,1.083698650514099,1.008981755775495,1.089462178410457
4.864785847299814,1.056317803036747,1.058656875680422,1.026646920220918,1.078975949882238,1.06464060511054,1.058656875680422,0.9868616581540277,1.078975949882238,1.06464060511054,1.058656875680422,0.9072911340202472,1.078975949882238,1.06464060511054
4.868268156424581,1.056828860716863,1.052461691901287,1.108350780562788,1.154324545695596,1.042359279814575,1.052461691901287,1.108350780562788,1.154324545695596,1.042359279814575,1.052461691901287,1.108350780562788,1.154324545695596,1.042359279814575
4.871750465549349,1.057339253836336,1.05737402114297,1.09670213988276,1.003530484339545,0.9891363272348302,1.05737402114297,1.09670213988276,1.003530484339545,0.9891363272348302,1.05737402114297,1.09670213988276,1.003530484339545,0.9891363272348302
4.875232774674116,1.057942797768883,1.072878506487666,1.108961469562594,1.003922472082242,1.083769055285358,1.072878506487666,1.108961469562594,1.003922472082242,1.083769055285358,1.072878506487666,1.108961469562594,1.003922472082242,1.083769055285358
4.878715083798883,1.058529425021319,1.047268197691827,1.013048691775872,1.018482254116814,1.044684650935283,1.047268197691827,1.013048691775872,1.0755409083486123,1.044684650935283,1.047268197691827,1.013048691775872,1.1896582168122092,1.044684650935283
4.882197392923651,1.058974142515025,1.03266685522723,1.121679248091322,1.120487703799608,1.114197069317126,1.03266685522723,1.121679248091322,1.120487703799608,1.114197069317126,1.03266685522723,1.121679248091322,1.120487703799608,1.114197069317126
4.885679702048417,1.059505473020123,1.046594458197264,1.059584877319506,1.069615548586632,1.048808233490057,1.046594458197264,1.059584877319506,1.069615548586632,1.048808233490057,1.046594458197264,1.059584877319506,1.069615548586632,1.048808233490057
4.889162011173185,1.060065793854638,1.051103029589005,1.050024256172325,1.019280329970967,0.9622883746707528,1.051103029589005,1.050024256172325,1.019280329970967,0.9622883746707528,1.051103029589005,1.050024256172325,1.019280329970967,0.9622883746707528
4.892644320297952,1.06079433616327,1.062116685738268,1.063838784161853,0.9792564107139604,1.004134592530136,1.062116685738268,1.063838784161853,0.9792564107139604,1.004134592530136,1.062116685738268,1.063838784161853,0.9792564107139604,1.004134592530136
4.896126629422719,1.061393856731696,1.05875293915654,1.086235307717774,0.9804308526163582,1.046772768857007,1.05875293915654,1.086235307717774,0.9804308526163582,1.046772768857007,1.05875293915654,1.086235307717774,0.9804308526163582,1.046772768857007
4.899608938547487,1.061905614563228,1.058826427184208,1.06154421153005,1.116487446253314,1.118960091110766,1.105890081116998,1.06154421153005,1.116487446253314,1.118960091110766,1.200017388982578,1.06154421153005,1.116487446253314,1.118960091110766
4.903091247672253,1.062588991494938,1.063301786708166,1.069123065798597,1.098034484569244,0.9782170286445692,1.063301786708166,1.069123065798597,1.098034484569244,0.9782170286445692,1.063301786708166,1.069123065798597,1.098034484569244,0.9782170286445692
4.906573556797021,1.063201819300696,1.050835403711068,1.033186148180228,1.036184379139483,1.00907976726404,1.050835403711068,1.033186148180228,1.036184379139483,1.00907976726404,1.050835403711068,1.033186148180228,1.036184379139483,1.00907976726404
4.9100558659217874,1.063789007586275,1.073193414883959,1.037528751362646,1.073205347619789,1.131405632839815,1.073193414883959,1.037528751362646,1.073205347619789,1.131405632839815,1.073193414883959,1.037528751362646,1.073205347619789,1.131405632839815
4.913538175046555,1.064375736183414,1.05634922907766,1.072825389394546,0.887090520479249,1.060818287461259,1.05634922907766,1.072825389394546,0.887090520479249,1.060818287461259,1.05634922907766,1.072825389394546,0.887090520479249,1.060818287461259
4.917020484171323,1.064975843535318,1.069142788942317,1.055390839988988,1.090828180083745,1.00139178114173,1.069142788942317,1.055390839988988,0.9573105623326875,1.00139178114173,1.069142788942317,1.055390839988988,0.6902753268305726,1.00139178114173
4.920502793296089,1.065565928581284,1.072358590306971,1.053746995682373,1.113005225912842,1.090772984771227,1.072358590306971,1.053746995682373,1.113005225912842,1.090772984771227,1.072358590306971,1.053746995682373,1.113005225912842,1.090772984771227
4.923985102420857,1.066248026079476,1.076830317137531,1.086514819219125,1.055220080020602,1.014252824449952,1.076830317137531,1.086514819219125,1.0902010392572798,1.014252824449952,1.076830317137531,1.086514819219125,1.1601629577306358,1.014252824449952
4.927467411545624,1.06695952763612,1.06954433317873,1.086921281594814,1.019899305519963,1.070142155629966,1.06954433317873,1.086921281594814,1.019899305519963,1.070142155629966,1.06954433317873,1.086921281594814,1.019899305519963,1.070142155629966
4.930949720670391,1.067408542027351,1.054888353135168,1.027481816122782,1.050171429832276,1.009600659338873,1.054888353135168,1.027481816122782,1.050171429832276,1.009600659338873,1.054888353135168,1.027481816122782,1.050171429832276,1.009600659338873
4.934432029795158,1.068233922405095,1.077569887255258,1.006129246494246,1.12639928653713,1.199439389005561,1.077569887255258,1.006129246494246,1.12639928653713,1.199439389005561,1.077569887255258,1.006129246494246,1.12639928653713,1.199439389005561
4.937914338919926,1.068657197662103,1.061282767887984,1.14504331073848,1.082445164625242,1.157873957504136,0.9768363289532017,1.14504331073848,1.082445164625242,1.1016727160335853,0.8079434510836374,1.14504331073848,1.082445164625242,0.9892702330924839
4.941396648044693,1.069294065076858,1.077807294140116,1.085460029212368,1.023552620259806,1.130505885035717,0.9668655054160897,1.085460029212368,1.023552620259806,1.130505885035717,0.7449819279680372,1.085460029212368,1.023552620259806,1.130505885035717
4.94487895716946,1.070052520535364,1.073735861117845,1.036211631750243,1.0916323342174,1.099977666720576,1.073735861117845,1.036211631750243,1.0916323342174,1.099977666720576,1.073735861117845,1.036211631750243,1.0916323342174,1.099977666720576
4.948361266294228,1.07080991679504,1.064420801359071,1.110599597313801,1.009147649374246,1.00936309827224,1.064420801359071,1.110599597313801,1.009147649374246,1.00936309827224,1.064420801359071,1.110599597313801,1.009147649374246,1.00936309827224
4.951843575418994,1.071435505000189,1.070302460510313,1.116125389123562,1.026763761446566,1.091111331953589,1.070302460510313,1.116125389123562,1.026763761446566,1.091111331953589,1.070302460510313,1.116125389123562,1.026763761446566,1.091111331953589
4.955325884543762,1.072034857396603,1.061402862610178,1.0413030470176181,1.101487702190397,1.028673810684874,1.061402862610178,1.0413030470176181,1.101487702190397,1.028673810684874,1.061402862610178,1.0413030470176181,1.101487702190397,1.028673810684874
4.95880819366853,1.072744313269563,1.0737245198205,1.036367816942254,1.07467354688424,1.154062633166398,1.0737245198205,1.036367816942254,1.07467354688424,1.154062633166398,1.0737245198205,1.036367816942254,1.07467354688424,1.154062633166398
4.962290502793296,1.073318425057558,1.079954824667835,1.060857006235324,1.099384718700018,1.095175045702893,1.079954824667835,1.060857006235324,1.099384718700018,1.095175045702893,1.079954824667835,1.060857006235324,1.099384718700018,1.095175045702893
4.965772811918064,1.073985118754925,1.064478739629678,1.05716466647875,1.179317621648749,0.9514751504967254,1.064478739629678,1.05716466647875,1.179317621648749,0.9514751504967254,1.064478739629678,1.05716466647875,1.179317621648749,0.9514751504967254
4.969255121042831,1.074625429886104,1.064680846309472,1.053706513711994,1.063399081314666,1.162636317845488,0.952928946119399,1.053706513711994,0.9177475093387651,1.162636317845488,0.7294251457392535,1.053706513711994,0.6264443653869634,1.162636317845488
4.972737430167598,1.0752829100733,1.0840166257222,1.082736225332582,1.097924109423961,1.201532969678416,1.0840166257222,1.082736225332582,1.097924109423961,1.201532969678416,1.0840166257222,1.082736225332582,1.097924109423961,1.201532969678416
4.976219739292365,1.075887924456745,1.063848047517884,1.134869493467747,1.055984037709839,1.109156369769101,1.063848047517884,1.134869493467747,1.055984037709839,1.109156369769101,1.063848047517884,1.134869493467747,1.055984037709839,1.109156369769101
4.979702048417132,1.076545151217982,1.063901766194376,1.066583635725445,1.060887178676191,1.096337805618191,1.063901766194376,1.066583635725445,1.060887178676191,1.096337805618191,1.063901766194376,1.066583635725445,1.060887178676191,1.096337805618191
4.9831843575419,1.07721044119916,1.085668448629714,1.058969853974845,1.063814093814951,1.10931174737737,1.085668448629714,1.058969853974845,1.063814093814951,1.10931174737737,1.085668448629714,1.058969853974845,1.063814093814951,1.10931174737737
4.986666666666667,1.077928075188841,1.069144894689579,1.084462590753703,1.100132494824142,1.228908313282457,1.069144894689579,1.084462590753703,1.100132494824142,1.228908313282457,1.069144894689579,1.084462590753703,1.100132494824142,1.228908313282457
4.990148975791434,1.078447642552846,1.078465637856964,1.092176497365362,1.145030376584389,1.067275156630924,1.078465637856964,1.092176497365362,1.145030376584389,0.9557338318237604,1.078465637856964,1.092176497365362,1.145030376584389,0.732651182209433
4.993631284916201,1.079093137049693,1.083376874961417,1.055790945959258,1.086063360329508,0.9501218810526324,1.081141419142789,1.055790945959258,1.086063360329508,0.9501218810526324,1.076670507505533,1.055790945959258,1.086063360329508,0.9501218810526324
4.997113594040968,1.079695745604932,1.082696221393757,1.072814292382704,1.129853874257523,1.107656362385706,1.2854192974113976,1.072814292382704,1.129853874257523,1.107656362385706,1.6908654494466786,1.072814292382704,1.129853874257523,1.107656362385706
5.000595903165736,1.080292232091155,1.079829482437119,1.080388608673228,1.09814339563075,1.022533022964297,1.079829482437119,1.080388608673228,1.09814339563075,1.022533022964297,1.079829482437119,1.080388608673228,1.09814339563075,1.022533022964297
5.004078212290503,1.080934472004306,1.069984560263048,1.064001088609816,1.041138593717536,1.087650799073813,1.069984560263048,1.064001088609816,1.041138593717536,1.087650799073813,1.069984560263048,1.064001088609816,1.041138593717536,1.087650799073813
5.00756052141527,1.081506049000873,1.091147976658559,1.084841399350784,1.036897092173625,1.028311670246245,1.091147976658559,1.084841399350784,1.036897092173625,1.028311670246245,1.091147976658559,1.084841399350784,1.036897092173625,1.028311670246245
5.011042830540037,1.082119574675682,1.092480602555783,1.030064956918983,1.070805911577104,1.139397468489048,1.092480602555783,1.030064956918983,1.070805911577104,1.139397468489048,1.092480602555783,1.030064956918983,1.070805911577104,1.139397468489048
5.014525139664805,1.082721710634595,1.100310719728772,1.115039141509411,1.206010969266256,1.09257218514267,1.100310719728772,1.115039141509411,1.206010969266256,1.0894291578408566,1.100310719728772,1.115039141509411,1.206010969266256,1.0831431032372296
5.018007448789572,1.083346623263737,1.085066929541343,1.060346680511788,1.121750852276412,1.162329859640741,1.085066929541343,1.060346680511788,1.121750852276412,1.162329859640741,1.085066929541343,1.060346680511788,1.121750852276412,1.162329859640741
5.021489757914339,1.083866450571733,1.094793059185644,1.077984101732477,1.098292609826453,1.064471019242729,1.094793059185644,1.077984101732477,1.098292609826453,1.064471019242729,1.094793059185644,1.077984101732477,1.098292609826453,1.064471019242729
5.024972067039107,1.084498663225297,1.080217159761759,1.047603917849413,1.105908752841045,1.016366445771,1.080217159761759,1.047603917849413,1.105908752841045,1.027021726486774,1.080217159761759,1.047603917849413,1.105908752841045,1.048332287918322
5.028454376163873,1.08504324343187,1.082539105845799,1.118333882789279,1.083182849317855,1.154657284878332,1.2756966999692672,1.0566864175800765,1.083182849317855,1.154657284878332,1.6620118882162034,0.9333914871616713,1.083182849317855,1.154657284878332
5.031936685288641,1.085631128780509,1.112422028414557,1.088192802368977,1.070899548592119,1.025215809504302,1.112422028414557,1.088192802368977,1.070899548592119,0.903215003822732,1.112422028414557,1.088192802368977,1.070899548592119,0.659213392459592
5.035418994413408,1.08609552686306,1.08696258694409,1.117587549802516,0.9694521379586082,1.130835611822477,1.08696258694409,1.117587549802516,0.9694521379586082,1.130835611822477,1.08696258694409,1.117587549802516,0.9694521379586082,1.130835611822477
5.038901303538175,1.086704217185738,1.07729367402546,1.087080884521931,1.100719026114466,1.056581218727239,1.07729367402546,1.087080884521931,1.100719026114466,1.056581218727239,1.07729367402546,1.087080884521931,1.100719026114466,1.056581218727239
5.042383612662943,1.087166421422408,1.091694434511066,1.097867119734792,1.239505114873662,1.134682503452275,1.091694434511066,1.097867119734792,1.239505114873662,1.134682503452275,1.091694434511066,1.097867119734792,1.239505114873662,1.134682503452275
5.04586592178771,1.087696482008493,1.0852545695936,1.091896531973047,1.155594237375813,1.088528094225272,1.0424746687437496,1.091896531973047,1.155594237375813,1.088528094225272,0.956914867044049,1.091896531973047,1.155594237375813,1.088528094225272
5.049348230912477,1.08818121473928,1.081383102881906,1.120379885182837,1.109105173236825,0.9256640432908017,1.081383102881906,1.080143958587062,1.109105173236825,0.9256640432908017,1.081383102881906,0.9996721053955122,1.109105173236825,0.9256640432908017
5.052830540037244,1.088684670740468,1.092253818966842,1.108008909116152,1.112530998319705,1.141352183283976,1.092253818966842,1.108008909116152,1.112530998319705,1.141352183283976,1.092253818966842,1.108008909116152,1.112530998319705,1.141352183283976
5.056312849162012,1.089193903229355,1.084057118335788,1.111397780671773,1.150522030196029,1.099999993684397,1.084057118335788,1.1415242095772729,1.150522030196029,1.099999993684397,1.084057118335788,1.2017770673882726,1.150522030196029,1.099999993684397
5.059795158286779,1.089590439410481,1.0964967055312,1.072638871142457,1.12750474162843,1.080407284276373,0.9792806406088055,1.072638871142457,1.12750474162843,1.080407284276373,0.7448485107640166,1.072638871142457,1.12750474162843,1.080407284276373
5.063277467411546,1.090231481665929,1.094806892263971,1.053872857548172,1.125611940775575,1.079871307563812,1.094806892263971,1.053872857548172,1.125611940775575,1.079871307563812,1.094806892263971,1.053872857548172,1.125611940775575,1.079871307563812
5.066759776536313,1.09045231243538,1.084878354356803,1.102970963539947,1.0788554619479,1.199368218015833,1.084878354356803,1.102970963539947,1.0788554619479,1.2257811082156005,1.084878354356803,1.102970963539947,1.0788554619479,1.2786068886151358
5.07024208566108,1.090854671242466,1.106042157509596,1.107043770828523,1.090456508173218,1.06892988789464,1.106042157509596,1.107043770828523,1.090456508173218,1.06892988789464,1.106042157509596,1.107043770828523,1.090456508173218,1.06892988789464
5.073724394785847,1.091359458268939,1.080809018364746,1.128580143875965,1.173078290367741,1.019090816692919,1.080809018364746,1.128580143875965,1.173078290367741,1.019090816692919,1.080809018364746,1.128580143875965,1.173078290367741,1.019090816692919
5.077206703910615,1.091680765364218,1.095198832791822,1.084543691868175,1.074326551067239,1.090056485751347,1.095198832791822,1.084543691868175,1.074326551067239,1.090056485751347,1.095198832791822,1.084543691868175,1.074326551067239,1.090056485751347
5.080689013035382,1.092023896175404,1.079553490012036,1.096093462350213,1.193848526121676,1.091237850933731,1.079553490012036,1.096093462350213,1.193848526121676,1.091237850933731,1.079553490012036,1.096093462350213,1.193848526121676,1.091237850933731
5.084171322160149,1.092339383766429,1.105134134477457,1.109844175221103,1.080460071815789,1.121739919875707,1.105134134477457,1.109844175221103,1.080460071815789,1.121739919875707,1.105134134477457,1.109844175221103,1.080460071815789,1.121739919875707
5.087653631284916,1.092753123441021,1.102809903097758,1.100641514742111,1.097855204656139,1.091049910236561,1.102809903097758,1.100641514742111,1.097855204656139,1.0452728524803019,1.102809903097758,1.100641514742111,1.097855204656139,0.953718736967784
5.091135940409684,1.092983588276233,1.114875212203591,1.031071914006506,1.151869654460882,1.078330746225486,1.114875212203591,0.9138012074405807,1.151869654460882,1.078330746225486,1.114875212203591,0.6792597943087298,1.151869654460882,1.078330746225486
5.094618249534451,1.093412332277313,1.071628576533711,1.05636920527208,1.166323312496493,1.166478716679551,1.071628576533711,1.05636920527208,1.166323312496493,1.166478716679551,1.071628576533711,1.05636920527208,1.166323312496493,1.166478716679551
5.098100558659218,1.093632068023375,1.105641033427327,1.057978513424879,1.012645993578169,1.058790621031559,1.105641033427327,1.057978513424879,1.012645993578169,1.110263489736998,1.105641033427327,1.057978513424879,1.012645993578169,1.213209227147876
5.101582867783986,1.09379580282443,1.093220534582895,1.097588217384236,1.167963943580657,1.056921309544937,1.093220534582895,1.097588217384236,1.167963943580657,1.056921309544937,1.093220534582895,1.097588217384236,1.167963943580657,1.056921309544937
5.105065176908752,1.094099623447399,1.110849727516917,1.087356755580968,1.023283719782181,1.125832109452808,1.110849727516917,1.087356755580968,1.023283719782181,1.125832109452808,1.110849727516917,1.087356755580968,1.023283719782181,1.125832109452808
5.10854748603352,1.094367721006459,1.081548095444559,1.07615183995296,1.056212586205778,0.9640268504963202,1.081548095444559,1.07615183995296,1.056212586205778,0.9640268504963202,1.081548095444559,1.07615183995296,1.056212586205778,0.9640268504963202
5.112029795158287,1.094592524814625,1.087524064436811,1.049117278282589,1.076317483246625,1.10647650155363,1.087524064436811,1.049117278282589,1.076317483246625,1.10647650155363,1.087524064436811,1.049117278282589,1.076317483246625,1.10647650155363
5.115512104283054,1.094744058372348,1.096152373824347,1.092477790585339,1.191274716641982,1.165962723818416,1.096152373824347,1.092477790585339,1.191274716641982,1.165962723818416,1.096152373824347,1.092477790585339,1.191274716641982,1.165962723818416
5.118994413407822,1.094993350319109,1.080652100716932,1.066031200382883,1.014477613403488,1.145034225123325,1.080652100716932,1.066031200382883,1.014477613403488,1.145034225123325,1.080652100716932,1.066031200382883,1.014477613403488,1.145034225123325
5.122476722532589,1.095043495201276,1.088868953916623,1.115384795810005,1.178362199051054,1.086488970959602,1.088868953916623,1.0400298468619775,1.2988644484129201,1.086488970959602,1.088868953916623,0.8893199489659228,1.5398689471366522,1.086488970959602
5.125959031657356,1.09523335925371,1.084734860743431,1.078669451324042,0.9845126815378952,1.114407318811974,1.084734860743431,1.079250326319649,0.9845126815378952,1.0630666956060049,1.084734860743431,1.080412076310863,0.9845126815378952,0.9603854491940665
5.129441340782123,1.0953385289688,1.087769681930215,1.183535241693296,1.06687847796476,1.100538835458653,1.087769681930215,1.183535241693296,1.06687847796476,1.100538835458653,1.087769681930215,1.183535241693296,1.06687847796476,1.100538835458653
5.132923649906891,1.095420145151523,1.085490525614065,1.109239339722143,1.037228748785983,1.17952076068874,1.0023241498057418,1.1862807195813987,1.037228748785983,1.17952076068874,0.8359913981890953,1.34036347929991,1.037228748785983,1.17952076068874
5.136405959031658,1.095466709017355,1.086923954419232,1.087350423795519,1.128719088365753,1.127567756152553,1.086923954419232,1.087350423795519,1.2983289855506137,1.127567756152553,1.086923954419232,1.087350423795519,1.6375487799203352,1.127567756152553
5.139888268156425,1.09553704058847,1.077421897924709,1.076097616450734,1.141549753418226,1.022338939076968,1.077421897924709,1.076097616450734,1.1457448636435759,1.022338939076968,1.077421897924709,1.076097616450734,1.1541350840942757,1.022338939076968
5.143370577281193,1.095578495902074,1.087153174734548,1.103662572458395,1.029731861898769,1.106702384162734,1.087153174734548,1.103662572458395,1.0170523976953083,1.106702384162734,1.087153174734548,1.103662572458395,0.991693469288387,1.106702384162734
5.146852886405959,1.095603201693393,1.079893314479051,1.075609629200642,1.162514924290174,1.226251797290012,1.079893314479051,1.075609629200642,1.162514924290174,1.226251797290012,1.079893314479051,1.075609629200642,1.162514924290174,1.226251797290012
5.150335195530727,1.09554635304251,1.095271952880808,1.05888352984604,1.111303747020795,1.074072120925492,1.095271952880808,1.05888352984604,1.111303747020795,1.074072120925492,1.095271952880808,1.05888352984604,1.111303747020795,1.074072120925492
5.153817504655493,1.095653671479856,1.08035233561206,1.142064826088755,1.085238511474051,1.06432526069821,1.08035233561206,1.142064826088755,1.085238511474051,1.06432526069821,1.08035233561206,1.142064826088755,1.085238511474051,1.06432526069821
5.157299813780261,1.09546399091395,1.102605980967333,1.121197577450344,1.025554359415272,1.083189677635362,1.102605980967333,1.121197577450344,1.2015846712775518,1.083189677635362,1.102605980967333,1.121197577450344,1.553645295002111,1.083189677635362
5.160782122905028,1.095381694150366,1.082579375994814,1.12354259307963,1.110270318465502,1.2225059664663669,1.082579375994814,1.12354259307963,1.110270318465502,1.2225059664663669,1.082579375994814,1.12354259307963,1.110270318465502,1.2225059664663669
5.164264432029795,1.095381498144615,1.094992233924156,1.142255051762372,1.039330452828295,0.9834144979665548,1.094992233924156,1.142255051762372,1.039330452828295,0.7264191238356643,1.094992233924156,1.142255051762372,1.039330452828295,0.2124283755738836
5.167746741154563,1.095129520754025,1.081363242869971,1.065912511457365,1.062203020538526,1.104427702172408,1.081363242869971,1.065912511457365,1.062203020538526,1.104427702172408,1.081363242869971,1.065912511457365,1.062203020538526,1.104427702172408
5.1712290502793294,1.09496557441044,1.088117606075375,1.075234108684348,1.015678715439389,1.034885738747303,1.0023044344224512,1.075234108684348,1.015678715439389,1.034885738747303,0.8306780911166034,1.075234108684348,1.015678715439389,1.034885738747303
5.174711359404097,1.094793545030811,1.099408455991063,1.131909703790753,0.998550946598692,1.04098078476499,1.0929347805423926,1.131909703790753,0.998550946598692,1.04098078476499,1.0799874296450513,1.131909703790753,0.998550946598692,1.04098078476499
5.178193668528865,1.09464562937548,1.095581500532833,1.078159181014614,1.175165338024231,1.066825843987878,1.0517904635052517,1.078159181014614,1.175165338024231,1.066825843987878,0.9642083894500887,1.078159181014614,1.175165338024231,1.066825843987878
5.181675977653631,1.094449847588048,1.098788207309292,1.056882269853164,1.085369117913844,0.9908390125482373,1.098788207309292,1.056882269853164,1.085369117913844,0.9908390125482373,1.098788207309292,1.056882269853164,1.085369117913844,0.9908390125482373
5.185158286778399,1.094182584787427,1.089110309399697,1.056773952281226,1.052646048849173,1.149469403497177,1.110760543270403,1.056773952281226,1.0726766685152183,1.149469403497177,1.1540610110118152,1.056773952281226,1.112737907847309,1.149469403497177
5.188640595903166,1.093928762597465,1.075656159721649,1.104345976938239,1.139477025921313,1.055381874905558,1.075656159721649,1.104345976938239,0.8753366889583569,1.055381874905558,1.075656159721649,1.104345976938239,0.347056015032445,1.055381874905558
5.192122905027933,1.093673826073607,1.091192112666991,1.082776912611808,1.068996907962636,1.120886952712953,1.1191121106843267,1.082776912611808,1.068996907962636,1.027383426687379,1.1749521067189979,1.082776912611808,1.068996907962636,0.8403763746362309
5.1956052141527,1.093385515425561,1.109241214075589,1.07030717673545,1.008779640421951,1.012257091702778,1.109241214075589,1.07030717673545,1.008779640421951,1.0351596047961407,1.109241214075589,1.07030717673545,1.008779640421951,1.080964630982866
5.199087523277468,1.093175977622878,1.101508733443072,1.108934053381992,1.117807178974786,0.97377248024051,1.101508733443072,1.108934053381992,1.117807178974786,0.97377248024051,1.101508733443072,1.108934053381992,1.117807178974786,0.97377248024051
5.202569832402235,1.092732188117251,1.103673684305849,1.077158165203212,1.15154228649023,1.027862157401387,1.103673684305849,1.077158165203212,1.15154228649023,1.027862157401387,1.103673684305849,1.077158165203212,1.15154228649023,1.027862157401387
5.206052141527002,1.092281296869413,1.096888762859956,1.073625418693299,1.002669533538131,1.110108444488433,1.0834946873545663,1.073625418693299,1.002669533538131,1.110108444488433,1.0567065363437869,1.073625418693299,1.002669533538131,1.110108444488433
5.20953445065177,1.092004044538158,1.103210899221792,1.082255685723115,1.231067952303927,1.027926676454719,1.103210899221792,1.074281534755881,1.231067952303927,1.027926676454719,1.103210899221792,1.0583332328214132,1.231067952303927,1.027926676454719
5.213016759776536,1.091480875874679,1.080607484673664,1.073268578263002,1.112129294968036,1.130221311199854,1.080607484673664,1.073268578263002,1.112129294968036,1.130221311199854,1.080607484673664,1.073268578263002,1.112129294968036,1.130221311199854
5.216499068901304,1.091070415392437,1.082890560266103,1.113888006628799,1.114107160455575,1.192578245180923,1.082890560266103,1.113888006628799,1.114107160455575,1.192578245180923,1.082890560266103,1.113888006628799,1.114107160455575,1.192578245180923
5.219981378026072,1.090667390397349,1.079491443054535,1.094697528249853,1.146585443028137,1.000320376870216,1.079491443054535,1.0936367041592767,1.146585443028137,1.088951062192931,1.079491443054535,1.0915150559781244,1.146585443028137,1.2662124328383608
5.223463687150838,1.090221699403693,1.09419626218843,1.109532238509882,1.123466094370909,0.9870010909123972,1.09419626218843,1.109532238509882,1.123466094370909,0.9870010909123972,1.09419626218843,1.109532238509882,1.123466094370909,0.9870010909123972
5.226945996275606,1.089891237150397,1.092096558337606,1.072177741317025,1.072416050194584,1.103330532101763,1.092096558337606,1.072177741317025,1.072416050194584,1.103330532101763,1.092096558337606,1.072177741317025,1.072416050194584,1.103330532101763
5.230428305400372,1.089232712557674,1.094417109634075,1.084804260279181,1.046786277156302,1.182646010492692,1.1672203451220027,1.084804260279181,1.046786277156302,1.182646010492692,1.3128268160978582,1.084804260279181,1.046786277156302,1.182646010492692
5.23391061452514,1.088709437065167,1.099558495912302,1.081840439611449,1.105501757334108,1.080947109197286,1.099558495912302,1.081840439611449,1.105501757334108,1.041258838370962,1.099558495912302,1.081840439611449,1.105501757334108,0.9618822967183138
5.237392923649907,1.088142190732521,1.091723388812449,1.087030694165758,1.048144078121523,1.068353496315742,1.091723388812449,1.087030694165758,1.048144078121523,1.0443602086921313,1.091723388812449,1.087030694165758,1.048144078121523,0.99637363344491
5.240875232774674,1.087540500483617,1.083765849346978,1.144060729640589,1.076119612693007,0.9762793677176784,0.9043459826408118,1.144060729640589,1.076119612693007,0.9762793677176784,0.5455062492284796,1.144060729640589,1.076119612693007,0.9762793677176784
5.244357541899442,1.086997077474618,1.075937822109716,1.088344480356298,1.022225452706756,1.123222862266493,1.075937822109716,1.0464374980109192,1.022225452706756,1.123222862266493,1.075937822109716,0.9626235333201616,1.022225452706756,1.123222862266493
5.247839851024208,1.086349384029955,1.102346944241152,1.124699508606601,1.085244230713285,1.172902156185247,1.102346944241152,1.124699508606601,1.0739487253892352,1.172902156185247,1.102346944241152,1.124699508606601,1.051357714741136,1.172902156185247
5.251322160148976,1.085689390033114,1.079525594216506,1.088892330180224,1.115445861288773,1.046305916355042,1.079525594216506,1.088892330180224,1.2370339928300436,1.046305916355042,1.079525594216506,1.088892330180224,1.480210255912585,1.046305916355042
5.254804469273743,1.085313016666149,1.070927622231748,1.098812590593481,1.039316516471616,1.040725767383576,1.070927622231748,1.098812590593481,1.039316516471616,1.040725767383576,1.070927622231748,1.098812590593481,1.039316516471616,1.040725767383576
5.25828677839851,1.084485339310639,1.074717682937986,1.106422237851965,0.9860752203067168,1.062714112967548,1.074717682937986,1.106422237851965,0.9860752203067168,1.062714112967548,1.074717682937986,1.106422237851965,0.9860752203067168,1.062714112967548
5.261769087523278,1.083818235447957,1.081377728907295,1.090915503172874,1.03342406188072,1.075401395544029,0.9970720157799658,1.090915503172874,1.03342406188072,1.075401395544029,0.8284605895253077,1.090915503172874,1.03342406188072,1.075401395544029
5.265251396648045,1.083137549891647,1.071459874425762,1.087587727870254,1.161263889569989,1.11018066506821,1.071459874425762,1.087587727870254,1.161263889569989,1.11018066506821,1.071459874425762,1.087587727870254,1.161263889569989,1.11018066506821
5.268733705772812,1.082598589211478,1.086998082974594,1.0591736437891,1.052586491056118,1.049528378332713,1.086998082974594,1.0591736437891,1.052586491056118,1.049528378332713,1.086998082974594,1.0591736437891,1.052586491056118,1.049528378332713
5.272216014897579,1.08183580498555,1.082123638556989,1.079222785616268,1.099369055236476,1.011000975349229,1.082123638556989,1.079222785616268,1.099369055236476,1.0346089597307648,1.082123638556989,1.079222785616268,1.099369055236476,1.0818249284938364
5.275698324022347,1.081084836828219,1.083604429315443,1.014948092304134,1.026672851948241,1.256592225061332,1.083604429315443,1.1326637228590872,1.026672851948241,1.256592225061332,1.083604429315443,1.3680949839689935,1.026672851948241,1.256592225061332
5.279180633147114,1.080230461538639,1.065600920893147,1.066687593865869,1.055687006117415,1.198203252313635,1.065600920893147,1.066687593865869,1.055687006117415,1.198203252313635,1.065600920893147,1.066687593865869,1.055687006117415,1.198203252313635
5.282662942271881,1.079575238267467,1.056571425448169,1.076305161991465,1.041274048911382,1.007421331638584,1.056571425448169,1.076305161991465,1.041274048911382,1.007421331638584,1.056571425448169,1.076305161991465,1.041274048911382,1.007421331638584
5.286145251396649,1.07891814902031,1.077729506441862,1.088473353717422,1.107294278608109,1.103304568176005,1.077729506441862,1.088473353717422,1.107294278608109,1.103304568176005,1.077729506441862,1.088473353717422,1.107294278608109,1.103304568176005
5.289627560521415,1.077916325037154,1.088570717593151,1.060320281606523,1.094317644958858,1.066257841479298,1.088570717593151,1.060320281606523,1.094317644958858,1.066257841479298,1.088570717593151,1.060320281606523,1.094317644958858,1.066257841479298
5.293109869646183,1.077216294692301,1.067455456942277,1.126287102971996,1.050322734007663,1.002856825228839,1.067455456942277,1.0359980570216274,1.050322734007663,1.002856825228839,1.067455456942277,0.8554199651208902,1.050322734007663,1.002856825228839
5.29659217877095,1.076386348940071,1.077447253949337,1.072437776200682,1.038853826575813,1.025681858809318,1.077447253949337,1.072437776200682,1.038853826575813,1.025681858809318,1.077447253949337,1.072437776200682,1.038853826575813,1.025681858809318
5.300074487895717,1.075549719626953,1.061887145490562,1.062440992729812,1.056920922502114,1.119893500943039,1.061887145490562,1.062440992729812,1.056920922502114,1.119893500943039,1.061887145490562,1.062440992729812,1.056920922502114,1.119893500943039
5.303556797020485,1.074567411285682,1.093200423172565,1.074875556436939,1.037168641375068,1.060684813661673,1.093200423172565,1.074875556436939,1.037168641375068,1.060684813661673,1.093200423172565,1.074875556436939,1.037168641375068,1.060684813661673
5.307039106145252,1.073826581524917,1.088432688050395,1.034051591633658,1.131723205611219,1.075415252080567,1.088432688050395,1.034051591633658,1.131723205611219,1.075415252080567,1.088432688050395,1.034051591633658,1.131723205611219,1.075415252080567
5.310521415270019,1.073001257402217,1.081100778572295,1.106991683507224,1.036919857966195,1.080089981962832,1.081100778572295,1.106991683507224,1.036919857966195,1.080089981962832,1.081100778572295,1.106991683507224,1.036919857966195,1.080089981962832
5.314003724394786,1.072132459782243,1.074581676153479,1.025788373891767,1.089075672558305,1.051112902383478,1.074581676153479,1.025788373891767,1.089075672558305,1.051112902383478,1.074581676153479,1.025788373891767,1.089075672558305,1.051112902383478
5.317486033519553,1.071255197436965,1.062163895664683,1.041036727866436,1.104145784812409,1.046402925455968,1.062163895664683,1.041036727866436,1.104145784812409,1.046402925455968,1.062163895664683,1.041036727866436,1.104145784812409,1.046402925455968
5.320968342644321,1.070331634401279,1.083135877730416,1.078424778825976,1.066330166112574,0.931706123918624,1.083135877730416,1.078424778825976,1.0075612816648225,0.931706123918624,1.083135877730416,1.078424778825976,0.8900235127693199,0.931706123918624
5.324450651769087,1.069398787748972,1.089274627771492,1.056066407502897,1.168547138415622,1.001370032382883,1.089274627771492,1.056066407502897,1.168547138415622,1.001370032382883,1.089274627771492,1.056066407502897,1.168547138415622,1.001370032382883
5.327932960893855,1.068530315522247,1.051210681641826,1.081118962671158,0.9406150245607662,1.098553746853996,1.051210681641826,1.081118962671158,0.9406150245607662,1.098553746853996,1.051210681641826,1.081118962671158,0.9406150245607662,1.098553746853996
5.331415270018622,1.067660973773956,1.063263313704536,1.099915039494148,1.11336363368761,0.9901249000407408,1.063263313704536,1.099915039494148,1.11336363368761,0.9901249000407408,1.063263313704536,1.099915039494148,1.11336363368761,0.9901249000407408
5.334897579143389,1.066779548925455,1.049475388616024,1.032347495829083,0.9962079480582549,1.157429315110644,0.9040627920662068,1.032347495829083,0.9962079480582549,1.157429315110644,0.6132375989665724,1.032347495829083,0.9962079480582549,1.157429315110644
5.338379888268157,1.065970647606525,1.065295041144159,1.041526162302293,1.140953036760366,1.101216942942663,0.9793487408275207,1.041526162302293,1.140953036760366,1.101216942942663,0.8074561401942439,1.041526162302293,1.140953036760366,1.101216942942663
5.341862197392924,1.064944348805417,1.068777572304707,1.08434035801679,1.083421835545232,1.031400022243624,1.068777572304707,1.08434035801679,1.083421835545232,1.031400022243624,1.068777572304707,1.08434035801679,1.083421835545232,1.031400022243624
5.345344506517691,1.064088428195539,1.059206405910104,1.069299501988052,1.118905508342394,1.046707001556406,1.059206405910104,1.069299501988052,1.118905508342394,1.046707001556406,1.059206405910104,1.069299501988052,1.118905508342394,1.046707001556406
5.348826815642458,1.063055229969432,1.060211711423247,1.068263575158135,0.998016855374354,0.9471927779421326,1.060211711423247,1.068263575158135,0.998016855374354,0.9471927779421326,1.060211711423247,1.068263575158135,0.998016855374354,0.9471927779421326
5.352309124767226,1.062185677839335,1.084388371008376,1.044041903769735,1.127475892826779,1.089160594098579,1.084388371008376,1.044041903769735,1.127475892826779,1.089160594098579,1.084388371008376,1.044041903769735,1.127475892826779,1.089160594098579
5.355791433891993,1.061312737078081,1.070680325572943,1.068372107540868,0.998616668945594,1.113084781194209,1.070680325572943,1.068372107540868,0.998616668945594,1.113084781194209,1.070680325572943,1.068372107540868,0.998616668945594,1.113084781194209
5.35927374301676,1.060254228138345,1.055284948174986,1.055430809774179,1.111034342103492,1.000066827951727,1.055284948174986,1.055430809774179,1.111034342103492,1.000066827951727,1.055284948174986,1.055430809774179,1.111034342103492,1.000066827951727
5.362756052141528,1.059320372713807,1.062708229565912,1.059697928908686,1.055864112071186,0.9900264680562638,0.9938569927365513,1.059697928908686,1.055864112071186,0.9578063481028937,0.8561545190778297,1.059697928908686,1.055864112071186,0.8933661081961535
5.366238361266294,1.058461620795391,1.054518863531182,1.062204727508646,0.9892640012136772,1.070291182671403,1.054518863531182,1.062204727508646,0.9892640012136772,1.070291182671403,1.054518863531182,1.062204727508646,0.9892640012136772,1.070291182671403
5.369720670391062,1.057469300118905,1.043793977750199,1.107673273167131,1.013899178018429,0.9858079668200256,1.043793977750199,1.107673273167131,1.013899178018429,0.9858079668200256,1.043793977750199,1.107673273167131,1.013899178018429,0.9858079668200256
5.373202979515829,1.056607277617117,1.060861757323495,1.0757160692681491,1.045392179111752,1.080004876842741,1.060861757323495,1.0757160692681491,1.045392179111752,1.080004876842741,1.060861757323495,1.0757160692681491,1.045392179111752,1.080004876842741
5.376685288640596,1.055597609084612,1.046100123253586,1.102198837624083,0.9857083782376552,1.124212131610324,1.046100123253586,1.102198837624083,0.9857083782376552,1.0139702042099004,1.046100123253586,1.102198837624083,0.9857083782376552,0.7934863494090532
5.380167597765364,1.054804443969254,1.035047832061561,1.026285228001832,1.072470648181694,1.159055901934515,1.035047832061561,1.026285228001832,1.072470648181694,1.159055901934515,1.035047832061561,1.026285228001832,1.072470648181694,1.159055901934515
5.383649906890131,1.0537668217525,1.068753734187527,1.098270595107857,1.038448790930752,1.020499349883182,1.068753734187527,1.098270595107857,1.038448790930752,1.020499349883182,1.068753734187527,1.098270595107857,1.038448790930752,1.020499349883182
5.387132216014898,1.052816635574866,1.044067384593686,1.027190520667166,1.033728296468486,1.0434218458791,1.044067384593686,0.8665339744029626,1.033728296468486,1.0434218458791,1.044067384593686,0.5452208818745559,1.033728296468486,1.0434218458791
5.390614525139665,1.051940372283698,1.049161961781723,1.06391120694327,1.065399838598121,1.069057848141288,1.049161961781723,1.06391120694327,1.065399838598121,1.069057848141288,1.049161961781723,1.06391120694327,1.065399838598121,1.069057848141288
5.394096834264432,1.050885329073618,1.048629557909924,1.011471389763747,1.160280744547104,1.083045173118386,1.048629557909924,1.011471389763747,1.3436193084746495,1.083045173118386,1.048629557909924,1.011471389763747,1.7102964363297404,1.083045173118386
5.3975791433892,1.049968232354123,1.052646628420104,1.053742217285275,1.074124912619857,0.9722878002856244,1.052646628420104,1.053742217285275,1.074124912619857,0.9722878002856244,1.052646628420104,1.053742217285275,1.074124912619857,0.9722878002856244
5.401061452513967,1.049198273851647,1.049945035258931,1.050325484793461,1.080915675432263,1.08094843675443,1.049945035258931,1.050325484793461,1.080915675432263,1.08094843675443,1.049945035258931,1.050325484793461,1.080915675432263,1.08094843675443
5.404543761638734,1.048412115774021,1.045944096498505,1.073519467232263,1.125647990970838,1.094790462105028,1.045944096498505,0.8332949671719527,1.125647990970838,1.094790462105028,1.045944096498505,0.3528459670513322,1.125647990970838,1.094790462105028
5.408026070763501,1.047429661931077,1.039810019285552,1.089334206508922,0.9484166760211667,1.120090446825287,1.039810019285552,1.127018606291294,0.9484166760211667,1.1167255923164314,1.039810019285552,1.2023874058560375,0.9484166760211667,1.1099958832987202
5.411508379888268,1.046515483097124,1.040330493686976,1.060041713188487,1.033505939954303,0.9512153494082228,1.040330493686976,1.060041713188487,1.033505939954303,0.9512153494082228,1.040330493686976,1.060041713188487,1.033505939954303,0.9512153494082228
5.414990689013035,1.045644237188263,1.037852449997595,1.100218535671227,1.002245190920283,1.099070158574137,1.037852449997595,1.100218535671227,1.002245190920283,1.0857818230470815,1.037852449997595,1.100218535671227,1.002245190920283,1.0592051519929704
5.418472998137803,1.044857389726174,1.043882585229752,1.004369001930048,1.035626270349788,1.007408243422228,1.043882585229752,1.004369001930048,1.035626270349788,0.9536253893970689,1.043882585229752,1.004369001930048,1.035626270349788,0.8460596813467506
5.42195530726257,1.043886630120274,1.053863446952279,1.01262956166168,1.017126120908323,1.094440721652099,1.053863446952279,1.01262956166168,1.017126120908323,1.094440721652099,1.053863446952279,1.01262956166168,1.017126120908323,1.094440721652099
5.425437616387337,1.042996193024979,1.047185692252033,1.11582462302459,0.9638382821242508,1.012402456378673,1.047185692252033,1.11582462302459,0.9638382821242508,0.8323400102376348,1.047185692252033,1.11582462302459,0.9638382821242508,0.47221511795555815
5.428919925512105,1.042122678099194,1.038332301648541,1.052002957241137,1.042929750378226,1.08893940164915,1.038332301648541,1.052002957241137,1.042929750378226,1.08893940164915,1.038332301648541,1.052002957241137,1.042929750378226,1.08893940164915
5.432402234636871,1.041276504872533,1.047382485779528,1.047925317187516,1.048422202733457,1.013952169900995,1.047382485779528,1.047925317187516,1.048422202733457,1.013952169900995,1.047382485779528,1.047925317187516,1.048422202733457,1.013952169900995
5.435884543761639,1.040339999787763,1.043166870435363,1.087992837073316,1.048222048388246,1.043410769798343,1.043166870435363,1.087992837073316,1.048222048388246,1.043410769798343,1.043166870435363,1.087992837073316,1.048222048388246,1.043410769798343
5.439366852886407,1.039613219817034,1.03474815307025,1.058551511479792,1.05226440146727,1.134194098170821,1.03474815307025,1.058551511479792,1.05226440146727,1.134194098170821,1.03474815307025,1.058551511479792,1.05226440146727,1.134194098170821
5.442849162011173,1.038824506741333,1.067488108389998,1.022591183097729,1.056819871490323,1.015850704375674,1.067488108389998,1.022591183097729,1.056819871490323,1.015850704375674,1.067488108389998,1.022591183097729,1.056819871490323,1.015850704375674
5.446331471135941,1.038068213682573,1.042829391175766,1.027192314574739,1.043095079853019,1.142860716646186,1.042829391175766,1.027192314574739,1.043095079853019,1.142860716646186,1.042829391175766,1.027192314574739,1.043095079853019,1.142860716646186
5.449813780260708,1.037294254369803,1.045943442443678,1.056723002929954,1.065580813140188,1.042164041139319,1.045943442443678,1.056723002929954,1.065580813140188,1.042164041139319,1.045943442443678,1.056723002929954,1.065580813140188,1.042164041139319
5.453296089385475,1.0362392540932721,1.029830677145835,1.033042323386168,1.022915505570953,1.046178003534367,1.029830677145835,1.033042323386168,1.022915505570953,1.046178003534367,1.029830677145835,1.033042323386168,1.022915505570953,1.046178003534367
5.456778398510242,1.035686222997134,1.052798733423875,1.04570109079422,1.107887257073443,0.9947604165526268,1.052798733423875,1.04570109079422,1.107887257073443,0.9947604165526268,1.052798733423875,1.04570109079422,1.107887257073443,0.9947604165526268
5.46026070763501,1.03496126435172,1.029746438181151,1.055577132089799,1.031567457876732,1.017276976032336,1.029746438181151,1.055577132089799,1.031567457876732,1.017276976032336,1.029746438181151,1.055577132089799,1.031567457876732,1.017276976032336
5.463743016759777,1.034241786704251,1.021654044318218,1.066166962588791,0.9590999165245936,0.8927925085346885,1.021654044318218,1.066166962588791,0.9590999165245936,0.8927925085346885,1.021654044318218,1.066166962588791,0.9590999165245936,0.8927925085346885
5.467225325884544,1.033518573840712,1.034195071574092,1.055354024680885,1.043883098801437,1.017314579351902,1.034195071574092,1.055354024680885,1.043883098801437,1.017314579351902,1.034195071574092,1.055354024680885,1.043883098801437,1.017314579351902
5.470707635009312,1.032801783101762,1.051430673751595,1.03841332594626,1.090067717551869,1.012569815635839,1.051430673751595,1.03841332594626,1.090067717551869,1.012569815635839,1.051430673751595,1.03841332594626,1.090067717551869,1.012569815635839
5.474189944134078,1.032083093368016,1.025653933476334,1.028838732682749,1.001749746730538,1.077039553501496,1.025653933476334,1.028838732682749,1.047890287682269,1.077039553501496,1.025653933476334,1.028838732682749,1.1401713695857312,1.077039553501496
5.477672253258846,1.030669974981024,1.02564071092673,0.99362145786237,1.104932583055251,1.124821511797432,1.02564071092673,0.99362145786237,1.104932583055251,1.124821511797432,1.02564071092673,0.99362145786237,1.104932583055251,1.124821511797432
5.481154562383613,1.027721871311265,1.010467061622931,1.055412421656236,1.02873307840061,1.032859718500676,1.010467061622931,1.055412421656236,1.02873307840061,1.0164128968701238,1.010467061622931,1.055412421656236,1.02873307840061,0.9835192536090192
5.48463687150838,1.023850573041774,1.021373405145564,1.022986213388278,1.000624805216069,0.9322976455775894,1.021373405145564,1.022986213388278,1.000624805216069,0.9322976455775894,1.021373405145564,1.022986213388278,1.000624805216069,0.9322976455775894
5.488119180633147,1.018992443885299,1.01506903564056,1.075749482564528,1.051452886075547,0.9035626787705574,1.01506903564056,1.075749482564528,1.051452886075547,0.9035626787705574,1.01506903564056,1.075749482564528,1.051452886075547,0.9035626787705574
5.491601489757914,1.013437014415189,1.016587730915067,1.019618742290939,1.106077460410825,1.090481508196685,1.016587730915067,1.019618742290939,1.106077460410825,1.090481508196685,1.016587730915067,1.019618742290939,1.106077460410825,1.090481508196685
5.495083798882682,1.007093451266907,1.013006328511513,1.030779407511512,0.9030639467865312,0.9181294692249448,1.013006328511513,1.030779407511512,0.9030639467865312,0.9181294692249448,1.013006328511513,1.030779407511512,0.9030639467865312,0.9181294692249448
5.498566108007449,1.000319105206464,0.9958466297866576,1.021310272522259,1.058817321807786,0.9947568106179888,0.9958466297866576,1.021310272522259,1.058817321807786,0.9947568106179888,0.9958466297866576,1.021310272522259,1.058817321807786,0.9947568106179888
5.502048417132216,0.992889795889206,0.977744245046673,0.9518154559340286,0.9965134210453168,0.9462334870359764,0.977744245046673,0.9518154559340286,0.9965134210453168,0.9462334870359764,0.977744245046673,0.9518154559340286,0.9965134210453168,0.9462334870359764
5.505530726256984,0.9850159633099448,0.993538944155256,1.007745864198903,1.038460989184015,1.082048056927972,0.993538944155256,1.007745864198903,1.038460989184015,1.082048056927972,0.993538944155256,1.007745864198903,1.038460989184015,1.082048056927972
5.50901303538175,0.976723815788249,0.9793384311208656,0.9823786635189516,0.992495704655424,0.9316242067960244,0.9793384311208656,0.9823786635189516,0.992495704655424,0.9316242067960244,0.9793384311208656,0.9823786635189516,0.992495704655424,0.9316242067960244
5.512495344506518,0.9679460103844107,0.9665344158546498,0.9657564108567264,0.9287194549558506,0.8884348837609302,0.9665344158546498,0.9657564108567264,0.9287194549558506,0.8884348837609302,0.9665344158546498,0.9657564108567264,0.9287194549558506,0.8884348837609302
5.515977653631285,0.959024055365166,0.9303980728673223,0.9783458614826182,0.9025425817699028,0.9350354265937462,0.9303980728673223,0.9466529493984761,0.9025425817699028,0.9350354265937462,0.9303980728673223,0.8832671252301921,0.9025425817699028,0.9350354265937462
5.519459962756052,0.9494352273178936,0.9478020514033396,0.931040112571194,0.9635364290719844,1.038814679831211,0.9478020514033396,0.931040112571194,0.9635364290719844,1.038814679831211,0.9478020514033396,0.931040112571194,0.9635364290719844,1.038814679831211
5.52294227188082,0.9398258209355822,0.9323454590583004,0.9310043040423456,0.8520975573044921,0.9307878155853228,0.9323454590583004,0.9310043040423456,0.8520975573044921,0.9307878155853228,0.9323454590583004,0.9310043040423456,0.8520975573044921,0.9307878155853228
5.526424581005587,0.9299553040211228,0.9334020162387662,0.931903196684846,0.9490877580477676,0.8844443930031978,0.9334020162387662,0.931903196684846,0.9490877580477676,0.8844443930031978,0.9334020162387662,0.931903196684846,0.9490877580477676,0.8844443930031978
5.529906890130354,0.9198463196668694,0.9026574286135352,0.9019392743818574,0.9681106420370268,0.7912461736424246,0.9026574286135352,0.9364415881914504,0.9681106420370268,0.7912461736424246,0.9026574286135352,1.0054462158106363,0.9681106420370268,0.7912461736424246
5.533389199255121,0.9095512567091194,0.8970250654731283,0.9273445541602794,0.9869882818443628,0.9125715167780308,0.8970250654731283,0.9273445541602794,1.0810873054770422,0.9125715167780308,0.8970250654731283,0.9273445541602794,1.2692853527424013,0.9125715167780308
5.536871508379889,0.8992208516506357,0.9006218397317957,0.9057667000352816,0.837034100656179,0.8486240089515104,0.9006218397317957,0.8687793950492023,0.837034100656179,0.8486240089515104,0.9006218397317957,0.7948047850770439,0.837034100656179,0.8486240089515104
5.540353817504656,0.8889885018983408,0.8858067242920203,0.9189879946075976,0.8775907810932648,0.8623420036117578,0.7504524724403693,0.9189879946075976,0.8775907810932648,0.8623420036117578,0.4797439687370672,0.9189879946075976,0.8775907810932648,0.8623420036117578
5.543836126629423,0.8785695791551614,0.8652038724434136,0.8843828199629663,0.8661210409975264,0.7324049445844315,0.8652038724434136,0.8843828199629663,0.8661210409975264,0.7324049445844315,0.8652038724434136,0.8843828199629663,0.8661210409975264,0.7324049445844315
5.547318435754191,0.8681740164114797,0.8753388399120651,0.9032663809241114,0.9028990071602726,0.8803402903944628,0.8753388399120651,0.9032663809241114,0.9028990071602726,0.8803402903944628,0.8753388399120651,0.9032663809241114,0.9028990071602726,0.8803402903944628
5.550800744878957,0.8579380440410281,0.8641029050094295,0.8064581822787249,0.9082721492478424,0.8562629694889511,0.7457571960289895,0.8064581822787249,0.9082721492478424,0.8562629694889511,0.5090657780681096,0.8064581822787249,0.9082721492478424,0.8562629694889511
5.554283054003725,0.8478169490814746,0.8574475721694471,0.8254423067083516,0.8755586412175929,0.8703009635883753,0.8574475721694471,0.8254423067083516,0.8755586412175929,0.8703009635883753,0.8574475721694471,0.8254423067083516,0.8755586412175929,0.8703009635883753
5.557765363128492,0.837852319499662,0.839697007578945,0.8741647409513204,0.8154790071196417,0.8306537405802431,0.839697007578945,0.8741647409513204,0.8154790071196417,0.8306537405802431,0.839697007578945,0.8741647409513204,0.8154790071196417,0.8306537405802431
5.561247672253259,0.8282207313643463,0.820412352199116,0.8051149562436543,0.8247992281523422,0.8446061064825038,0.820412352199116,0.8051149562436543,0.8247992281523422,0.8446061064825038,0.820412352199116,0.8051149562436543,0.8247992281523422,0.8446061064825038
5.564729981378027,0.8189244678555183,0.823446359373892,0.7619591318325667,0.7300670966516586,0.8087692077428997,0.823446359373892,0.7619591318325667,0.7300670966516586,0.8087692077428997,0.823446359373892,0.7619591318325667,0.7300670966516586,0.8087692077428997
5.568212290502793,0.8101493576178661,0.8306624613508069,0.82351109155006,0.7644019521973946,0.8163441885084819,0.8306624613508069,0.82351109155006,0.7644019521973946,0.8163441885084819,0.8306624613508069,0.82351109155006,0.7644019521973946,0.8163441885084819
5.571694599627561,0.801658360877433,0.8142886618728067,0.7991154065566475,0.8224369967769531,0.9018842027821156,0.8142886618728067,0.7991154065566475,0.8224369967769531,0.9018842027821156,0.8142886618728067,0.7991154065566475,0.8224369967769531,0.9018842027821156
5.575176908752328,0.7935945000665611,0.7967082058118224,0.7516050519396411,0.7498550039067698,0.7661217418596897,0.7967082058118224,0.7516050519396411,0.6239878901295639,0.7661217418596897,0.7967082058118224,0.7516050519396411,0.3722536625751522,0.7661217418596897
5.578659217877095,0.7861210352021569,0.7890425274664241,0.7398635624942642,0.8511350354325931,0.8523994412301538,0.7890425274664241,0.7398635624942642,0.8511350354325931,0.8523994412301538,0.7890425274664241,0.7398635624942642,0.8511350354325931,0.8523994412301538
5.582141527001863,0.7794074000093552,0.790305815925363,0.7590283067144308,0.6872646323809026,0.6811434070522581,0.790305815925363,0.7590283067144308,0.6476897894707792,0.6811434070522581,0.790305815925363,0.7590283067144308,0.568540103650532,0.6811434070522581
5.585623836126629,0.7731036586657803,0.7779470942570942,0.7660620233928969,0.8005077643113409,0.7590132997085649,0.7779470942570942,0.7660620233928969,0.8005077643113409,0.7590132997085649,0.7779470942570942,0.7660620233928969,0.8005077643113409,0.7590132997085649
5.589106145251397,0.7677346167597414,0.7771650786742063,0.7813601668183289,0.7703049029735387,0.7609962777149302,0.7771650786742063,0.7813601668183289,0.7703049029735387,0.7609962777149302,0.7771650786742063,0.7813601668183289,0.7703049029735387,0.7609962777149302
5.592588454376164,0.762996680600511,0.7581543615949929,0.811874119017301,0.7951701213119206,0.8241505068415754,0.7581543615949929,0.811874119017301,0.5870903253012583,0.7943866150343838,0.7581543615949929,0.811874119017301,0.1709307332799338,0.7348588314200005
5.596070763500931,0.7592608056130516,0.7693029730123461,0.7206223102405803,0.7472959938013112,0.750129236205447,0.7693029730123461,0.7206223102405803,0.7472959938013112,0.750129236205447,0.7693029730123461,0.7206223102405803,0.7472959938013112,0.750129236205447
5.599553072625699,0.7560191819532935,0.7536547645761575,0.7570177923984922,0.7704665549501643,0.7887752621014033,1.0604048461650386,0.7570177923984922,0.7704665549501643,0.7887752621014033,1.6739050093428003,0.7570177923984922,0.7704665549501643,0.7887752621014033
5.603035381750466,0.7538932166511754,0.7624223465894151,0.7309343636918522,0.7809740384019229,0.594513582854091,0.7624223465894151,0.7309343636918522,0.7809740384019229,0.594513582854091,0.7624223465894151,0.7309343636918522,0.7809740384019229,0.594513582854091
5.606517690875233,0.7526695520300369,0.7671757370391736,0.7582256606118866,0.7926087818128893,0.7797354410525902,0.7671757370391736,0.7582256606118866,0.7926087818128893,0.7797354410525902,0.7671757370391736,0.7582256606118866,0.7926087818128893,0.7797354410525902
5.61,0.7522989688517777,0.7475349330645946,0.7332385212895046,0.7572312624319191,0.744746415310715,0.7475349330645946,0.7332385212895046,0.7572312624319191,0.744746415310715,0.7475349330645946,0.7332385212895046,0.7572312624319191,0.744746415310715
